sample_id,dice_id,pip_index_in_dice,pip_value,dice_deg,pip_x_mm,pip_y_mm
1,1,1,6,199.0,7.304,-9.073
1,1,2,6,199.0,7.951,-10.965
1,1,3,6,199.0,8.645,-12.881
1,1,4,6,199.0,3.491,-10.523
1,1,5,6,199.0,3.908,-12.411
1,1,6,6,199.0,4.743,-14.068
1,2,1,6,350.5,2.517,9.709
1,2,2,6,350.5,2.931,11.526
1,2,3,6,350.5,3.252,13.743
1,2,4,6,350.5,6.583,9.069
1,2,5,6,350.5,6.739,11.08
1,2,6,6,350.5,7.237,12.921
1,3,1,4,9.6,-13.771,4.14
1,3,2,4,9.6,-14.502,8.039
1,3,3,4,9.6,-9.832,4.737
1,3,4,4,9.6,-10.491,8.922
2,1,1,3,342.7,2.585,-13.212
2,1,2,3,342.7,4.898,-11.941
2,1,3,3,342.7,7.648,-10.651
2,2,1,1,187.4,-11.232,2.395
2,3,1,5,311.5,-6.869,6.419
2,3,2,5,311.5,-3.816,9.397
2,3,3,5,311.5,-3.709,6.543
2,3,4,5,311.5,-4.036,3.688
2,3,5,5,311.5,-1.104,6.398
3,1,1,4,173.2,-1.052,3.116
3,1,2,4,173.2,-1.405,-1.037
3,1,3,4,173.2,-4.946,3.564
3,1,4,4,173.2,-5.411,-0.351
3,2,1,6,258.6,-8.882,-9.331
3,2,2,6,258.6,-6.964,-9.665
3,2,3,6,258.6,-4.978,-10.216
3,2,4,6,258.6,-9.683,-13.182
3,2,5,6,258.6,-7.666,-13.646
3,2,6,6,258.6,-5.879,-13.897
3,3,1,3,105.7,-2.341,8.049
3,3,2,3,105.7,-4.841,9.12
3,3,3,3,105.7,-6.954,10.759
4,1,1,5,321.7,5.194,13.443
4,1,2,5,321.7,7.672,16.416
4,1,3,5,321.7,8.21,13.776
4,1,4,5,321.7,8.502,10.786
4,1,5,5,321.7,10.936,13.949
4,2,1,5,356.6,-6.066,7.739
4,2,2,5,356.6,-5.772,11.462
4,2,3,5,356.6,-3.866,9.367
4,2,4,5,356.6,-1.833,7.394
4,2,5,5,356.6,-2.0,11.332
4,3,1,2,320.2,-6.018,-12.7
4,3,2,2,320.2,-0.603,-12.225
5,1,1,2,217.4,3.043,13.234
5,1,2,2,217.4,2.2,7.676
5,2,1,1,206.9,11.212,-3.851
5,3,1,5,100.4,-8.274,-2.879
5,3,2,5,100.4,-12.3,-3.449
5,3,3,5,100.4,-10.629,-1.13
5,3,4,5,100.4,-8.915,1.084
5,3,5,5,100.4,-12.921,0.324
6,1,1,4,194.2,6.797,12.399
6,1,2,4,194.2,7.698,8.497
6,1,3,4,194.2,2.84,11.335
6,1,4,4,194.2,3.706,7.518
6,2,1,3,1.6,-11.639,-2.578
6,2,2,3,1.6,-9.845,-0.92
6,2,3,3,1.6,-7.819,1.191
6,3,1,4,97.2,-3.396,-13.949
6,3,2,4,97.2,-7.288,-14.342
6,3,3,4,97.2,-3.824,-9.838
6,3,4,4,97.2,-7.798,-10.601
7,1,1,3,189.0,1.393,-3.598
7,1,2,3,189.0,-0.369,-5.79
7,1,3,3,189.0,-1.958,-8.015
7,2,1,6,272.2,-11.783,0.567
7,2,2,6,272.2,-9.586,0.507
7,2,3,6,272.2,-7.864,0.708
7,2,4,6,272.2,-11.622,-3.435
7,2,5,6,272.2,-9.609,-3.211
7,2,6,6,272.2,-7.659,-3.416
7,3,1,6,290.6,2.912,15.471
7,3,2,6,290.6,4.819,16.421
7,3,3,6,290.6,6.741,17.195
7,3,4,6,290.6,4.437,12.075
7,3,5,6,290.6,6.108,12.806
7,3,6,6,290.6,8.054,13.558
8,1,1,6,177.3,9.162,-4.926
8,1,2,6,177.3,9.136,-7.045
8,1,3,6,177.3,8.929,-8.964
8,1,4,6,177.3,5.068,-4.839
8,1,5,6,177.3,5.138,-6.987
8,1,6,6,177.3,5.096,-9.096
8,2,1,5,269.0,-1.0,-11.717
8,2,2,5,269.0,3.029,-12.008
8,2,3,5,269.0,1.099,-13.756
8,2,4,5,269.0,-1.155,-15.744
8,2,5,5,269.0,2.864,-15.945
8,3,1,6,197.6,-5.895,-0.419
8,3,2,6,197.6,-5.306,-2.216
8,3,3,6,197.6,-4.802,-4.089
8,3,4,6,197.6,-9.49,-1.655
8,3,5,6,197.6,-9.05,-3.535
8,3,6,6,197.6,-8.439,-5.419
9,1,1,6,290.4,8.585,1.204
9,1,2,6,290.4,10.47,1.703
9,1,3,6,290.4,12.649,2.417
9,1,4,6,290.4,9.889,-2.629
9,1,5,6,290.4,12.181,-2.113
9,1,6,6,290.4,13.815,-1.417
9,2,1,1,131.6,-13.616,-2.885
9,3,1,5,166.5,14.884,-6.792
9,3,2,5,166.5,13.86,-10.716
9,3,3,5,166.5,12.468,-8.197
9,3,4,5,166.5,11.028,-5.954
9,3,5,5,166.5,10.21,-9.867
10,1,1,6,175.3,2.437,-2.032
10,1,2,6,175.3,2.338,-3.791
10,1,3,6,175.3,2.083,-5.875
10,1,4,6,175.3,-1.528,-1.6
10,1,5,6,175.3,-1.601,-3.538
10,1,6,6,175.3,-1.898,-5.681
10,2,1,1,302.7,-7.764,-0.36
10,3,1,6,166.5,-0.786,14.31
10,3,2,6,166.5,-1.289,12.402
10,3,3,6,166.5,-1.552,10.247
10,3,4,6,166.5,-4.618,15.062
10,3,5,6,166.5,-5.193,13.128
10,3,6,6,166.5,-5.35,11.308
11,1,1,3,23.9,-14.717,4.649
11,1,2,3,23.9,-13.891,7.246
11,1,3,3,23.9,-12.807,9.796
11,2,1,1,132.2,-1.132,15.081
11,3,1,5,135.5,0.744,3.478
11,3,2,5,135.5,-2.287,0.581
11,3,3,5,135.5,-2.197,3.485
11,3,4,5,135.5,-2.306,6.091
11,3,5,5,135.5,-4.964,3.349
12,1,1,1,242.8,6.014,-0.615
12,2,1,6,182.8,-2.045,-11.425
12,2,2,6,182.8,-1.674,-13.45
12,2,3,6,182.8,-1.891,-15.315
12,2,4,6,182.8,-5.951,-11.384
12,2,5,6,182.8,-5.727,-13.569
12,2,6,6,182.8,-5.561,-15.552
12,3,1,6,198.0,-3.337,0.523
12,3,2,6,198.0,-2.899,-1.485
12,3,3,6,198.0,-2.106,-3.447
12,3,4,6,198.0,-7.111,-0.802
12,3,5,6,198.0,-6.509,-2.741
12,3,6,6,198.0,-6.064,-4.478
13,1,1,4,357.2,7.694,-10.834
13,1,2,4,357.2,7.833,-6.882
13,1,3,4,357.2,11.469,-11.125
13,1,4,4,357.2,11.755,-7.183
13,2,1,6,239.8,0.473,-11.116
13,2,2,6,239.8,2.116,-12.148
13,2,3,6,239.8,3.949,-13.098
13,2,4,6,239.8,-1.566,-14.614
13,2,5,6,239.8,0.202,-15.489
13,2,6,6,239.8,1.868,-16.713
13,3,1,1,109.8,-15.521,-0.088
14,1,1,2,347.3,4.1,0.074
14,1,2,2,347.3,8.646,3.134
14,2,1,2,100.0,-7.801,9.808
14,2,2,2,100.0,-12.656,12.987
14,3,1,4,216.7,0.275,9.758
14,3,2,4,216.7,2.707,6.525
14,3,3,4,216.7,-3.022,7.257
14,3,4,4,216.7,-0.494,4.079
15,1,1,4,58.4,-2.482,-12.81
15,1,2,4,58.4,-6.139,-10.649
15,1,3,4,58.4,-0.64,-9.52
15,1,4,4,58.4,-4.301,-7.507
15,2,1,4,168.2,0.298,13.446
15,2,2,4,168.2,-0.513,9.369
15,2,3,4,168.2,-3.598,14.418
15,2,4,4,168.2,-4.525,10.419
15,3,1,4,179.2,12.627,5.487
15,3,2,4,179.2,12.726,1.852
15,3,3,4,179.2,8.936,5.735
15,3,4,4,179.2,8.726,1.637
16,1,1,5,357.1,-12.274,-4.595
16,1,2,5,357.1,-12.141,-0.702
16,1,3,5,357.1,-10.225,-2.864
16,1,4,5,357.1,-8.34,-4.876
16,1,5,5,357.1,-8.14,-0.922
16,2,1,5,107.2,-2.384,12.091
16,2,2,5,107.2,-6.049,11.184
16,2,3,5,107.2,-4.621,13.433
16,2,4,5,107.2,-3.447,16.208
16,2,5,5,107.2,-7.243,14.83
16,3,1,3,75.1,-12.915,3.483
16,3,2,3,75.1,-14.341,5.805
16,3,3,3,75.1,-15.779,8.224
17,1,1,6,124.7,6.65,-1.507
17,1,2,6,124.7,4.948,-2.577
17,1,3,6,124.7,3.581,-3.721
17,1,4,6,124.7,4.224,1.809
17,1,5,6,124.7,2.659,0.629
17,1,6,6,124.7,0.938,-0.52
17,2,1,3,330.3,-12.262,-5.62
17,2,2,3,330.3,-9.292,-4.801
17,2,3,3,330.3,-6.716,-4.096
17,3,1,6,236.6,7.989,-7.013
17,3,2,6,236.6,9.669,-7.988
17,3,3,6,236.6,11.582,-9.115
17,3,4,6,236.6,5.883,-10.275
17,3,5,6,236.6,7.522,-11.287
17,3,6,6,236.6,9.117,-12.707
18,1,1,1,88.3,-4.947,12.376
18,2,1,4,255.4,7.059,-8.786
18,2,2,4,255.4,10.789,-9.576
18,2,3,4,255.4,6.028,-12.488
18,2,4,4,255.4,9.971,-13.459
18,3,1,4,274.4,1.408,12.997
18,3,2,4,274.4,5.237,13.705
18,3,3,4,274.4,1.643,9.117
18,3,4,4,274.4,5.588,9.491
19,1,1,2,239.2,8.758,15.621
19,1,2,2,239.2,10.19,10.193
19,2,1,6,107.8,10.579,-13.087
19,2,2,6,107.8,8.508,-13.492
19,2,3,6,107.8,6.478,-14.353
19,2,4,6,107.8,9.212,-9.211
19,2,5,6,107.8,7.388,-9.789
19,2,6,6,107.8,5.401,-10.542
19,3,1,6,278.2,-17.58,4.181
19,3,2,6,278.2,-15.573,4.389
19,3,3,6,278.2,-13.534,4.862
19,3,4,6,278.2,-17.113,0.312
19,3,5,6,278.2,-15.052,0.563
19,3,6,6,278.2,-13.132,0.813
20,1,1,2,170.8,-1.735,-10.924
20,1,2,2,170.8,-6.391,-14.343
20,2,1,2,313.6,-9.017,3.693
20,2,2,2,313.6,-3.129,3.437
20,3,1,5,154.6,-4.089,-3.978
20,3,2,5,154.6,-6.012,-7.722
20,3,3,5,154.6,-7.099,-4.896
20,3,4,5,154.6,-7.961,-2.263
20,3,5,5,154.6,-9.717,-5.895
21,1,1,4,101.0,-8.452,6.241
21,1,2,4,101.0,-12.291,5.579
21,1,3,4,101.0,-9.155,10.127
21,1,4,4,101.0,-12.926,9.318
21,2,1,2,337.6,-7.536,-1.351
21,2,2,2,337.6,-2.129,1.065
21,3,1,4,153.4,11.195,-3.877
21,3,2,4,153.4,9.353,-7.57
21,3,3,4,153.4,7.718,-2.248
21,3,4,4,153.4,6.015,-5.8
22,1,1,2,124.9,-7.057,-9.216
22,1,2,2,124.9,-12.741,-8.251
22,2,1,6,325.8,3.749,-0.702
22,2,2,6,325.8,5.069,0.985
22,2,3,6,325.8,5.849,2.515
22,2,4,6,325.8,6.895,-2.864
22,2,5,6,325.8,8.053,-1.234
22,2,6,6,325.8,9.439,0.3
22,3,1,4,14.9,0.934,6.209
22,3,2,4,14.9,-0.102,9.832
22,3,3,4,14.9,4.606,6.947
22,3,4,4,14.9,3.719,10.782
23,1,1,1,151.9,-13.519,-2.516
23,2,1,3,205.9,-11.388,8.921
23,2,2,3,205.9,-12.287,6.433
23,2,3,3,205.9,-13.152,3.673
23,3,1,5,1.9,-0.969,-8.065
23,3,2,5,1.9,-1.335,-4.003
23,3,3,5,1.9,0.732,-5.785
23,3,4,5,1.9,3.037,-7.979
23,3,5,5,1.9,2.765,-3.858
24,1,1,5,9.6,-1.775,-5.6
24,1,2,5,9.6,-2.558,-1.427
24,1,3,5,9.6,-0.422,-3.211
24,1,4,5,9.6,2.145,-4.736
24,1,5,5,9.6,1.481,-0.956
24,2,1,6,284.3,13.451,1.46
24,2,2,6,284.3,15.269,1.778
24,2,3,6,284.3,17.446,2.188
24,2,4,6,284.3,14.546,-2.418
24,2,5,6,284.3,16.341,-2.004
24,2,6,6,284.3,18.339,-1.652
24,3,1,5,112.5,2.892,4.459
24,3,2,5,112.5,-1.003,3.103
24,3,3,5,112.5,0.127,5.795
24,3,4,5,112.5,1.135,8.43
24,3,5,5,112.5,-2.368,6.981
25,1,1,4,35.1,6.999,10.785
25,1,2,4,35.1,4.36,14.006
25,1,3,4,35.1,10.221,13.129
25,1,4,4,35.1,8.028,16.512
25,2,1,1,240.8,-5.897,11.914
25,3,1,1,310.4,-12.48,-6.66
26,1,1,5,288.5,0.363,1.321
26,1,2,5,288.5,4.094,2.624
26,1,3,5,288.5,2.894,0.172
26,1,4,5,288.5,1.54,-2.43
26,1,5,5,288.5,5.469,-1.337
26,2,1,5,129.3,13.456,-6.259
26,2,2,5,129.3,10.426,-8.874
26,2,3,5,129.3,10.855,-6.048
26,2,4,5,129.3,10.987,-3.351
26,2,5,5,129.3,7.937,-5.763
26,3,1,2,175.4,15.521,5.238
26,3,2,2,175.4,11.13,1.558
27,1,1,1,64.0,7.726,-11.13
27,2,1,6,30.6,-8.665,2.42
27,2,2,6,30.6,-9.863,4.043
27,2,3,6,30.6,-11.007,5.717
27,2,4,6,30.6,-5.242,4.438
27,2,5,6,30.6,-6.502,6.222
27,2,6,6,30.6,-7.436,7.634
27,3,1,1,51.9,7.539,8.755
28,1,1,6,67.9,-13.009,-8.98
28,1,2,6,67.9,-14.84,-8.379
28,1,3,6,67.9,-16.65,-7.518
28,1,4,6,67.9,-11.579,-5.361
28,1,5,6,67.9,-13.248,-4.856
28,1,6,6,67.9,-15.127,-3.929
28,2,1,6,65.4,7.98,-12.502
28,2,2,6,65.4,6.052,-11.467
28,2,3,6,65.4,4.164,-10.879
28,2,4,6,65.4,9.537,-8.87
28,2,5,6,65.4,7.758,-8.055
28,2,6,6,65.4,5.986,-7.19
28,3,1,5,332.9,-0.021,8.772
28,3,2,5,332.9,1.897,12.258
28,3,3,5,332.9,2.783,9.511
28,3,4,5,332.9,3.659,6.742
28,3,5,5,332.9,5.321,10.412
29,1,1,6,357.7,0.547,9.613
29,1,2,6,357.7,0.566,11.67
29,1,3,6,357.7,0.587,13.493
29,1,4,6,357.7,4.328,9.358
29,1,5,6,357.7,4.535,11.287
29,1,6,6,357.7,4.735,13.576
29,2,1,6,76.7,6.933,-9.204
29,2,2,6,76.7,5.001,-8.765
29,2,3,6,76.7,3.018,-8.284
29,2,4,6,76.7,7.89,-5.421
29,2,5,6,76.7,5.77,-4.8
29,2,6,6,76.7,4.166,-4.556
29,3,1,1,328.4,14.326,-4.571
30,1,1,1,138.4,-2.979,-10.199
30,2,1,6,201.3,-7.15,6.959
30,2,2,6,201.3,-6.363,4.975
30,2,3,6,201.3,-5.317,2.943
30,2,4,6,201.3,-10.789,5.22
30,2,5,6,201.3,-10.025,3.502
30,2,6,6,201.3,-9.36,1.565
30,3,1,4,102.6,-6.072,-5.543
30,3,2,4,102.6,-9.886,-6.532
30,3,3,4,102.6,-6.868,-1.637
30,3,4,4,102.6,-10.915,-2.605
31,1,1,1,235.6,3.81,7.262
31,2,1,1,230.7,-4.51,14.248
31,3,1,3,252.9,-10.355,6.003
31,3,2,3,252.9,-9.072,3.359
31,3,3,3,252.9,-7.72,1.157
32,1,1,3,240.4,-7.164,17.339
32,1,2,3,240.4,-6.34,14.472
32,1,3,3,240.4,-5.51,11.713
32,2,1,2,331.2,0.73,-0.991
32,2,2,2,331.2,6.2,0.579
32,3,1,6,190.2,-5.768,2.418
32,3,2,6,190.2,-5.281,0.273
32,3,3,6,190.2,-5.029,-1.716
32,3,4,6,190.2,-9.819,1.417
32,3,5,6,190.2,-9.335,-0.317
32,3,6,6,190.2,-8.677,-2.164
33,1,1,3,39.5,-7.625,-12.259
33,1,2,3,39.5,-7.136,-9.47
33,1,3,3,39.5,-6.816,-6.659
33,2,1,2,227.0,9.217,4.633
33,2,2,2,227.0,9.186,-0.941
33,3,1,4,274.6,-15.553,-0.642
33,3,2,4,274.6,-11.393,-0.266
33,3,3,4,274.6,-15.017,-4.579
33,3,4,4,274.6,-11.218,-4.336
34,1,1,5,83.2,10.157,3.093
34,1,2,5,83.2,6.147,3.378
34,1,3,5,83.2,8.49,5.282
34,1,4,5,83.2,10.667,7.047
34,1,5,5,83.2,6.589,7.521
34,2,1,1,336.0,0.74,-8.731
34,3,1,3,121.7,1.651,13.381
34,3,2,3,121.7,-1.35,13.96
34,3,3,3,121.7,-4.007,14.61
35,1,1,1,94.3,-2.731,-11.753
35,2,1,4,252.6,-10.668,8.215
35,2,2,4,252.6,-6.89,6.934
35,2,3,4,252.6,-12.019,4.309
35,2,4,4,252.6,-8.247,3.236
35,3,1,5,111.3,-12.284,-4.676
35,3,2,5,111.3,-16.033,-6.128
35,3,3,5,111.3,-15.068,-3.628
35,3,4,5,111.3,-14.104,-1.047
35,3,5,5,111.3,-17.755,-2.258
36,1,1,3,227.8,7.107,-0.636
36,1,2,3,227.8,7.149,-3.555
36,1,3,3,227.8,7.496,-6.21
36,2,1,5,142.0,4.653,12.754
36,2,2,5,142.0,2.306,9.576
36,2,3,5,142.0,1.797,12.618
36,2,4,5,142.0,1.577,15.358
36,2,5,5,142.0,-1.035,12.362
36,3,1,2,277.1,11.704,2.744
36,3,2,2,277.1,15.931,-0.649
37,1,1,3,84.3,10.22,-8.318
37,1,2,3,84.3,8.472,-6.407
37,1,3,3,84.3,6.521,-4.025
37,2,1,3,136.5,-5.702,7.666
37,2,2,3,136.5,-8.569,7.74
37,2,3,3,136.5,-11.282,7.595
37,3,1,2,321.8,0.303,-13.364
37,3,2,2,321.8,5.919,-12.638
38,1,1,3,264.4,0.715,14.521
38,1,2,3,264.4,2.563,12.429
38,1,3,3,264.4,4.245,10.168
38,2,1,2,98.0,-1.156,3.052
38,2,2,2,98.0,-5.89,6.548
38,3,1,2,161.9,4.834,-12.041
38,3,2,2,161.9,-0.364,-14.706
39,1,1,3,42.7,-5.858,3.11
39,1,2,3,42.7,-5.685,6.127
39,1,3,3,42.7,-5.947,8.781
39,2,1,4,110.5,8.154,-4.077
39,2,2,4,110.5,4.29,-5.637
39,2,3,4,110.5,6.563,-0.302
39,2,4,4,110.5,2.647,-2.048
39,3,1,4,206.3,0.567,-11.395
39,3,2,4,206.3,2.252,-14.929
39,3,3,4,206.3,-3.256,-13.357
39,3,4,4,206.3,-1.4,-16.582
40,1,1,6,141.6,1.798,4.035
40,1,2,6,141.6,0.386,2.263
40,1,3,6,141.6,-0.896,0.563
40,1,4,6,141.6,-1.408,6.49
40,1,5,6,141.6,-2.588,4.755
40,1,6,6,141.6,-3.925,3.148
40,2,1,4,25.4,10.42,2.528
40,2,2,4,25.4,8.643,6.082
40,2,3,4,25.4,14.118,4.172
40,2,4,4,25.4,12.51,7.682
40,3,1,1,189.0,-10.104,9.37
41,1,1,6,230.5,-6.35,4.922
41,1,2,6,230.5,-4.955,3.851
41,1,3,6,230.5,-3.522,2.39
41,1,4,6,230.5,-8.861,1.953
41,1,5,6,230.5,-7.633,0.571
41,1,6,6,230.5,-6.092,-0.581
41,2,1,3,60.9,-8.656,-14.803
41,2,2,3,60.9,-9.611,-11.949
41,2,3,3,60.9,-10.342,-9.275
41,3,1,5,146.9,3.019,-12.766
41,3,2,5,146.9,0.73,-16.109
41,3,3,5,146.9,-0.016,-13.257
41,3,4,5,146.9,-0.371,-10.638
41,3,5,5,146.9,-2.536,-13.99
42,1,1,6,31.6,5.726,3.179
42,1,2,6,31.6,4.827,4.892
42,1,3,6,31.6,3.623,6.583
42,1,4,6,31.6,9.254,5.147
42,1,5,6,31.6,7.965,6.868
42,1,6,6,31.6,7.097,8.625
42,2,1,1,8.6,7.854,-3.287
42,3,1,3,350.1,-6.282,-5.27
42,3,2,3,350.1,-4.116,-3.804
42,3,3,3,350.1,-1.783,-2.03
43,1,1,3,85.5,3.875,-9.707
43,1,2,3,85.5,2.292,-7.779
43,1,3,3,85.5,0.475,-5.751
43,2,1,5,182.4,-6.772,-1.714
43,2,2,5,182.4,-6.598,-5.787
43,2,3,5,182.4,-8.64,-3.67
43,2,4,5,182.4,-10.754,-1.853
43,2,5,5,182.4,-10.426,-5.785
43,3,1,1,251.1,10.341,0.386
44,1,1,4,259.2,13.227,8.108
44,1,2,4,259.2,17.112,7.346
44,1,3,4,259.2,12.393,4.077
44,1,4,4,259.2,16.118,3.477
44,2,1,5,44.2,6.116,-8.677
44,2,2,5,44.2,3.515,-5.678
44,2,3,5,44.2,6.314,-5.86
44,2,4,5,44.2,8.956,-5.859
44,2,5,5,44.2,6.396,-2.845
44,3,1,2,295.1,-3.981,-1.722
44,3,2,2,295.1,1.156,-3.826
45,1,1,1,352.8,-6.55,-8.951
45,2,1,2,73.8,13.402,5.833
45,2,2,2,73.8,10.765,11.124
45,3,1,5,335.2,-6.475,-1.001
45,3,2,5,335.2,-4.816,2.402
45,3,3,5,335.2,-3.789,-0.237
45,3,4,5,335.2,-2.875,-2.761
45,3,5,5,335.2,-1.327,0.847
46,1,1,2,37.4,9.883,-12.884
46,1,2,2,37.4,10.719,-7.276
46,2,1,4,277.3,2.629,12.826
46,2,2,4,277.3,6.462,13.33
46,2,3,4,277.3,2.976,8.721
46,2,4,4,277.3,7.162,9.236
46,3,1,3,162.2,2.94,3.645
46,3,2,3,162.2,0.283,2.523
46,3,3,3,162.2,-2.266,1.07
47,1,1,4,100.3,-9.75,8.671
47,1,2,4,100.3,-13.411,7.877
47,1,3,4,100.3,-10.522,12.358
47,1,4,4,100.3,-14.138,11.94
47,2,1,4,199.3,10.063,-5.857
47,2,2,4,199.3,11.582,-9.597
47,2,3,4,199.3,6.385,-7.108
47,2,4,4,199.3,7.323,-10.736
47,3,1,1,89.0,4.251,14.563
48,1,1,2,150.0,1.754,-6.061
48,1,2,2,150.0,-3.664,-7.625
48,2,1,4,356.9,3.142,-1.426
48,2,2,4,356.9,3.309,2.596
48,2,3,4,356.9,7.255,-1.822
48,2,4,4,356.9,7.504,2.474
48,3,1,3,328.0,2.545,-14.389
48,3,2,3,328.0,5.449,-13.575
48,3,3,3,328.0,7.953,-13.03
49,1,1,1,146.0,12.348,-6.399
49,2,1,2,319.3,-12.82,-8.146
49,2,2,2,319.3,-7.045,-7.75
49,3,1,1,149.2,-6.276,-0.764
50,1,1,6,95.6,-5.666,3.371
50,1,2,6,95.6,-7.537,2.963
50,1,3,6,95.6,-9.661,2.612
50,1,4,6,95.6,-6.168,7.144
50,1,5,6,95.6,-8.179,6.888
50,1,6,6,95.6,-9.953,6.703
50,2,1,2,301.1,4.265,-1.098
50,2,2,2,301.1,9.728,-2.471
50,3,1,4,209.1,-0.393,-6.656
50,3,2,4,209.1,1.554,-9.884
50,3,3,4,209.1,-3.816,-8.399
50,3,4,4,209.1,-2.05,-11.985
51,1,1,4,205.0,1.247,9.107
51,1,2,4,205.0,3.021,5.379
51,1,3,4,205.0,-2.481,7.512
51,1,4,4,205.0,-0.699,3.622
51,2,1,4,91.2,7.269,-1.977
51,2,2,4,91.2,3.205,-1.99
51,2,3,4,91.2,7.162,2.163
51,2,4,4,91.2,3.238,1.799
51,3,1,1,162.0,-9.228,10.979
52,1,1,4,141.1,6.544,-9.279
52,1,2,4,141.1,3.923,-12.521
52,1,3,4,141.1,3.428,-7.027
52,1,4,4,141.1,1.131,-9.946
52,2,1,1,22.6,7.353,9.042
52,3,1,1,138.0,-6.131,12.366
53,1,1,5,181.1,-1.403,-0.822
53,1,2,5,181.1,-1.382,-4.852
53,1,3,5,181.1,-3.512,-2.932
53,1,4,5,181.1,-5.344,-1.151
53,1,5,5,181.1,-5.473,-4.987
53,2,1,1,340.6,10.608,10.4
53,3,1,6,195.7,-4.232,-9.628
53,3,2,6,195.7,-3.776,-11.523
53,3,3,6,195.7,-3.157,-13.627
53,3,4,6,195.7,-8.109,-10.74
53,3,5,6,195.7,-7.699,-12.593
53,3,6,6,195.7,-7.103,-14.565
54,1,1,5,316.3,-12.448,-11.334
54,1,2,5,316.3,-9.687,-8.329
54,1,3,5,316.3,-9.578,-10.992
54,1,4,5,316.3,-9.442,-14.024
54,1,5,5,316.3,-6.733,-11.229
54,2,1,6,22.1,-8.144,10.239
54,2,2,6,22.1,-9.038,12.164
54,2,3,6,22.1,-9.639,14.09
54,2,4,6,22.1,-4.379,11.685
54,2,5,6,22.1,-5.176,13.713
54,2,6,6,22.1,-5.909,15.474
54,3,1,5,112.4,8.298,-11.428
54,3,2,5,112.4,4.62,-12.78
54,3,3,5,112.4,5.78,-10.288
54,3,4,5,112.4,6.583,-7.603
54,3,5,5,112.4,2.988,-9.299
55,1,1,5,150.0,17.567,-1.187
55,1,2,5,150.0,15.577,-4.979
55,1,3,5,150.0,14.938,-2.003
55,1,4,5,150.0,14.134,0.771
55,1,5,5,150.0,12.163,-2.747
55,2,1,6,344.8,3.351,-8.948
55,2,2,6,344.8,3.965,-7.035
55,2,3,6,344.8,4.329,-5.166
55,2,4,6,344.8,6.989,-9.979
55,2,5,6,344.8,7.557,-8.023
55,2,6,6,344.8,8.24,-6.015
55,3,1,2,140.8,-1.643,10.353
55,3,2,2,140.8,-7.396,9.562
56,1,1,6,164.8,-1.194,16.697
56,1,2,6,164.8,-1.817,14.846
56,1,3,6,164.8,-2.399,12.786
56,1,4,6,164.8,-5.031,17.71
56,1,5,6,164.8,-5.477,15.614
56,1,6,6,164.8,-5.936,13.746
56,2,1,1,283.8,-15.756,-0.303
56,3,1,1,237.0,14.44,-6.123
57,1,1,1,358.1,10.73,2.238
57,2,1,2,17.6,-10.912,6.432
57,2,2,2,17.6,-8.381,11.767
57,3,1,4,288.6,-0.236,6.077
57,3,2,4,288.6,3.61,7.329
57,3,3,4,288.6,0.912,2.342
57,3,4,4,288.6,4.804,3.715
58,1,1,3,336.4,-6.339,13.326
58,1,2,3,336.4,-3.616,14.334
58,1,3,3,336.4,-0.845,15.248
58,2,1,3,34.4,7.951,5.284
58,2,2,3,34.4,8.427,8.277
58,2,3,3,34.4,8.998,11.227
58,3,1,3,356.0,-1.443,-15.525
58,3,2,3,356.0,0.9,-13.522
58,3,3,3,356.0,2.934,-11.884
59,1,1,2,52.2,-4.77,-11.069
59,1,2,2,52.2,-5.327,-5.397
59,2,1,3,137.3,12.471,9.918
59,2,2,3,137.3,9.575,9.942
59,2,3,3,137.3,6.884,9.751
59,3,1,5,0.1,7.297,-8.624
59,3,2,5,0.1,7.198,-4.52
59,3,3,5,0.1,9.399,-6.439
59,3,4,5,0.1,11.49,-8.618
59,3,5,5,0.1,11.431,-4.456
60,1,1,6,259.8,-5.606,11.682
60,1,2,6,259.8,-3.793,11.486
60,1,3,6,259.8,-1.797,10.981
60,1,4,6,259.8,-6.383,7.839
60,1,5,6,259.8,-4.27,7.413
60,1,6,6,259.8,-2.47,7.068
60,2,1,6,107.5,6.693,-4.385
60,2,2,6,107.5,4.904,-5.26
60,2,3,6,107.5,2.963,-5.726
60,2,4,6,107.5,5.431,-0.765
60,2,5,6,107.5,3.52,-1.222
60,2,6,6,107.5,1.629,-1.754
60,3,1,2,307.4,7.865,-9.03
60,3,2,2,307.4,13.474,-9.874
61,1,1,6,236.9,8.173,1.581
61,1,2,6,236.9,9.867,0.426
61,1,3,6,236.9,11.632,-0.408
61,1,4,6,236.9,6.086,-1.622
61,1,5,6,236.9,7.842,-2.656
61,1,6,6,236.9,9.452,-3.837
61,2,1,1,225.8,0.254,-8.144
61,3,1,6,181.4,-8.866,3.496
61,3,2,6,181.4,-8.889,1.354
61,3,3,6,181.4,-8.749,-0.501
61,3,4,6,181.4,-12.723,3.476
61,3,5,6,181.4,-12.927,1.296
61,3,6,6,181.4,-12.78,-0.538
62,1,1,1,82.7,13.272,-1.475
62,2,1,5,18.4,-14.603,-5.106
62,2,2,5,18.4,-15.924,-1.327
62,2,3,5,18.4,-13.507,-2.604
62,2,4,5,18.4,-10.944,-3.958
62,2,5,5,18.4,-12.133,0.054
62,3,1,2,294.0,-2.441,-13.031
62,3,2,2,294.0,2.706,-15.131
63,1,1,5,107.5,-4.21,-3.93
63,1,2,5,107.5,-8.037,-5.192
63,1,3,5,107.5,-6.851,-2.692
63,1,4,5,107.5,-5.462,0.022
63,1,5,5,107.5,-9.182,-1.148
63,2,1,6,147.1,4.604,-7.67
63,2,2,6,147.1,3.686,-9.067
63,2,3,6,147.1,2.703,-10.772
63,2,4,6,147.1,1.524,-5.27
63,2,5,6,147.1,0.604,-7.089
63,2,6,6,147.1,-0.9,-8.748
63,3,1,4,346.9,-8.912,9.68
63,3,2,4,346.9,-8.009,13.522
63,3,3,4,346.9,-5.107,8.784
63,3,4,4,346.9,-4.001,12.673
64,1,1,1,259.6,12.868,-3.076
64,2,1,1,22.2,-1.627,-6.196
64,3,1,1,354.5,3.653,11.084
65,1,1,5,1.4,-4.449,0.845
65,1,2,5,1.4,-4.599,4.841
65,1,3,5,1.4,-2.659,2.86
65,1,4,5,1.4,-0.633,0.632
65,1,5,5,1.4,-0.708,5.025
65,2,1,3,293.5,7.235,2.582
65,2,2,3,293.5,9.893,1.505
65,2,3,3,293.5,12.74,0.395
65,3,1,6,259.1,3.556,-3.368
65,3,2,6,259.1,5.754,-3.647
65,3,3,6,259.1,7.322,-3.969
65,3,4,6,259.1,2.566,-7.374
65,3,5,6,259.1,4.817,-7.537
65,3,6,6,259.1,6.655,-8.034
66,1,1,3,213.2,-3.736,0.514
66,1,2,3,213.2,-4.264,-2.398
66,1,3,3,213.2,-4.89,-5.146
66,2,1,1,167.4,-10.778,3.74
66,3,1,5,257.2,-4.856,-12.666
66,3,2,5,257.2,-0.966,-13.417
66,3,3,5,257.2,-3.404,-15.063
66,3,4,5,257.2,-5.973,-16.408
66,3,5,5,257.2,-1.865,-17.471
67,1,1,6,319.4,-8.586,-5.095
67,1,2,6,319.4,-7.253,-3.532
67,1,3,6,319.4,-5.887,-2.025
67,1,4,6,319.4,-5.483,-7.813
67,1,5,6,319.4,-4.297,-6.065
67,1,6,6,319.4,-2.879,-4.571
67,2,1,2,115.9,11.512,-6.683
67,2,2,2,115.9,6.328,-4.806
67,3,1,2,225.6,-13.682,-4.351
67,3,2,2,225.6,-13.472,-9.934
68,1,1,4,260.9,1.486,7.745
68,1,2,4,260.9,5.234,7.214
68,1,3,4,260.9,0.667,4.025
68,1,4,4,260.9,4.791,3.268
68,2,1,1,31.7,3.039,-4.163
68,3,1,3,109.1,13.642,-0.87
68,3,2,3,109.1,11.206,0.52
68,3,3,3,109.1,8.768,1.522
69,1,1,2,84.7,9.237,-4.188
69,1,2,2,84.7,5.87,0.2
69,2,1,5,144.8,-4.765,-7.126
69,2,2,5,144.8,-6.935,-10.449
69,2,3,5,144.8,-7.356,-7.505
69,2,4,5,144.8,-7.911,-4.625
69,2,5,5,144.8,-10.33,-8.008
69,3,1,5,205.2,-8.631,5.776
69,3,2,5,205.2,-7.172,2.221
69,3,3,5,205.2,-9.489,3.192
69,3,4,5,205.2,-12.299,4.289
69,3,5,5,205.2,-10.651,0.391
70,1,1,1,139.7,-9.439,11.345
70,2,1,6,30.6,7.737,8.366
70,2,2,6,30.6,6.729,10.047
70,2,3,6,30.6,5.672,11.853
70,2,4,6,30.6,11.248,10.463
70,2,5,6,30.6,10.112,12.084
70,2,6,6,30.6,9.157,13.899
70,3,1,4,247.7,-6.358,4.296
70,3,2,4,247.7,-2.744,2.763
70,3,3,4,247.7,-8.039,0.594
70,3,4,4,247.7,-4.267,-1.041
71,1,1,1,199.2,-4.093,-4.073
71,2,1,6,247.8,11.079,9.084
71,2,2,6,247.8,13.226,8.33
71,2,3,6,247.8,15.025,7.67
71,2,4,6,247.8,9.89,5.481
71,2,5,6,247.8,11.543,4.484
71,2,6,6,247.8,13.444,3.983
71,3,1,3,185.4,-8.382,7.517
71,3,2,3,185.4,-10.28,5.631
71,3,3,3,185.4,-11.979,3.076
72,1,1,3,280.3,-5.819,4.779
72,1,2,3,280.3,-3.358,2.969
72,1,3,3,280.3,-1.136,1.512
72,2,1,6,342.3,10.019,-1.786
72,2,2,6,342.3,10.384,-0.01
72,2,3,6,342.3,11.05,2.076
72,2,4,6,342.3,13.717,-3.107
72,2,5,6,342.3,14.253,-1.094
72,2,6,6,342.3,14.942,0.772
72,3,1,4,196.0,-5.482,-2.418
72,3,2,4,196.0,-4.58,-6.28
72,3,3,4,196.0,-9.46,-3.288
72,3,4,4,196.0,-8.218,-7.415
73,1,1,2,49.7,-6.836,-14.839
73,1,2,2,49.7,-7.392,-9.218
73,2,1,5,324.5,0.882,1.075
73,2,2,5,324.5,3.151,4.294
73,2,3,5,324.5,3.536,1.681
73,2,4,5,324.5,4.283,-1.339
73,2,5,5,324.5,6.442,1.858
73,3,1,4,125.2,-12.338,-4.224
73,3,2,4,125.2,-15.535,-6.569
73,3,3,4,125.2,-14.684,-0.842
73,3,4,4,125.2,-18.07,-3.496
74,1,1,2,93.9,13.187,5.326
74,1,2,2,93.9,8.864,9.018
74,2,1,2,9.7,-1.628,-7.425
74,2,2,2,9.7,1.734,-2.724
74,3,1,5,293.1,1.808,-12.644
74,3,2,5,293.1,5.391,-11.186
74,3,3,5,293.1,4.343,-13.875
74,3,4,5,293.1,3.225,-16.547
74,3,5,5,293.1,6.894,-14.993
75,1,1,3,12.4,10.059,8.014
75,1,2,3,12.4,11.339,10.468
75,1,3,3,12.4,13.212,12.809
75,2,1,5,297.7,1.183,2.963
75,2,2,5,297.7,4.916,4.709
75,2,3,5,297.7,3.95,2.105
75,2,4,5,297.7,2.971,-0.699
75,2,5,5,297.7,6.759,1.349
75,3,1,4,37.1,5.513,-16.764
75,3,2,4,37.1,3.14,-13.716
75,3,3,4,37.1,8.448,-14.315
75,3,4,4,37.1,6.335,-11.234
76,1,1,6,259.4,6.312,12.048
76,1,2,6,259.4,8.365,11.652
76,1,3,6,259.4,10.35,11.215
76,1,4,6,259.4,5.691,8.091
76,1,5,6,259.4,7.594,7.549
76,1,6,6,259.4,9.717,7.364
76,2,1,5,249.3,-7.125,-3.713
76,2,2,5,249.3,-3.294,-5.234
76,2,3,5,249.3,-6.009,-6.352
76,2,4,5,249.3,-8.36,-7.506
76,2,5,5,249.3,-4.854,-8.688
76,3,1,1,15.8,5.115,-2.227
77,1,1,6,172.1,-9.779,2.69
77,1,2,6,172.1,-10.018,0.726
77,1,3,6,172.1,-10.319,-1.276
77,1,4,6,172.1,-13.525,3.504
77,1,5,6,172.1,-13.95,1.329
77,1,6,6,172.1,-14.366,-0.606
77,2,1,1,95.2,1.716,12.44
77,3,1,3,221.8,1.434,-7.013
77,3,2,3,221.8,1.1,-9.828
77,3,3,3,221.8,0.891,-12.563
78,1,1,2,157.3,-2.958,-3.992
78,1,2,2,157.3,-8.183,-6.208
78,2,1,6,206.1,3.457,1.22
78,2,2,6,206.1,4.486,-0.364
78,2,3,6,206.1,5.396,-2.275
78,2,4,6,206.1,0.073,-0.476
78,2,5,6,206.1,0.752,-2.434
78,2,6,6,206.1,1.912,-4.104
78,3,1,4,320.7,-15.836,7.472
78,3,2,4,320.7,-13.312,10.647
78,3,3,4,320.7,-12.69,5.065
78,3,4,4,320.7,-10.345,8.199
79,1,1,2,26.6,7.071,6.512
79,1,2,2,26.6,9.09,12.032
79,2,1,1,173.0,-4.055,-11.093
79,3,1,3,331.6,-14.324,-8.698
79,3,2,3,331.6,-11.57,-7.608
79,3,3,3,331.6,-9.078,-6.847
80,1,1,2,166.4,12.504,1.146
80,1,2,2,166.4,7.501,-1.903
80,2,1,5,217.2,12.07,-6.731
80,2,2,5,217.2,14.644,-9.823
80,2,3,5,217.2,11.846,-9.587
80,2,4,5,217.2,9.052,-9.089
80,2,5,5,217.2,11.447,-12.434
80,3,1,2,330.8,-9.638,-3.437
80,3,2,2,330.8,-4.118,-1.91
81,1,1,1,284.6,8.127,3.392
81,2,1,6,124.8,-4.245,-4.65
81,2,2,6,124.8,-6.017,-5.47
81,2,3,6,124.8,-7.425,-6.533
81,2,4,6,124.8,-6.36,-1.072
81,2,5,6,124.8,-8.153,-2.146
81,2,6,6,124.8,-9.685,-3.51
81,3,1,6,186.3,11.232,13.863
81,3,2,6,186.3,11.54,11.758
81,3,3,6,186.3,11.677,9.669
81,3,4,6,186.3,7.324,13.402
81,3,5,6,186.3,7.596,11.396
81,3,6,6,186.3,7.69,9.439
82,1,1,5,64.8,-4.148,8.198
82,1,2,5,64.8,-7.779,9.883
82,1,3,5,64.8,-5.147,10.873
82,1,4,5,64.8,-2.357,11.906
82,1,5,5,64.8,-6.061,13.548
82,2,1,5,305.8,-17.333,-5.43
82,2,2,5,305.8,-13.905,-3.226
82,2,3,5,305.8,-14.422,-6.062
82,2,4,5,305.8,-14.68,-8.774
82,2,5,5,305.8,-11.703,-6.576
82,3,1,4,338.7,4.487,4.275
82,3,2,4,338.7,6.097,8.227
82,3,3,4,338.7,8.371,2.975
82,3,4,4,338.7,10.004,6.793
83,1,1,5,306.8,2.967,-6.671
83,1,2,5,306.8,6.214,-3.976
83,1,3,5,306.8,5.682,-6.909
83,1,4,5,306.8,5.408,-9.673
83,1,5,5,306.8,8.569,-7.272
83,2,1,5,232.6,-10.264,7.236
83,2,2,5,232.6,-7.097,4.85
83,2,3,5,232.6,-9.981,4.189
83,2,4,5,232.6,-12.763,4.207
83,2,5,5,232.6,-9.42,1.628
83,3,1,5,66.3,5.102,9.124
83,3,2,5,66.3,1.627,10.757
83,3,3,5,66.3,4.379,11.544
83,3,4,5,66.3,6.822,12.728
83,3,5,5,66.3,3.176,14.102
84,1,1,4,351.9,-2.856,-16.549
84,1,2,4,351.9,-2.405,-12.722
84,1,3,4,351.9,1.186,-17.125
84,1,4,4,351.9,1.577,-13.134
84,2,1,6,9.9,5.565,0.367
84,2,2,6,9.9,5.239,2.488
84,2,3,6,9.9,5.052,4.338
84,2,4,6,9.9,9.778,1.073
84,2,5,6,9.9,9.376,2.904
84,2,6,6,9.9,8.821,4.836
84,3,1,5,352.3,-1.786,13.382
84,3,2,5,352.3,-1.467,17.399
84,3,3,5,352.3,0.481,15.052
84,3,4,5,352.3,2.145,12.926
84,3,5,5,352.3,2.649,16.954
85,1,1,3,343.2,-9.854,-7.487
85,1,2,3,343.2,-7.509,-6.286
85,1,3,3,343.2,-4.854,-4.741
85,2,1,5,193.9,10.883,-6.275
85,2,2,5,193.9,12.145,-10.026
85,2,3,5,193.9,9.61,-8.78
85,2,4,5,193.9,7.26,-7.136
85,2,5,5,193.9,8.103,-11.022
85,3,1,5,7.3,-5.468,10.438
85,3,2,5,7.3,-5.835,14.353
85,3,3,5,7.3,-3.852,12.655
85,3,4,5,7.3,-1.607,10.88
85,3,5,5,7.3,-2.12,14.902
86,1,1,6,71.6,-7.398,-11.556
86,1,2,6,71.6,-9.293,-10.844
86,1,3,6,71.6,-11.512,-9.842
86,1,4,6,71.6,-6.052,-7.482
86,1,5,6,71.6,-8.199,-6.983
86,1,6,6,71.6,-10.053,-6.387
86,2,1,2,66.6,-10.413,0.882
86,2,2,2,66.6,-12.396,6.165
86,3,1,2,86.5,9.656,-9.105
86,3,2,2,86.5,5.907,-4.687
87,1,1,2,82.7,9.406,8.66
87,1,2,2,82.7,5.944,12.973
87,2,1,3,227.1,-10.087,8.801
87,2,2,3,227.1,-10.148,6.03
87,2,3,3,227.1,-10.128,3.274
87,3,1,3,55.4,-1.715,12.839
87,3,2,3,55.4,-1.843,15.447
87,3,3,3,55.4,-2.751,18.138
88,1,1,5,237.3,-14.545,8.271
88,1,2,5,237.3,-11.023,5.769
88,1,3,5,237.3,-13.862,5.582
88,1,4,5,237.3,-16.723,4.78
88,1,5,5,237.3,-13.114,2.792
88,2,1,4,103.0,-4.109,-0.952
88,2,2,4,103.0,-8.269,-1.52
88,2,3,4,103.0,-5.019,3.283
88,2,4,4,103.0,-9.005,2.217
88,3,1,3,62.1,16.453,-1.62
88,3,2,3,62.1,15.615,1.117
88,3,3,3,62.1,14.884,3.755
89,1,1,2,73.8,7.488,-10.108
89,1,2,2,73.8,4.817,-4.994
89,2,1,6,64.7,-9.232,-10.953
89,2,2,6,64.7,-10.92,-10.141
89,2,3,6,64.7,-12.733,-9.366
89,2,4,6,64.7,-7.394,-7.531
89,2,5,6,64.7,-9.185,-6.486
89,2,6,6,64.7,-11.051,-5.704
89,3,1,3,162.5,4.02,13.696
89,3,2,3,162.5,1.748,12.602
89,3,3,3,162.5,-0.91,11.139
90,1,1,5,334.0,-12.479,10.832
90,1,2,5,334.0,-10.695,14.598
90,1,3,5,334.0,-9.877,12.074
90,1,4,5,334.0,-8.955,9.434
90,1,5,5,334.0,-7.262,12.948
90,2,1,2,252.8,12.089,-0.093
90,2,2,2,252.8,14.649,-5.056
90,3,1,4,233.0,5.885,13.847
90,3,2,4,233.0,9.047,11.489
90,3,3,4,233.0,3.573,10.565
90,3,4,4,233.0,6.669,8.191
91,1,1,1,31.5,-7.816,-1.715
91,2,1,3,146.7,14.794,0.415
91,2,2,3,146.7,12.047,-0.362
91,2,3,3,146.7,9.352,-0.882
91,3,1,3,139.2,3.371,0.751
91,3,2,3,139.2,0.584,0.584
91,3,3,3,139.2,-2.199,0.227
92,1,1,5,125.8,-6.413,-6.203
92,1,2,5,125.8,-9.685,-8.529
92,1,3,5,125.8,-9.029,-5.95
92,1,4,5,125.8,-8.921,-2.76
92,1,5,5,125.8,-11.916,-5.355
92,2,1,5,23.8,13.749,-3.269
92,2,2,5,23.8,12.065,-0.021
92,2,3,5,23.8,14.748,-0.8
92,2,4,5,23.8,17.301,-1.859
92,2,5,5,23.8,15.89,1.824
92,3,1,4,190.7,6.909,9.683
92,3,2,4,190.7,7.48,5.828
92,3,3,4,190.7,2.896,8.911
92,3,4,4,190.7,3.685,4.988
93,1,1,5,212.1,1.81,18.017
93,1,2,5,212.1,3.715,14.404
93,1,3,5,212.1,1.139,15.155
93,1,4,5,212.1,-1.538,15.782
93,1,5,5,212.1,0.334,12.553
93,2,1,5,45.1,-14.989,1.571
93,2,2,5,45.1,-18.023,4.441
93,2,3,5,45.1,-14.977,4.546
93,2,4,5,45.1,-12.304,4.593
93,2,5,5,45.1,-15.195,7.531
93,3,1,5,128.6,13.455,1.042
93,3,2,5,128.6,10.356,-1.438
93,3,3,5,128.6,10.688,1.344
93,3,4,5,128.6,10.856,4.285
93,3,5,5,128.6,7.943,1.782
94,1,1,2,7.6,8.331,5.443
94,1,2,2,7.6,11.715,9.796
94,2,1,6,139.9,-9.292,5.682
94,2,2,6,139.9,-10.759,4.255
94,2,3,6,139.9,-11.843,2.532
94,2,4,6,139.9,-12.501,8.215
94,2,5,6,139.9,-13.787,6.88
94,2,6,6,139.9,-14.956,5.209
94,3,1,1,262.6,8.797,-3.376
95,1,1,6,225.5,-3.341,17.313
95,1,2,6,225.5,-1.962,15.867
95,1,3,6,225.5,-0.298,14.646
95,1,4,6,225.5,-6.217,14.433
95,1,5,6,225.5,-4.788,13.08
95,1,6,6,225.5,-3.288,11.73
95,2,1,5,143.4,7.267,6.336
95,2,2,5,143.4,5.029,3.074
95,2,3,5,143.4,4.532,6.001
95,2,4,5,143.4,4.291,8.731
95,2,5,5,143.4,1.995,5.531
95,3,1,6,159.4,-5.773,-5.054
95,3,2,6,159.4,-6.238,-6.882
95,3,3,6,159.4,-6.934,-8.514
95,3,4,6,159.4,-9.173,-3.56
95,3,5,6,159.4,-9.913,-5.425
95,3,6,6,159.4,-10.745,-7.057
96,1,1,3,323.2,-1.2,-1.403
96,1,2,3,323.2,1.741,-0.886
96,1,3,3,323.2,4.421,-0.624
96,2,1,6,217.9,-12.937,6.561
96,2,2,6,217.9,-11.665,4.894
96,2,3,6,217.9,-10.449,3.225
96,2,4,6,217.9,-16.15,3.872
96,2,5,6,217.9,-14.783,2.545
96,2,6,6,217.9,-13.432,0.667
96,3,1,6,25.1,-5.561,-11.59
96,3,2,6,25.1,-6.325,-9.907
96,3,3,6,25.1,-7.044,-7.91
96,3,4,6,25.1,-1.771,-9.878
96,3,5,6,25.1,-2.441,-7.947
96,3,6,6,25.1,-3.655,-6.119
97,1,1,3,79.0,3.957,-8.669
97,1,2,3,79.0,2.484,-6.286
97,1,3,3,79.0,0.811,-4.092
97,2,1,5,2.4,9.111,-6.06
97,2,2,5,2.4,8.951,-1.862
97,2,3,5,2.4,11.206,-4.005
97,2,4,5,2.4,13.176,-5.775
97,2,5,5,2.4,12.765,-1.745
97,3,1,6,22.2,3.195,5.246
97,3,2,6,22.2,2.446,7.41
97,3,3,6,22.2,1.827,9.124
97,3,4,6,22.2,7.148,6.956
97,3,5,6,22.2,6.082,8.703
97,3,6,6,22.2,5.58,10.416
98,1,1,5,230.9,-2.055,14.053
98,1,2,5,230.9,0.869,11.384
98,1,3,5,230.9,-1.643,11.207
98,1,4,5,230.9,-4.599,11.024
98,1,5,5,230.9,-1.678,8.607
98,2,1,2,17.7,-14.693,-6.355
98,2,2,2,17.7,-12.207,-1.202
98,3,1,6,82.1,11.151,-13.112
98,3,2,6,82.1,9.004,-12.972
98,3,3,6,82.1,6.826,-12.547
98,3,4,6,82.1,11.527,-9.248
98,3,5,6,82.1,9.605,-9.058
98,3,6,6,82.1,7.44,-8.727
99,1,1,1,280.9,6.871,-2.353
99,2,1,1,59.3,5.038,-10.812
99,3,1,2,65.9,-9.808,-8.243
99,3,2,2,65.9,-11.881,-2.857
100,1,1,4,231.0,-12.343,-0.187
100,1,2,4,231.0,-9.143,-2.504
100,1,3,4,231.0,-14.759,-3.269
100,1,4,4,231.0,-11.653,-5.783
100,2,1,1,260.1,1.349,15.353
100,3,1,3,38.3,-0.162,-0.7
100,3,2,3,38.3,0.462,2.069
100,3,3,3,38.3,0.659,4.88
101,1,1,2,148.2,-6.768,-9.336
101,1,2,2,148.2,-12.51,-10.775
101,2,1,1,82.9,8.962,-0.985
101,3,1,3,336.4,-4.43,-12.115
101,3,2,3,336.4,-1.559,-11.192
101,3,3,3,336.4,0.843,-10.112
102,1,1,6,168.7,-5.926,-4.328
102,1,2,6,168.7,-6.139,-6.027
102,1,3,6,168.7,-6.571,-8.098
102,1,4,6,168.7,-9.815,-3.446
102,1,5,6,168.7,-10.22,-5.393
102,1,6,6,168.7,-10.523,-7.207
102,2,1,5,129.5,8.353,12.018
102,2,2,5,129.5,5.236,9.484
102,2,3,5,129.5,5.404,12.288
102,2,4,5,129.5,5.789,15.142
102,2,5,5,129.5,2.769,12.614
102,3,1,2,53.4,-8.176,5.381
102,3,2,2,53.4,-8.969,10.913
103,1,1,1,234.0,-8.116,-12.545
103,2,1,1,48.0,7.434,-13.143
103,3,1,2,62.4,-10.564,-2.366
103,3,2,2,62.4,-12.357,3.082
104,1,1,4,248.9,3.103,-12.866
104,1,2,4,248.9,6.802,-14.319
104,1,3,4,248.9,1.591,-16.594
104,1,4,4,248.9,5.267,-18.093
104,2,1,6,143.7,-8.786,-2.661
104,2,2,6,143.7,-10.083,-4.147
104,2,3,6,143.7,-11.221,-5.641
104,2,4,6,143.7,-12.23,-0.15
104,2,5,6,143.7,-13.432,-1.685
104,2,6,6,143.7,-14.304,-3.415
104,3,1,5,43.6,3.039,-1.196
104,3,2,5,43.6,0.289,1.707
104,3,3,5,43.6,3.089,1.501
104,3,4,5,43.6,6.184,1.439
104,3,5,5,43.6,3.215,4.475
105,1,1,1,162.7,-0.33,-4.692
105,2,1,4,255.1,10.943,11.838
105,2,2,4,255.1,14.908,10.655
105,2,3,4,255.1,9.932,7.931
105,2,4,4,255.1,13.883,7.044
105,3,1,6,99.1,-4.848,7.749
105,3,2,6,99.1,-6.8,7.33
105,3,3,6,99.1,-8.791,7.002
105,3,4,6,99.1,-5.531,11.656
105,3,5,6,99.1,-7.561,11.219
105,3,6,6,99.1,-9.372,11.088
106,1,1,4,228.3,13.136,6.724
106,1,2,4,228.3,15.967,3.989
106,1,3,4,228.3,10.435,3.508
106,1,4,4,228.3,13.174,0.967
106,2,1,3,345.9,-6.556,-3.285
106,2,2,3,345.9,-4.03,-2.034
106,2,3,3,345.9,-1.381,-0.627
106,3,1,2,148.3,-11.532,-3.833
106,3,2,2,148.3,-17.091,-5.244
107,1,1,2,344.5,-15.04,-1.181
107,1,2,2,344.5,-10.077,1.466
107,2,1,3,146.0,7.573,3.707
107,2,2,3,146.0,4.628,3.146
107,2,3,3,146.0,1.792,2.56
107,3,1,3,293.7,-3.543,-4.704
107,3,2,3,293.7,-0.736,-5.756
107,3,3,3,293.7,1.862,-6.712
108,1,1,6,309.7,1.166,-5.072
108,1,2,6,309.7,2.728,-3.784
108,1,3,6,309.7,4.357,-2.471
108,1,4,6,309.7,3.737,-8.344
108,1,5,6,309.7,5.001,-6.844
108,1,6,6,309.7,6.765,-5.65
108,2,1,6,322.9,-8.006,-8.831
108,2,2,6,322.9,-6.581,-7.255
108,2,3,6,322.9,-5.389,-5.566
108,2,4,6,322.9,-4.81,-11.357
108,2,5,6,322.9,-3.339,-9.807
108,2,6,6,322.9,-2.325,-8.281
108,3,1,5,184.5,-4.775,3.608
108,3,2,5,184.5,-4.692,-0.466
108,3,3,5,184.5,-6.405,1.388
108,3,4,5,184.5,-8.845,3.313
108,3,5,5,184.5,-8.424,-0.529
109,1,1,4,243.1,10.064,0.838
109,1,2,4,243.1,13.773,-1.051
109,1,3,4,243.1,8.511,-2.694
109,1,4,4,243.1,11.982,-4.506
109,2,1,3,55.5,-13.119,3.006
109,2,2,3,55.5,-13.63,5.805
109,2,3,3,55.5,-14.179,8.335
109,3,1,5,216.5,5.608,13.462
109,3,2,5,216.5,8.135,10.038
109,3,3,5,216.5,5.231,10.588
109,3,4,5,216.5,2.589,10.939
109,3,5,5,216.5,4.93,7.608
110,1,1,2,283.2,3.884,-7.185
110,1,2,2,283.2,8.846,-10.321
110,2,1,5,83.4,6.999,8.521
110,2,2,5,83.4,3.153,8.909
110,2,3,5,83.4,5.286,10.69
110,2,4,5,83.4,7.5,12.597
110,2,5,5,83.4,3.261,13.072
110,3,1,6,249.8,11.288,5.141
110,3,2,6,249.8,13.279,4.338
110,3,3,6,249.8,15.18,3.563
110,3,4,6,249.8,9.88,1.363
110,3,5,6,249.8,11.88,0.704
110,3,6,6,249.8,13.753,-0.001
111,1,1,3,227.7,-3.787,-0.451
111,1,2,3,227.7,-3.74,-3.213
111,1,3,3,227.7,-3.717,-6.052
111,2,1,6,260.5,6.286,4.043
111,2,2,6,260.5,8.067,3.851
111,2,3,6,260.5,9.997,3.527
111,2,4,6,260.5,5.514,0.228
111,2,5,6,260.5,7.679,0.068
111,2,6,6,260.5,9.392,-0.489
111,3,1,6,262.6,13.88,0.003
111,3,2,6,262.6,15.975,-0.109
111,3,3,6,262.6,17.783,-0.323
111,3,4,6,262.6,13.456,-3.795
111,3,5,6,262.6,15.495,-4.258
111,3,6,6,262.6,17.659,-4.326
112,1,1,1,199.5,-13.21,-7.385
112,2,1,4,243.9,6.785,1.704
112,2,2,4,243.9,10.69,0.053
112,2,3,4,243.9,5.213,-1.987
112,2,4,4,243.9,8.77,-3.643
112,3,1,4,248.8,-1.652,2.742
112,3,2,4,248.8,2.314,1.298
112,3,3,4,248.8,-2.836,-0.915
112,3,4,4,248.8,0.845,-2.331
113,1,1,6,217.5,-12.12,9.21
113,1,2,6,217.5,-11.057,7.557
113,1,3,6,217.5,-10.042,6.027
113,1,4,6,217.5,-15.599,7.051
113,1,5,6,217.5,-14.375,5.248
113,1,6,6,217.5,-13.042,3.641
113,2,1,1,189.2,13.412,-6.849
113,3,1,4,30.3,-4.513,-12.213
113,3,2,4,30.3,-6.264,-8.926
113,3,3,4,30.3,-1.086,-10.185
113,3,4,4,30.3,-3.243,-6.73
114,1,1,4,210.9,10.142,-5.536
114,1,2,4,210.9,12.368,-9.074
114,1,3,4,210.9,6.844,-7.506
114,1,4,4,210.9,8.823,-10.914
114,2,1,1,250.6,-3.523,13.482
114,3,1,3,143.5,13.269,7.421
114,3,2,3,143.5,10.456,7.021
114,3,3,3,143.5,7.693,6.673
115,1,1,3,259.8,2.364,4.189
115,1,2,3,259.8,3.853,2.004
115,1,3,3,259.8,5.507,-0.194
115,2,1,5,220.4,4.015,16.581
115,2,2,5,220.4,6.635,13.629
115,2,3,5,220.4,3.928,13.853
115,2,4,5,220.4,1.184,14.083
115,2,5,5,220.4,3.557,11.149
115,3,1,5,236.9,10.293,0.58
115,3,2,5,236.9,13.381,-1.581
115,3,3,5,236.9,10.676,-1.986
115,3,4,5,236.9,8.175,-2.481
115,3,5,5,236.9,11.353,-4.828
116,1,1,2,336.6,6.492,9.867
116,1,2,2,336.6,11.704,11.849
116,2,1,6,122.0,-5.27,-5.924
116,2,2,6,122.0,-6.776,-7.041
116,2,3,6,122.0,-8.851,-8.372
116,2,4,6,122.0,-7.44,-2.643
116,2,5,6,122.0,-9.102,-3.692
116,2,6,6,122.0,-10.692,-4.809
116,3,1,5,195.2,-3.805,5.304
116,3,2,5,195.2,-2.783,1.328
116,3,3,5,195.2,-5.143,3.041
116,3,4,5,195.2,-7.689,4.295
116,3,5,5,195.2,-6.558,0.386
117,1,1,4,51.1,15.172,-5.242
117,1,2,4,51.1,12.049,-2.673
117,1,3,4,51.1,17.721,-2.179
117,1,4,4,51.1,14.638,0.481
117,2,1,2,303.3,3.413,14.651
117,2,2,2,303.3,9.036,13.545
117,3,1,1,53.8,-8.252,-3.826
118,1,1,6,328.8,-12.036,5.414
118,1,2,6,328.8,-11.205,7.2
118,1,3,6,328.8,-9.981,8.907
118,1,4,6,328.8,-8.627,3.344
118,1,5,6,328.8,-7.461,5.246
118,1,6,6,328.8,-6.514,6.804
118,2,1,5,109.0,-12.862,-1.854
118,2,2,5,109.0,-16.64,-3.135
118,2,3,5,109.0,-15.231,-0.781
118,2,4,5,109.0,-14.049,1.9
118,2,5,5,109.0,-17.821,0.547
118,3,1,4,166.9,7.243,3.451
118,3,2,4,166.9,6.55,-0.663
118,3,3,4,166.9,3.542,4.369
118,3,4,4,166.9,2.465,0.379
119,1,1,1,127.7,-15.505,2.414
119,2,1,3,89.6,7.225,-5.401
119,2,2,3,89.6,5.365,-3.488
119,2,3,3,89.6,3.188,-1.355
119,3,1,2,119.4,1.341,-9.986
119,3,2,2,119.4,-4.203,-8.214
120,1,1,5,332.2,12.363,2.219
120,1,2,5,332.2,14.175,5.583
120,1,3,5,332.2,15.056,3.027
120,1,4,5,332.2,15.865,0.413
120,1,5,5,332.2,17.77,3.737
120,2,1,5,312.9,-17.781,1.756
120,2,2,5,312.9,-14.798,4.426
120,2,3,5,312.9,-14.883,1.506
120,2,4,5,312.9,-14.848,-1.305
120,2,5,5,312.9,-11.858,1.619
120,3,1,6,224.0,2.775,5.896
120,3,2,6,224.0,4.038,4.61
120,3,3,6,224.0,5.454,3.243
120,3,4,6,224.0,-0.324,3.128
120,3,5,6,224.0,1.268,1.824
120,3,6,6,224.0,2.476,0.295
121,1,1,5,183.6,3.134,-11.723
121,1,2,5,183.6,3.235,-15.674
121,1,3,5,183.6,1.255,-13.647
121,1,4,5,183.6,-0.804,-11.942
121,1,5,5,183.6,-0.613,-15.834
121,2,1,2,163.0,-6.976,-11.195
121,2,2,2,163.0,-12.0,-14.001
121,3,1,5,332.0,-3.415,-4.972
121,3,2,5,332.0,-1.509,-1.372
121,3,3,5,332.0,-0.699,-4.063
121,3,4,5,332.0,0.218,-6.677
121,3,5,5,332.0,2.025,-3.087
122,1,1,1,50.0,-12.849,-7.941
122,2,1,2,34.2,-5.11,-11.373
122,2,2,2,34.2,-4.107,-5.714
122,3,1,3,194.1,3.651,15.012
122,3,2,3,194.1,2.093,12.9
122,3,3,3,194.1,0.641,10.133
123,1,1,1,193.6,-14.667,4.672
123,2,1,6,12.6,4.935,-10.487
123,2,2,6,12.6,4.536,-8.744
123,2,3,6,12.6,4.329,-6.673
123,2,4,6,12.6,9.034,-9.713
123,2,5,6,12.6,8.466,-7.758
123,2,6,6,12.6,8.02,-5.752
123,3,1,6,93.0,3.522,-17.639
123,3,2,6,93.0,1.536,-17.548
123,3,3,6,93.0,-0.598,-17.803
123,3,4,6,93.0,3.325,-13.709
123,3,5,6,93.0,1.301,-13.731
123,3,6,6,93.0,-0.537,-13.875
124,1,1,1,175.7,-8.404,-0.96
124,2,1,2,354.0,0.324,9.595
124,2,2,2,354.0,4.798,13.247
124,3,1,1,23.1,9.027,-11.523
125,1,1,1,89.9,8.36,2.528
125,2,1,5,0.4,-8.666,-2.606
125,2,2,5,0.4,-8.449,1.319
125,2,3,5,0.4,-6.599,-0.631
125,2,4,5,0.4,-4.514,-2.513
125,2,5,5,0.4,-4.808,1.568
125,3,1,1,11.1,-0.419,14.552
126,1,1,3,25.7,5.45,3.217
126,1,2,3,25.7,6.666,6.087
126,1,3,3,25.7,7.461,8.694
126,2,1,6,242.2,-8.974,13.283
126,2,2,6,242.2,-7.318,12.274
126,2,3,6,242.2,-5.356,11.365
126,2,4,6,242.2,-10.887,9.87
126,2,5,6,242.2,-9.13,8.973
126,2,6,6,242.2,-7.164,8.036
126,3,1,4,156.9,-2.355,-0.793
126,3,2,4,156.9,-3.844,-4.336
126,3,3,4,156.9,-6.015,0.87
126,3,4,4,156.9,-7.436,-2.549
127,1,1,1,303.2,9.567,3.871
127,2,1,2,59.7,-6.569,8.027
127,2,2,2,59.7,-7.99,13.525
127,3,1,2,235.7,4.386,-0.172
127,3,2,2,235.7,5.314,-5.682
128,1,1,2,288.6,0.916,-5.489
128,1,2,2,288.6,6.018,-8.026
128,2,1,1,301.5,-6.25,3.907
128,3,1,1,115.4,-7.321,-10.45
129,1,1,2,345.5,11.821,2.274
129,1,2,2,345.5,16.486,5.472
129,2,1,5,140.3,-7.62,-1.108
129,2,2,5,140.3,-10.187,-4.21
129,2,3,5,140.3,-10.43,-1.394
129,2,4,5,140.3,-10.755,1.214
129,2,5,5,140.3,-13.383,-1.705
129,3,1,4,249.5,1.288,-5.743
129,3,2,4,249.5,5.067,-7.336
129,3,3,4,249.5,-0.191,-9.713
129,3,4,4,249.5,3.778,-11.238
130,1,1,3,132.1,13.142,-5.445
130,1,2,3,132.1,10.417,-5.298
130,1,3,3,132.1,7.762,-5.476
130,2,1,2,290.1,-5.758,-7.787
130,2,2,2,290.1,-0.78,-9.97
130,3,1,5,160.6,6.887,-13.652
130,3,2,5,160.6,5.391,-17.348
130,3,3,5,160.6,4.211,-14.836
130,3,4,5,160.6,2.992,-12.369
130,3,5,5,160.6,1.61,-16.005
131,1,1,4,137.4,7.951,11.132
131,1,2,4,137.4,5.163,8.233
131,1,3,4,137.4,5.007,13.706
131,1,4,4,137.4,2.145,10.617
131,2,1,5,196.3,-3.328,-11.798
131,2,2,5,196.3,-2.212,-15.703
131,2,3,5,196.3,-4.546,-14.369
131,2,4,5,196.3,-7.109,-13.008
131,2,5,5,196.3,-5.938,-16.822
131,3,1,4,352.3,-14.3,3.632
131,3,2,4,352.3,-13.654,7.578
131,3,3,4,352.3,-10.34,3.202
131,3,4,4,352.3,-9.674,7.0
132,1,1,6,149.2,6.283,4.979
132,1,2,6,149.2,5.437,3.414
132,1,3,6,149.2,4.422,1.672
132,1,4,6,149.2,3.042,7.109
132,1,5,6,149.2,2.166,5.429
132,1,6,6,149.2,0.934,3.683
132,2,1,1,296.6,10.564,9.571
132,3,1,6,241.6,9.511,-8.988
132,3,2,6,241.6,11.236,-10.096
132,3,3,6,241.6,13.012,-11.055
132,3,4,6,241.6,7.615,-12.559
132,3,5,6,241.6,9.432,-13.7
132,3,6,6,241.6,10.932,-14.382
133,1,1,4,249.9,-5.748,16.306
133,1,2,4,249.9,-1.865,15.352
133,1,3,4,249.9,-7.132,13.103
133,1,4,4,249.9,-3.248,11.607
133,2,1,6,99.2,-10.206,-8.271
133,2,2,6,99.2,-12.115,-8.653
133,2,3,6,99.2,-14.042,-8.758
133,2,4,6,99.2,-10.775,-4.245
133,2,5,6,99.2,-12.501,-4.64
133,2,6,6,99.2,-14.868,-5.016
133,3,1,1,2.9,-0.017,-5.934
134,1,1,2,310.2,7.245,8.091
134,1,2,2,310.2,12.675,7.581
134,2,1,5,69.3,0.061,6.994
134,2,2,5,69.3,-3.585,8.28
134,2,3,5,69.3,-1.251,9.518
134,2,4,5,69.3,1.417,10.782
134,2,5,5,69.3,-2.3,12.264
134,3,1,3,63.9,6.34,-15.625
134,3,2,3,63.9,5.288,-12.647
134,3,3,3,63.9,4.221,-10.27
135,1,1,4,338.5,0.657,-15.939
135,1,2,4,338.5,2.015,-12.651
135,1,3,4,338.5,4.31,-17.721
135,1,4,4,338.5,5.707,-13.814
135,2,1,5,323.4,7.617,-8.517
135,2,2,5,323.4,9.835,-5.388
135,2,3,5,323.4,10.183,-8.004
135,2,4,5,323.4,10.662,-10.897
135,2,5,5,323.4,12.94,-7.787
135,3,1,1,194.2,6.392,12.542
136,1,1,6,342.3,5.456,-2.384
136,1,2,6,342.3,6.289,-0.395
136,1,3,6,342.3,6.842,1.535
136,1,4,6,342.3,9.151,-3.413
136,1,5,6,342.3,9.894,-1.616
136,1,6,6,342.3,10.639,0.416
136,2,1,3,11.5,-10.87,9.115
136,2,2,3,11.5,-9.793,11.649
136,2,3,3,11.5,-8.004,13.943
136,3,1,2,105.8,-4.027,-10.783
136,3,2,2,105.8,-8.888,-8.21
137,1,1,5,248.7,10.516,1.817
137,1,2,5,248.7,14.275,0.343
137,1,3,5,248.7,11.636,-0.868
137,1,4,5,248.7,9.195,-1.93
137,1,5,5,248.7,12.929,-3.152
137,2,1,2,223.3,-4.054,8.95
137,2,2,2,223.3,-4.302,3.19
137,3,1,6,149.5,5.368,-4.908
137,3,2,6,149.5,4.201,-6.754
137,3,3,6,149.5,3.025,-8.442
137,3,4,6,149.5,1.835,-2.845
137,3,5,6,149.5,0.672,-4.848
137,3,6,6,149.5,-0.265,-6.257
138,1,1,1,347.3,4.162,-3.604
138,2,1,6,304.6,-8.498,-4.635
138,2,2,6,304.6,-6.726,-3.592
138,2,3,6,304.6,-5.271,-2.298
138,2,4,6,304.6,-6.201,-8.086
138,2,5,6,304.6,-4.531,-6.959
138,2,6,6,304.6,-2.723,-5.778
138,3,1,4,51.1,1.493,-15.754
138,3,2,4,51.1,-1.729,-13.292
138,3,3,4,51.1,3.821,-12.551
138,3,4,4,51.1,0.812,-10.159
139,1,1,1,68.3,-5.107,-0.8
139,2,1,2,167.7,10.936,11.948
139,2,2,2,167.7,6.394,8.996
139,3,1,1,345.0,-10.778,5.393
140,1,1,1,268.1,10.011,5.42
140,2,1,3,239.1,-7.488,1.445
140,2,2,3,239.1,-6.77,-1.303
140,2,3,3,239.1,-6.012,-3.833
140,3,1,6,207.3,-12.975,-2.621
140,3,2,6,207.3,-12.094,-4.457
140,3,3,6,207.3,-11.044,-6.219
140,3,4,6,207.3,-16.333,-4.436
140,3,5,6,207.3,-15.412,-6.523
140,3,6,6,207.3,-14.67,-8.18
141,1,1,1,260.9,-7.134,8.419
141,2,1,1,345.0,-6.366,-5.66
141,3,1,6,287.3,2.935,10.875
141,3,2,6,287.3,4.975,11.584
141,3,3,6,287.3,6.852,11.971
141,3,4,6,287.3,4.127,6.942
141,3,5,6,287.3,5.968,7.65
141,3,6,6,287.3,7.974,8.369
142,1,1,2,124.2,5.54,1.292
142,1,2,2,124.2,0.041,2.434
142,2,1,4,272.9,-9.851,3.646
142,2,2,4,272.9,-5.742,3.839
142,2,3,4,272.9,-9.512,-0.177
142,2,4,4,272.9,-5.575,0.015
142,3,1,1,49.9,0.482,-14.143
143,1,1,6,84.6,-3.26,-13.547
143,1,2,6,84.6,-5.226,-13.323
143,1,3,6,84.6,-7.325,-12.929
143,1,4,6,84.6,-2.689,-9.534
143,1,5,6,84.6,-4.961,-9.399
143,1,6,6,84.6,-6.886,-9.209
143,2,1,6,83.2,6.985,3.567
143,2,2,6,83.2,4.811,3.806
143,2,3,6,83.2,2.942,4.147
143,2,4,6,83.2,7.353,7.556
143,2,5,6,83.2,5.156,7.828
143,2,6,6,83.2,3.427,7.975
143,3,1,4,137.7,11.445,-3.574
143,3,2,4,137.7,8.867,-6.41
143,3,3,4,137.7,8.616,-0.612
143,3,4,4,137.7,5.917,-3.549
144,1,1,2,253.9,-7.522,16.849
144,1,2,2,253.9,-4.963,12.05
144,2,1,2,99.8,-9.657,-0.866
144,2,2,2,99.8,-14.112,2.343
144,3,1,3,37.2,9.294,4.83
144,3,2,3,37.2,9.62,7.86
144,3,3,3,37.2,10.067,10.458
145,1,1,3,126.0,8.351,11.094
145,1,2,3,126.0,5.432,11.374
145,1,3,3,126.0,2.726,11.889
145,2,1,5,213.7,12.719,3.832
145,2,2,5,213.7,14.942,0.532
145,2,3,5,213.7,12.337,1.149
145,2,4,5,213.7,9.473,1.726
145,2,5,5,213.7,11.755,-1.787
145,3,1,5,157.9,1.535,-10.42
145,3,2,5,157.9,-0.062,-13.93
145,3,3,5,157.9,-1.181,-11.496
145,3,4,5,157.9,-2.166,-8.668
145,3,5,5,157.9,-3.81,-12.575
146,1,1,6,76.9,-3.275,2.322
146,1,2,6,76.9,-5.49,2.961
146,1,3,6,76.9,-7.358,3.1
146,1,4,6,76.9,-2.451,6.524
146,1,5,6,76.9,-4.366,6.878
146,1,6,6,76.9,-6.213,7.405
146,2,1,6,33.5,-3.035,-18.574
146,2,2,6,33.5,-4.18,-16.526
146,2,3,6,33.5,-5.216,-14.898
146,2,4,6,33.5,0.35,-16.051
146,2,5,6,33.5,-0.856,-14.621
146,2,6,6,33.5,-1.883,-12.774
146,3,1,3,174.8,-12.506,2.891
146,3,2,3,174.8,-14.821,1.13
146,3,3,3,174.8,-16.47,-0.671
147,1,1,5,208.6,1.948,-2.424
147,1,2,5,208.6,3.717,-5.787
147,1,3,5,208.6,1.115,-5.159
147,1,4,5,208.6,-1.736,-4.171
147,1,5,5,208.6,0.378,-7.87
147,2,1,2,69.6,4.146,2.169
147,2,2,2,69.6,1.882,7.207
147,3,1,3,192.2,-8.046,-5.533
147,3,2,3,192.2,-9.739,-8.219
147,3,3,3,192.2,-11.277,-10.433
148,1,1,1,353.0,3.883,10.364
148,2,1,6,292.0,-4.351,1.319
148,2,2,6,292.0,-2.5,2.225
148,2,3,6,292.0,-0.493,2.82
148,2,4,6,292.0,-2.791,-2.341
148,2,5,6,292.0,-1.016,-1.674
148,2,6,6,292.0,0.793,-0.953
148,3,1,4,104.8,11.476,-10.046
148,3,2,4,104.8,7.768,-10.837
148,3,3,4,104.8,10.289,-5.887
148,3,4,4,104.8,6.682,-6.954
149,1,1,4,337.3,-17.056,-8.027
149,1,2,4,337.3,-15.502,-4.272
149,1,3,4,337.3,-13.151,-9.429
149,1,4,4,337.3,-11.88,-5.861
149,2,1,5,201.4,-3.447,7.324
149,2,2,5,201.4,-2.026,3.419
149,2,3,5,201.4,-4.592,4.666
149,2,4,5,201.4,-7.221,5.786
149,2,5,5,201.4,-5.782,1.935
149,3,1,1,118.4,10.175,-10.118
150,1,1,6,268.6,-15.282,8.496
150,1,2,6,268.6,-13.178,8.356
150,1,3,6,268.6,-11.26,8.287
150,1,4,6,268.6,-15.364,4.518
150,1,5,6,268.6,-13.513,4.243
150,1,6,6,268.6,-11.54,4.476
150,2,1,3,245.2,10.083,12.023
150,2,2,3,245.2,11.127,9.356
150,2,3,3,245.2,11.949,6.737
150,3,1,1,154.9,1.511,10.88
151,1,1,5,355.8,1.444,10.847
151,1,2,5,355.8,1.418,14.931
151,1,3,5,355.8,3.474,12.63
151,1,4,5,355.8,5.16,10.4
151,1,5,5,355.8,5.648,14.632
151,2,1,5,339.0,-6.068,-11.061
151,2,2,5,339.0,-4.694,-7.194
151,2,3,5,339.0,-3.759,-9.852
151,2,4,5,339.0,-2.312,-12.433
151,2,5,5,339.0,-0.854,-8.752
151,3,1,1,282.5,6.174,-14.763
152,1,1,3,184.4,-10.257,-2.778
152,1,2,3,184.4,-12.199,-4.993
152,1,3,3,184.4,-14.025,-7.146
152,2,1,5,75.4,-4.235,5.497
152,2,2,5,75.4,-8.157,6.362
152,2,3,5,75.4,-5.689,7.847
152,2,4,5,75.4,-3.107,9.145
152,2,5,5,75.4,-7.19,10.249
152,3,1,3,161.3,-3.086,-13.516
152,3,2,3,161.3,-5.578,-14.727
152,3,3,3,161.3,-8.078,-15.799
153,1,1,2,302.9,-8.822,3.377
153,1,2,2,302.9,-3.392,2.308
153,2,1,2,299.3,8.802,6.877
153,2,2,2,299.3,14.295,5.137
153,3,1,4,208.2,13.041,-1.6
153,3,2,4,208.2,15.109,-5.324
153,3,3,4,208.2,9.59,-3.657
153,3,4,4,208.2,11.515,-6.938
154,1,1,1,187.8,11.66,10.369
154,2,1,6,99.4,-0.684,5.147
154,2,2,6,99.4,-2.717,4.884
154,2,3,6,99.4,-4.533,4.626
154,2,4,6,99.4,-1.394,9.363
154,2,5,6,99.4,-3.315,9.041
154,2,6,6,99.4,-5.493,8.542
154,3,1,4,79.3,15.461,-5.436
154,3,2,4,79.3,11.556,-4.636
154,3,3,4,79.3,16.332,-1.559
154,3,4,4,79.3,12.368,-0.736
155,1,1,2,322.2,-9.879,8.558
155,1,2,2,322.2,-4.385,9.435
155,2,1,5,302.8,-0.751,6.101
155,2,2,5,302.8,2.528,7.965
155,2,3,5,302.8,2.125,5.181
155,2,4,5,302.8,1.619,2.713
155,2,5,5,302.8,4.849,4.647
155,3,1,5,164.3,14.438,-8.251
155,3,2,5,164.3,13.397,-12.064
155,3,3,5,164.3,11.99,-9.714
155,3,4,5,164.3,10.662,-7.18
155,3,5,5,164.3,9.607,-11.153
156,1,1,3,136.7,-2.236,-4.562
156,1,2,3,136.7,-4.902,-4.555
156,1,3,3,136.7,-7.848,-4.756
156,2,1,6,283.4,5.257,14.371
156,2,2,6,283.4,7.19,14.878
156,2,3,6,283.4,9.409,15.445
156,2,4,6,283.4,6.236,10.541
156,2,5,6,283.4,8.085,10.794
156,2,6,6,283.4,10.171,11.361
156,3,1,3,57.3,-12.576,1.1
156,3,2,3,57.3,-13.245,3.782
156,3,3,3,57.3,-13.674,6.786
157,1,1,5,309.9,-12.395,-4.069
157,1,2,5,309.9,-9.577,-1.372
157,1,3,5,309.9,-9.611,-4.237
157,1,4,5,309.9,-9.859,-7.156
157,1,5,5,309.9,-7.003,-4.631
157,2,1,4,84.4,15.19,-4.412
157,2,2,4,84.4,11.182,-4.058
157,2,3,4,84.4,15.623,-0.514
157,2,4,4,84.4,11.691,-0.076
157,3,1,6,134.6,13.17,11.857
157,3,2,6,134.6,11.772,10.371
157,3,3,6,134.6,10.372,9.062
157,3,4,6,134.6,10.402,14.697
157,3,5,6,134.6,8.772,13.301
157,3,6,6,134.6,7.567,11.665
158,1,1,4,64.0,6.46,-17.383
158,1,2,4,64.0,2.916,-15.598
158,1,3,4,64.0,8.145,-13.713
158,1,4,4,64.0,4.752,-11.814
158,2,1,5,178.1,-4.998,12.018
158,2,2,5,178.1,-4.973,8.258
158,2,3,5,178.1,-6.875,10.331
158,2,4,5,178.1,-8.907,12.453
158,2,5,5,178.1,-9.027,8.221
158,3,1,6,142.9,-6.179,-0.488
158,3,2,6,142.9,-7.531,-2.112
158,3,3,6,142.9,-8.607,-3.937
158,3,4,6,142.9,-9.354,1.717
158,3,5,6,142.9,-10.544,0.278
158,3,6,6,142.9,-11.785,-1.407
159,1,1,2,107.8,1.059,14.079
159,1,2,2,107.8,-4.121,16.391
159,2,1,3,355.8,1.657,-0.928
159,2,2,3,355.8,3.866,0.996
159,2,3,3,355.8,5.921,2.894
159,3,1,5,314.2,-16.608,-1.721
159,3,2,5,314.2,-13.636,1.047
159,3,3,5,314.2,-13.621,-1.681
159,3,4,5,314.2,-13.682,-4.735
159,3,5,5,314.2,-10.846,-1.646
160,1,1,6,67.5,3.679,0.6
160,1,2,6,67.5,1.848,1.53
160,1,3,6,67.5,0.21,2.184
160,1,4,6,67.5,5.509,4.5
160,1,5,6,67.5,3.496,5.204
160,1,6,6,67.5,1.599,5.952
160,2,1,2,274.9,-0.13,-9.04
160,2,2,2,274.9,4.329,-12.471
160,3,1,4,323.5,9.487,-8.782
160,3,2,4,323.5,12.026,-5.464
160,3,3,4,323.5,12.687,-11.187
160,3,4,4,323.5,15.167,-7.985
161,1,1,6,42.0,-5.486,-5.886
161,1,2,6,42.0,-6.834,-4.61
161,1,3,6,42.0,-8.055,-2.87
161,1,4,6,42.0,-2.496,-3.308
161,1,5,6,42.0,-3.793,-1.748
161,1,6,6,42.0,-5.262,-0.074
161,2,1,5,10.9,-1.682,8.175
161,2,2,5,10.9,-2.411,12.44
161,2,3,5,10.9,-0.114,10.616
161,2,4,5,10.9,2.337,9.273
161,2,5,5,10.9,1.344,13.121
161,3,1,2,330.8,-9.678,-14.618
161,3,2,2,330.8,-4.116,-13.27
162,1,1,4,198.7,-0.01,-6.045
162,1,2,4,198.7,1.214,-9.692
162,1,3,4,198.7,-3.69,-7.342
162,1,4,4,198.7,-2.639,-11.095
162,2,1,2,240.4,5.573,16.679
162,2,2,2,240.4,7.123,11.138
162,3,1,4,206.0,-4.788,16.045
162,3,2,4,206.0,-3.084,12.289
162,3,3,4,206.0,-8.236,14.264
162,3,4,4,206.0,-6.63,10.559
163,1,1,3,193.1,3.971,1.381
163,1,2,3,193.1,2.42,-1.008
163,1,3,3,193.1,1.027,-3.544
163,2,1,6,121.1,-8.701,-8.523
163,2,2,6,121.1,-10.53,-9.761
163,2,3,6,121.1,-12.037,-10.65
163,2,4,6,121.1,-10.565,-4.997
163,2,5,6,121.1,-12.366,-6.025
163,2,6,6,121.1,-14.21,-7.145
163,3,1,4,262.6,-15.092,5.648
163,3,2,4,262.6,-11.185,5.303
163,3,3,4,262.6,-15.423,1.835
163,3,4,4,262.6,-11.533,1.201
164,1,1,1,4.9,8.605,-12.83
164,2,1,2,344.3,-16.864,4.933
164,2,2,2,344.3,-11.684,7.623
164,3,1,2,297.6,-4.006,-9.377
164,3,2,2,297.6,1.235,-10.892
165,1,1,5,38.1,10.09,-1.409
165,1,2,5,38.1,7.748,1.728
165,1,3,5,38.1,10.434,1.358
165,1,4,5,38.1,13.244,1.016
165,1,5,5,38.1,11.014,4.292
165,2,1,1,162.1,10.786,-6.738
165,3,1,4,59.4,-6.178,-14.573
165,3,2,4,59.4,-9.424,-12.711
165,3,3,4,59.4,-4.291,-11.258
165,3,4,4,59.4,-7.509,-9.358
166,1,1,6,235.0,3.086,-3.124
166,1,2,6,235.0,4.784,-4.23
166,1,3,6,235.0,6.319,-5.241
166,1,4,6,235.0,0.89,-6.319
166,1,5,6,235.0,2.479,-7.42
166,1,6,6,235.0,4.194,-8.536
166,2,1,5,195.9,-5.316,-10.12
166,2,2,5,195.9,-4.392,-14.085
166,2,3,5,195.9,-6.798,-12.785
166,2,4,5,195.9,-9.263,-11.536
166,2,5,5,195.9,-8.285,-15.349
166,3,1,6,291.1,3.012,12.185
166,3,2,6,291.1,4.916,12.851
166,3,3,6,291.1,6.755,13.625
166,3,4,6,291.1,4.493,8.233
166,3,5,6,291.1,6.14,9.021
166,3,6,6,291.1,8.112,9.822
167,1,1,6,217.5,-7.462,6.899
167,1,2,6,217.5,-6.162,5.215
167,1,3,6,217.5,-5.082,3.827
167,1,4,6,217.5,-10.589,4.518
167,1,5,6,217.5,-9.51,2.77
167,1,6,6,217.5,-8.229,1.435
167,2,1,1,247.0,9.144,-11.298
167,3,1,4,178.5,-5.529,-2.139
167,3,2,4,178.5,-5.799,-6.19
167,3,3,4,178.5,-9.584,-2.085
167,3,4,4,178.5,-9.785,-6.12
168,1,1,6,271.0,-6.239,9.945
168,1,2,6,271.0,-4.152,9.81
168,1,3,6,271.0,-2.139,9.951
168,1,4,6,271.0,-6.124,5.892
168,1,5,6,271.0,-4.026,5.82
168,1,6,6,271.0,-2.07,6.069
168,2,1,1,304.8,14.431,5.876
168,3,1,4,225.9,3.495,-5.089
168,3,2,4,225.9,6.62,-7.648
168,3,3,4,225.9,0.697,-7.932
168,3,4,4,225.9,3.708,-10.907
169,1,1,1,6.4,8.65,-4.803
169,2,1,2,108.6,17.296,0.501
169,2,2,2,108.6,12.089,2.963
169,3,1,4,72.9,-3.871,4.555
169,3,2,4,72.9,-7.685,5.707
169,3,3,4,72.9,-2.641,8.737
169,3,4,4,72.9,-6.434,9.741
170,1,1,2,223.4,3.424,-0.273
170,1,2,2,223.4,3.399,-5.931
170,2,1,5,93.2,-2.659,-0.475
170,2,2,5,93.2,-6.657,-0.692
170,2,3,5,93.2,-4.804,1.409
170,2,4,5,93.2,-2.863,3.607
170,2,5,5,93.2,-6.772,3.285
170,3,1,1,187.8,2.719,-11.584
171,1,1,4,267.2,-6.67,8.098
171,1,2,4,267.2,-2.841,7.774
171,1,3,4,267.2,-6.926,4.033
171,1,4,4,267.2,-2.977,3.799
171,2,1,5,76.6,9.179,-14.045
171,2,2,5,76.6,5.314,-13.028
171,2,3,5,76.6,7.752,-11.353
171,2,4,5,76.6,10.178,-10.088
171,2,5,5,76.6,6.256,-9.239
171,3,1,6,300.2,-2.523,-4.821
171,3,2,6,300.2,-0.649,-3.812
171,3,3,6,300.2,0.991,-3.093
171,3,4,6,300.2,-0.332,-8.492
171,3,5,6,300.2,1.482,-7.307
171,3,6,6,300.2,3.193,-6.458
172,1,1,2,12.9,-6.871,7.553
172,1,2,2,12.9,-3.83,12.601
172,2,1,6,166.8,-2.938,-0.209
172,2,2,6,166.8,-3.23,-2.244
172,2,3,6,166.8,-3.758,-4.105
172,2,4,6,166.8,-6.682,0.605
172,2,5,6,166.8,-7.385,-1.141
172,2,6,6,166.8,-7.512,-3.149
172,3,1,3,112.6,15.918,-10.127
172,3,2,3,112.6,13.383,-8.85
172,3,3,3,112.6,10.74,-7.826
173,1,1,2,101.8,-4.652,-1.984
173,1,2,2,101.8,-9.469,0.997
173,2,1,3,223.8,13.914,5.273
173,2,2,3,223.8,13.578,2.522
173,2,3,3,223.8,13.563,-0.3
173,3,1,3,36.9,0.201,-6.81
173,3,2,3,36.9,0.682,-3.875
173,3,3,3,36.9,1.136,-1.125
174,1,1,2,10.7,4.131,-12.831
174,1,2,2,10.7,7.465,-8.106
174,2,1,6,280.9,-5.8,-12.204
174,2,2,6,280.9,-3.894,-12.077
174,2,3,6,280.9,-1.922,-11.547
174,2,4,6,280.9,-4.998,-16.278
174,2,5,6,280.9,-3.189,-16.071
174,2,6,6,280.9,-1.203,-15.498
174,3,1,1,194.9,-8.623,-2.933
175,1,1,2,18.9,-4.253,-10.328
175,1,2,2,18.9,-1.876,-5.069
175,2,1,4,200.5,-5.995,12.884
175,2,2,4,200.5,-4.529,9.182
175,2,3,4,200.5,-9.599,11.381
175,2,4,4,200.5,-8.204,7.768
175,3,1,4,354.1,0.193,4.933
175,3,2,4,354.1,0.636,9.106
175,3,3,4,354.1,4.292,4.919
175,3,4,4,354.1,4.531,8.603
176,1,1,1,46.3,-14.002,6.526
176,2,1,1,174.1,9.956,4.517
176,3,1,2,6.6,-3.252,2.707
176,3,2,2,6.6,0.469,7.143
177,1,1,3,246.3,-3.313,-3.391
177,1,2,3,246.3,-2.055,-6.081
177,1,3,3,246.3,-1.135,-8.447
177,2,1,5,261.1,-0.155,-12.852
177,2,2,5,261.1,4.048,-13.557
177,2,3,5,261.1,1.495,-15.287
177,2,4,5,261.1,-0.659,-16.871
177,2,5,5,261.1,3.239,-17.432
177,3,1,3,264.1,-9.998,14.138
177,3,2,3,264.1,-8.229,12.01
177,3,3,3,264.1,-6.366,9.86
178,1,1,4,54.9,7.767,-15.375
178,1,2,4,54.9,4.215,-12.958
178,1,3,4,54.9,10.047,-12.163
178,1,4,4,54.9,6.591,-9.955
178,2,1,6,215.8,-2.935,-1.606
178,2,2,6,215.8,-2.046,-3.475
178,2,3,6,215.8,-0.661,-5.031
178,2,4,6,215.8,-6.255,-4.065
178,2,5,6,215.8,-4.851,-5.685
178,2,6,6,215.8,-4.001,-7.39
178,3,1,6,193.4,10.933,14.272
178,3,2,6,193.4,11.411,12.275
178,3,3,6,193.4,12.063,10.245
178,3,4,6,193.4,7.143,13.203
178,3,5,6,193.4,7.593,11.433
178,3,6,6,193.4,8.11,9.348
179,1,1,5,233.5,-5.322,12.636
179,1,2,5,233.5,-1.767,9.895
179,1,3,5,233.5,-4.383,9.83
179,1,4,5,233.5,-7.4,9.458
179,1,5,5,233.5,-4.149,7.067
179,2,1,4,108.0,-10.907,3.913
179,2,2,4,108.0,-14.661,2.605
179,2,3,4,108.0,-12.239,7.582
179,2,4,4,108.0,-15.932,6.389
179,3,1,1,82.2,11.697,5.257
180,1,1,4,61.1,11.27,-14.418
180,1,2,4,61.1,7.491,-12.354
180,1,3,4,61.1,13.042,-10.898
180,1,4,4,61.1,9.743,-9.125
180,2,1,3,43.7,14.62,1.053
180,2,2,3,43.7,14.596,4.016
180,2,3,3,43.7,14.931,6.915
180,3,1,2,219.0,2.197,0.515
180,3,2,2,219.0,1.826,-5.063
181,1,1,4,222.3,0.12,16.977
181,1,2,4,222.3,2.978,13.988
181,1,3,4,222.3,-2.814,14.271
181,1,4,4,222.3,-0.162,11.282
181,2,1,4,197.0,3.571,-5.191
181,2,2,4,197.0,4.726,-8.99
181,2,3,4,197.0,-0.327,-6.358
181,2,4,4,197.0,0.893,-10.16
181,3,1,1,114.1,-13.591,2.068
182,1,1,5,142.0,-3.57,-6.458
182,1,2,5,142.0,-6.156,-9.436
182,1,3,5,142.0,-6.433,-6.697
182,1,4,5,142.0,-6.825,-4.0
182,1,5,5,142.0,-9.184,-7.235
182,2,1,6,321.7,-6.553,-15.316
182,2,2,6,321.7,-5.4,-13.761
182,2,3,6,321.7,-4.162,-12.209
182,2,4,6,321.7,-3.409,-17.987
182,2,5,6,321.7,-2.097,-16.424
182,2,6,6,321.7,-0.731,-14.786
182,3,1,1,177.5,-8.055,7.479
183,1,1,1,193.2,13.668,1.051
183,2,1,2,289.7,0.4,-12.273
183,2,2,2,289.7,5.414,-14.85
183,3,1,3,262.9,-0.706,-2.227
183,3,2,3,262.9,0.755,-4.565
183,3,3,3,262.9,2.524,-6.578
184,1,1,4,355.7,9.516,3.135
184,1,2,4,355.7,9.772,6.792
184,1,3,4,355.7,13.681,2.72
184,1,4,4,355.7,13.959,6.762
184,2,1,5,339.8,9.236,-7.202
184,2,2,5,339.8,10.632,-3.556
184,2,3,5,339.8,11.886,-6.062
184,2,4,5,339.8,13.087,-8.785
184,2,5,5,339.8,14.445,-4.876
184,3,1,6,149.9,-1.734,-9.435
184,3,2,6,149.9,-2.856,-11.107
184,3,3,6,149.9,-3.701,-12.82
184,3,4,6,149.9,-5.173,-7.412
184,3,5,6,149.9,-6.21,-9.139
184,3,6,6,149.9,-7.253,-10.711
185,1,1,4,352.4,11.777,-3.548
185,1,2,4,352.4,12.335,0.242
185,1,3,4,352.4,15.753,-4.148
185,1,4,4,352.4,16.4,-0.494
185,2,1,5,160.5,-3.219,4.196
185,2,2,5,160.5,-4.64,0.056
185,2,3,5,160.5,-5.847,2.716
185,2,4,5,160.5,-7.013,5.114
185,2,5,5,160.5,-8.412,1.412
185,3,1,2,95.0,10.978,7.454
185,3,2,2,95.0,6.55,10.844
186,1,1,3,359.7,0.437,13.22
186,1,2,3,359.7,2.806,15.021
186,1,3,3,359.7,4.641,16.942
186,2,1,3,66.1,6.76,-10.619
186,2,2,3,66.1,5.583,-8.095
186,2,3,3,66.1,4.603,-5.323
186,3,1,1,291.7,9.629,6.107
187,1,1,6,139.8,15.024,-5.869
187,1,2,6,139.8,13.832,-7.487
187,1,3,6,139.8,12.416,-8.984
187,1,4,6,139.8,12.066,-3.388
187,1,5,6,139.8,10.603,-4.759
187,1,6,6,139.8,9.391,-6.618
187,2,1,2,344.5,-6.354,-0.544
187,2,2,2,344.5,-1.46,2.382
187,3,1,3,273.2,-9.179,-11.705
187,3,2,3,273.2,-7.207,-13.579
187,3,3,3,273.2,-4.986,-15.545
188,1,1,5,161.4,-7.735,-2.345
188,1,2,5,161.4,-8.998,-6.083
188,1,3,5,161.4,-10.485,-3.613
188,1,4,5,161.4,-11.731,-0.993
188,1,5,5,161.4,-12.809,-4.619
188,2,1,2,201.9,7.982,13.59
188,2,2,2,201.9,5.271,8.351
188,3,1,2,343.8,-9.339,12.516
188,3,2,2,343.8,-4.19,15.415
189,1,1,3,76.2,-2.62,10.313
189,1,2,3,76.2,-4.235,12.716
189,1,3,3,76.2,-5.642,15.24
189,2,1,3,344.5,-4.187,-8.181
189,2,2,3,344.5,-1.719,-6.655
189,2,3,3,344.5,0.452,-5.264
189,3,1,1,252.4,-3.91,2.582
190,1,1,1,52.3,-6.691,7.924
190,2,1,1,328.8,8.702,-13.094
190,3,1,1,140.0,-8.236,-9.241
191,1,1,5,161.6,14.634,-6.638
191,1,2,5,161.6,13.333,-10.278
191,1,3,5,161.6,11.933,-7.731
191,1,4,5,161.6,10.822,-5.161
191,1,5,5,161.6,9.627,-9.112
191,2,1,4,293.1,-1.621,-7.482
191,2,2,4,293.1,2.189,-5.71
191,2,3,4,293.1,0.062,-11.159
191,2,4,4,293.1,3.762,-9.566
191,3,1,4,48.7,-5.248,-0.072
191,3,2,4,48.7,-8.359,2.479
191,3,3,4,48.7,-2.613,2.884
191,3,4,4,48.7,-5.543,5.683
192,1,1,2,250.2,-10.36,-0.457
192,1,2,2,250.2,-7.878,-5.505
192,2,1,3,151.5,13.65,-1.03
192,2,2,3,151.5,11.057,-2.038
192,2,3,3,151.5,8.347,-2.684
192,3,1,6,204.7,3.977,-0.871
192,3,2,6,204.7,5.203,-2.666
192,3,3,6,204.7,5.849,-4.479
192,3,4,6,204.7,0.444,-2.33
192,3,5,6,204.7,1.473,-4.419
192,3,6,6,204.7,2.064,-6.125
193,1,1,6,326.2,2.547,-6.891
193,1,2,6,326.2,3.811,-5.411
193,1,3,6,326.2,4.958,-3.644
193,1,4,6,326.2,5.958,-9.221
193,1,5,6,326.2,7.197,-7.319
193,1,6,6,326.2,8.137,-5.804
193,2,1,6,177.8,3.294,8.197
193,2,2,6,177.8,3.079,6.13
193,2,3,6,177.8,3.094,4.193
193,2,4,6,177.8,-0.743,8.346
193,2,5,6,177.8,-0.79,6.367
193,2,6,6,177.8,-0.872,4.604
193,3,1,6,348.6,-7.818,-15.139
193,3,2,6,348.6,-7.284,-13.076
193,3,3,6,348.6,-7.098,-11.327
193,3,4,6,348.6,-3.909,-16.011
193,3,5,6,348.6,-3.42,-14.174
193,3,6,6,348.6,-2.884,-11.994
194,1,1,3,152.5,4.542,-9.698
194,1,2,3,152.5,1.975,-10.461
194,1,3,3,152.5,-0.749,-11.258
194,2,1,4,264.3,-7.091,2.845
194,2,2,4,264.3,-2.841,2.437
194,2,3,4,264.3,-7.233,-1.084
194,2,4,4,264.3,-3.177,-1.574
194,3,1,4,153.3,1.007,11.708
194,3,2,4,153.3,-0.806,8.047
194,3,3,4,153.3,-2.404,13.451
194,3,4,4,153.3,-4.415,9.849
195,1,1,1,319.9,8.178,8.243
195,2,1,5,86.5,13.394,-12.787
195,2,2,5,86.5,9.365,-12.434
195,2,3,5,86.5,11.305,-10.646
195,2,4,5,86.5,13.218,-8.706
195,2,5,5,86.5,9.405,-8.519
195,3,1,5,325.6,-4.369,-1.906
195,3,2,5,325.6,-2.146,1.485
195,3,3,5,325.6,-1.556,-1.269
195,3,4,5,325.6,-1.154,-4.247
195,3,5,5,325.6,1.044,-0.568
196,1,1,2,193.0,-1.729,7.114
196,1,2,2,193.0,-4.78,2.326
196,2,1,5,263.7,-11.065,13.479
196,2,2,5,263.7,-7.252,13.045
196,2,3,5,263.7,-9.332,11.326
196,2,4,5,263.7,-11.51,9.501
196,2,5,5,263.7,-7.674,9.301
196,3,1,6,147.6,-7.405,-10.846
196,3,2,6,147.6,-8.347,-12.212
196,3,3,6,147.6,-9.601,-14.113
196,3,4,6,147.6,-10.928,-8.517
196,3,5,6,147.6,-11.945,-10.116
196,3,6,6,147.6,-12.823,-11.928
197,1,1,3,81.2,-1.957,12.87
197,1,2,3,81.2,-3.783,14.951
197,1,3,3,81.2,-5.278,17.202
197,2,1,4,216.6,1.819,9.567
197,2,2,4,216.6,4.423,6.119
197,2,3,4,216.6,-1.322,7.101
197,2,4,4,216.6,1.291,4.02
197,3,1,3,47.2,3.615,-12.094
197,3,2,3,47.2,3.685,-9.224
197,3,3,3,47.2,3.403,-6.402
198,1,1,3,80.8,-3.55,0.777
198,1,2,3,80.8,-5.494,2.945
198,1,3,3,80.8,-6.884,5.185
198,2,1,5,21.1,-14.659,-3.925
198,2,2,5,21.1,-16.118,-0.26
198,2,3,5,21.1,-13.569,-1.379
198,2,4,5,21.1,-11.084,-2.507
198,2,5,5,21.1,-12.492,1.1
198,3,1,4,177.4,9.003,1.373
198,3,2,4,177.4,8.872,-2.368
198,3,3,4,177.4,4.89,1.686
198,3,4,4,177.4,4.841,-2.339
199,1,1,2,74.2,13.669,-4.71
199,1,2,2,74.2,10.595,0.204
199,2,1,3,61.9,0.258,-15.619
199,2,2,3,61.9,-0.373,-12.863
199,2,3,3,61.9,-1.016,-10.128
199,3,1,1,164.9,-8.359,-1.158
200,1,1,6,224.1,4.979,0.26
200,1,2,6,224.1,6.337,-1.184
200,1,3,6,224.1,7.727,-2.591
200,1,4,6,224.1,2.066,-2.485
200,1,5,6,224.1,3.512,-3.976
200,1,6,6,224.1,4.928,-5.292
200,2,1,2,29.0,-9.134,1.505
200,2,2,2,29.0,-7.332,6.826
200,3,1,6,9.0,-5.688,11.301
200,3,2,6,9.0,-6.099,13.163
200,3,3,6,9.0,-6.244,15.198
200,3,4,6,9.0,-1.868,11.798
200,3,5,6,9.0,-1.813,13.707
200,3,6,6,9.0,-2.268,15.746
201,1,1,1,320.9,-2.312,-6.412
201,2,1,2,304.4,-15.536,6.303
201,2,2,2,304.4,-9.96,5.072
201,3,1,3,90.5,12.845,2.869
201,3,2,3,90.5,10.801,4.757
201,3,3,3,90.5,8.822,6.82
202,1,1,5,344.2,-15.374,-6.458
202,1,2,5,344.2,-14.079,-2.532
202,1,3,5,344.2,-12.974,-4.97
202,1,4,5,344.2,-11.387,-7.335
202,1,5,5,344.2,-10.216,-3.617
202,2,1,6,15.8,6.899,5.036
202,2,2,6,15.8,6.077,7.014
202,2,3,6,15.8,5.577,8.661
202,2,4,6,15.8,10.542,6.059
202,2,5,6,15.8,9.917,8.029
202,2,6,6,15.8,9.365,9.779
202,3,1,4,203.4,1.568,5.391
202,3,2,4,203.4,3.137,1.746
202,3,3,4,203.4,-2.151,3.881
202,3,4,4,203.4,-0.507,0.135
203,1,1,4,177.9,-0.931,-5.305
203,1,2,4,177.9,-1.145,-9.355
203,1,3,4,177.9,-5.219,-5.195
203,1,4,4,177.9,-5.398,-9.281
203,2,1,2,269.5,7.682,5.276
203,2,2,2,269.5,11.605,1.117
203,3,1,5,174.1,3.915,13.149
203,3,2,5,174.1,3.46,9.135
203,3,3,5,174.1,1.8,11.266
203,3,4,5,174.1,-0.034,13.656
203,3,5,5,174.1,-0.363,9.538
204,1,1,4,250.9,-5.747,-1.308
204,1,2,4,250.9,-1.904,-2.625
204,1,3,4,250.9,-6.824,-5.116
204,1,4,4,250.9,-3.013,-6.427
204,2,1,3,281.4,-9.758,7.516
204,2,2,3,281.4,-7.432,5.906
204,2,3,3,281.4,-5.242,4.377
204,3,1,1,349.3,-1.275,-14.815
205,1,1,4,210.2,-3.349,-0.313
205,1,2,4,210.2,-1.445,-3.632
205,1,3,4,210.2,-6.899,-2.193
205,1,4,4,210.2,-4.621,-5.604
205,2,1,6,217.3,4.582,5.409
205,2,2,6,217.3,5.862,3.57
205,2,3,6,217.3,7.088,1.943
205,2,4,6,217.3,1.503,3.001
205,2,5,6,217.3,2.769,1.256
205,2,6,6,217.3,4.123,-0.248
205,3,1,4,105.6,4.232,9.054
205,3,2,4,105.6,0.273,7.807
205,3,3,4,105.6,3.139,12.876
205,3,4,4,105.6,-0.686,11.886
206,1,1,5,163.5,7.577,-8.465
206,1,2,5,163.5,6.485,-12.236
206,1,3,5,163.5,5.108,-9.91
206,1,4,5,163.5,3.825,-7.38
206,1,5,5,163.5,2.362,-11.13
206,2,1,5,76.0,1.154,11.555
206,2,2,5,76.0,-2.824,12.778
206,2,3,5,76.0,-0.35,14.072
206,2,4,5,76.0,1.997,15.382
206,2,5,5,76.0,-1.786,16.48
206,3,1,2,167.1,-7.042,-11.109
206,3,2,2,167.1,-12.022,-13.873
207,1,1,4,30.3,7.016,-11.671
207,1,2,4,30.3,5.015,-8.011
207,1,3,4,30.3,10.55,-9.705
207,1,4,4,30.3,8.547,-5.923
207,2,1,3,167.6,8.2,4.228
207,2,2,3,167.6,5.887,3.053
207,2,3,3,167.6,3.4,1.268
207,3,1,2,160.8,-7.723,8.613
207,3,2,2,160.8,-12.381,6.032
208,1,1,2,344.9,9.906,-7.132
208,1,2,2,344.9,14.766,-4.402
208,2,1,6,262.1,2.163,-8.931
208,2,2,6,262.1,4.308,-9.165
208,2,3,6,262.1,6.398,-9.422
208,2,4,6,262.1,1.645,-12.776
208,2,5,6,262.1,3.784,-12.949
208,2,6,6,262.1,5.827,-13.388
208,3,1,2,202.3,5.466,-0.216
208,3,2,2,202.3,3.146,-5.395
209,1,1,6,55.4,11.001,3.957
209,1,2,6,55.4,9.587,4.999
209,1,3,6,55.4,7.943,6.071
209,1,4,6,55.4,13.371,7.169
209,1,5,6,55.4,11.883,8.142
209,1,6,6,55.4,10.089,9.321
209,2,1,5,24.7,-9.202,1.599
209,2,2,5,24.7,-10.85,5.078
209,2,3,5,24.7,-8.317,4.318
209,2,4,5,24.7,-5.597,3.278
209,2,5,5,24.7,-7.257,6.979
209,3,1,1,346.5,-5.711,-10.862
210,1,1,1,272.6,-3.537,-6.917
210,2,1,4,122.5,-4.27,11.564
210,2,2,4,122.5,-7.6,9.497
210,2,3,4,122.5,-6.499,15.0
210,2,4,4,122.5,-9.761,12.804
210,3,1,5,178.0,8.894,-1.315
210,3,2,5,178.0,8.861,-5.266
210,3,3,5,178.0,6.857,-3.399
210,3,4,5,178.0,4.951,-1.098
210,3,5,5,178.0,5.045,-5.198
211,1,1,6,332.0,-15.016,-9.474
211,1,2,6,332.0,-13.959,-7.785
211,1,3,6,332.0,-13.055,-5.973
211,1,4,6,332.0,-11.375,-11.399
211,1,5,6,332.0,-10.427,-9.586
211,1,6,6,332.0,-9.56,-7.784
211,2,1,3,112.9,2.349,9.042
211,2,2,3,112.9,-0.193,10.153
211,2,3,3,112.9,-2.784,11.166
211,3,1,2,150.5,13.304,-3.442
211,3,2,2,150.5,7.83,-5.027
212,1,1,6,235.1,4.547,12.489
212,1,2,6,235.1,6.278,11.284
212,1,3,6,235.1,7.924,10.178
212,1,4,6,235.1,2.267,9.043
212,1,5,6,235.1,3.878,7.808
212,1,6,6,235.1,5.456,6.669
212,2,1,6,76.5,-9.918,2.7
212,2,2,6,76.5,-11.781,3.305
212,2,3,6,76.5,-13.636,3.629
212,2,4,6,76.5,-8.867,6.933
212,2,5,6,76.5,-10.919,7.093
212,2,6,6,76.5,-12.909,7.782
212,3,1,3,261.0,-3.374,-3.883
212,3,2,3,261.0,-1.639,-6.086
212,3,3,3,261.0,0.018,-8.413
213,1,1,4,336.1,-14.52,8.1
213,1,2,4,336.1,-12.836,11.9
213,1,3,4,336.1,-10.775,6.728
213,1,4,4,336.1,-9.123,10.235
213,2,1,3,169.1,7.644,-7.642
213,2,2,3,169.1,5.362,-9.307
213,2,3,3,169.1,3.164,-10.714
213,3,1,4,265.3,10.158,10.866
213,3,2,4,265.3,14.234,10.513
213,3,3,4,265.3,9.811,6.841
213,3,4,4,265.3,13.852,6.481
214,1,1,1,17.9,-6.853,-5.657
214,2,1,4,41.6,1.6,9.078
214,2,2,4,41.6,-1.188,12.062
214,2,3,4,41.6,4.663,11.813
214,2,4,4,41.6,1.825,14.6
214,3,1,6,285.6,10.001,-2.604
214,3,2,6,285.6,12.07,-1.996
214,3,3,6,285.6,13.966,-1.348
214,3,4,6,285.6,11.417,-6.41
214,3,5,6,285.6,13.122,-5.837
214,3,6,6,285.6,15.088,-5.1
215,1,1,3,29.9,9.289,6.735
215,1,2,3,29.9,10.282,9.424
215,1,3,3,29.9,10.622,11.982
215,2,1,1,172.5,-11.23,-9.743
215,3,1,1,277.5,-2.281,-7.631
216,1,1,5,255.3,-13.549,0.466
216,1,2,5,255.3,-9.5,-0.58
216,1,3,5,255.3,-12.091,-1.822
216,1,4,5,255.3,-14.505,-3.254
216,1,5,5,255.3,-10.805,-4.47
216,2,1,6,257.8,3.424,0.351
216,2,2,6,257.8,5.489,-0.057
216,2,3,6,257.8,7.376,-0.191
216,2,4,6,257.8,2.787,-3.655
216,2,5,6,257.8,4.675,-4.002
216,2,6,6,257.8,6.4,-4.312
216,3,1,3,301.8,-14.595,9.232
216,3,2,3,301.8,-11.686,8.562
216,3,3,3,301.8,-9.086,7.964
217,1,1,4,150.8,5.506,-12.7
217,1,2,4,150.8,3.55,-16.154
217,1,3,4,150.8,1.891,-10.654
217,1,4,4,150.8,-0.101,-14.288
217,2,1,1,110.7,-10.997,11.355
217,3,1,3,260.7,1.898,0.803
217,3,2,3,260.7,3.585,-1.477
217,3,3,3,260.7,5.155,-3.827
218,1,1,3,152.2,1.435,-2.639
218,1,2,3,152.2,-1.324,-3.357
218,1,3,3,152.2,-4.106,-4.385
218,2,1,2,253.6,-11.959,8.386
218,2,2,2,253.6,-9.183,3.605
218,3,1,2,81.8,2.158,11.378
218,3,2,2,81.8,-1.27,15.909
219,1,1,2,55.8,-5.096,-15.731
219,1,2,2,55.8,-6.249,-10.35
219,2,1,2,112.5,13.888,-4.273
219,2,2,2,112.5,8.587,-1.767
219,3,1,5,232.1,0.972,17.044
219,3,2,5,232.1,4.075,14.351
219,3,3,5,232.1,1.188,13.929
219,3,4,5,232.1,-1.739,13.686
219,3,5,5,232.1,1.675,11.13
220,1,1,4,176.2,-7.95,-1.23
220,1,2,4,176.2,-8.225,-5.139
220,1,3,4,176.2,-11.956,-0.857
220,1,4,4,176.2,-12.361,-4.961
220,2,1,5,309.8,0.47,9.753
220,2,2,5,309.8,3.569,12.478
220,2,3,5,309.8,3.409,9.345
220,2,4,5,309.8,3.064,6.716
220,2,5,5,309.8,6.133,9.26
220,3,1,1,245.4,-4.993,3.179
221,1,1,5,134.1,9.447,3.989
221,1,2,5,134.1,6.556,0.886
221,1,3,5,134.1,6.668,3.968
221,1,4,5,134.1,6.902,6.815
221,1,5,5,134.1,3.886,3.794
221,2,1,6,49.0,10.776,8.894
221,2,2,6,49.0,9.485,9.909
221,2,3,6,49.0,8.089,11.312
221,2,4,6,49.0,13.596,11.745
221,2,5,6,49.0,11.973,13.151
221,2,6,6,49.0,10.622,14.529
221,3,1,3,252.8,-8.165,-4.55
221,3,2,3,252.8,-6.911,-7.198
221,3,3,3,252.8,-5.523,-9.565
222,1,1,1,310.9,-3.387,14.0
222,2,1,2,29.9,-2.193,0.776
222,2,2,2,29.9,-0.675,6.294
222,3,1,5,307.8,-14.465,-2.43
222,3,2,5,307.8,-11.406,0.071
222,3,3,5,307.8,-11.705,-2.892
222,3,4,5,307.8,-12.007,-5.385
222,3,5,5,307.8,-8.885,-3.141
223,1,1,6,337.2,-5.757,10.707
223,1,2,6,337.2,-5.05,12.563
223,1,3,6,337.2,-4.24,14.358
223,1,4,6,337.2,-1.866,9.106
223,1,5,6,337.2,-1.256,10.946
223,1,6,6,337.2,-0.545,12.831
223,2,1,1,223.1,-0.815,-11.032
223,3,1,6,324.0,-9.64,-6.219
223,3,2,6,324.0,-8.647,-4.631
223,3,3,6,324.0,-7.378,-3.067
223,3,4,6,324.0,-6.567,-8.673
223,3,5,6,324.0,-5.355,-6.952
223,3,6,6,324.0,-4.187,-5.505
224,1,1,2,251.2,-9.394,2.954
224,1,2,2,251.2,-6.789,-2.155
224,2,1,4,245.8,-3.768,8.989
224,2,2,4,245.8,-0.012,7.337
224,2,3,4,245.8,-5.257,5.578
224,2,4,4,245.8,-1.66,3.732
224,3,1,2,163.4,-10.17,11.347
224,3,2,2,163.4,-14.95,8.778
225,1,1,3,173.1,-2.355,-8.809
225,1,2,3,173.1,-4.778,-10.524
225,1,3,3,173.1,-7.044,-12.197
225,2,1,1,87.5,7.488,-5.689
225,3,1,5,3.7,5.313,9.528
225,3,2,5,3.7,5.16,13.603
225,3,3,5,3.7,7.244,11.428
225,3,4,5,3.7,9.375,9.62
225,3,5,5,3.7,9.252,13.42
226,1,1,1,332.0,-3.979,-8.28
226,2,1,2,312.0,-9.61,6.57
226,2,2,2,312.0,-3.894,6.327
226,3,1,4,63.6,16.404,-6.735
226,3,2,4,63.6,12.988,-4.932
226,3,3,4,63.6,18.179,-3.15
226,3,4,4,63.6,14.65,-1.247
227,1,1,2,60.3,8.407,11.466
227,1,2,2,60.3,6.966,16.82
227,2,1,4,14.4,-5.623,-16.467
227,2,2,4,14.4,-6.395,-12.713
227,2,3,4,14.4,-1.642,-15.261
227,2,4,4,14.4,-2.587,-11.67
227,3,1,3,123.7,-0.689,-6.378
227,3,2,3,123.7,-3.249,-5.782
227,3,3,3,123.7,-6.165,-5.211
228,1,1,4,126.9,-10.856,3.643
228,1,2,4,126.9,-13.983,1.439
228,1,3,4,126.9,-13.082,7.059
228,1,4,4,126.9,-16.352,4.811
228,2,1,1,187.2,7.629,-9.622
228,3,1,5,1.9,1.685,-0.475
228,3,2,5,1.9,1.258,3.318
228,3,3,5,1.9,3.811,1.691
228,3,4,5,1.9,5.467,-0.439
228,3,5,5,1.9,5.685,3.512
229,1,1,2,85.5,11.726,5.739
229,1,2,2,85.5,8.108,10.127
229,2,1,2,40.4,-11.935,7.171
229,2,2,2,40.4,-11.378,12.685
229,3,1,4,283.1,-5.411,-5.864
229,3,2,4,283.1,-1.352,-5.132
229,3,3,4,283.1,-4.465,-9.607
229,3,4,4,283.1,-0.789,-8.985
230,1,1,4,200.2,-2.732,-8.999
230,1,2,4,200.2,-1.51,-12.514
230,1,3,4,200.2,-6.657,-10.442
230,1,4,4,200.2,-5.116,-14.01
230,2,1,1,54.1,-2.546,-2.27
230,3,1,3,193.2,16.272,5.759
230,3,2,3,193.2,14.715,3.352
230,3,3,3,193.2,12.961,0.863
231,1,1,3,217.7,-13.605,2.29
231,1,2,3,217.7,-13.878,-0.478
231,1,3,3,217.7,-14.044,-3.134
231,2,1,6,76.0,-1.95,4.061
231,2,2,6,76.0,-3.771,4.476
231,2,3,6,76.0,-5.5,5.067
231,2,4,6,76.0,-0.849,7.914
231,2,5,6,76.0,-2.768,8.508
231,2,6,6,76.0,-4.766,9.051
231,3,1,1,74.9,12.035,2.648
232,1,1,5,18.2,-0.503,8.575
232,1,2,5,18.2,-1.848,12.333
232,1,3,5,18.2,0.929,11.222
232,1,4,5,18.2,3.242,9.875
232,1,5,5,18.2,2.191,13.549
232,2,1,3,252.9,10.703,6.971
232,2,2,3,252.9,12.256,4.512
232,2,3,3,252.9,13.609,2.124
232,3,1,4,25.9,-2.585,-13.909
232,3,2,4,25.9,-4.285,-10.421
232,3,3,4,25.9,1.162,-12.244
232,3,4,4,25.9,-0.645,-8.694
233,1,1,3,18.0,12.374,-5.033
233,1,2,3,18.0,13.672,-2.724
233,1,3,3,18.0,14.85,-0.048
233,2,1,2,68.6,-8.754,-4.771
233,2,2,2,68.6,-10.864,0.499
233,3,1,3,339.1,-6.382,-13.587
233,3,2,3,339.1,-3.785,-12.133
233,3,3,3,339.1,-1.264,-11.063
234,1,1,6,290.9,1.761,2.458
234,1,2,6,290.9,3.548,3.289
234,1,3,6,290.9,5.573,3.694
234,1,4,6,290.9,3.105,-1.333
234,1,5,6,290.9,5.17,-0.321
234,1,6,6,290.9,7.01,0.227
234,2,1,1,50.7,-6.735,-3.626
234,3,1,3,112.2,-11.507,1.485
234,3,2,3,112.2,-14.098,2.351
234,3,3,3,112.2,-16.784,3.523
235,1,1,3,92.2,-1.32,-16.967
235,1,2,3,92.2,-3.555,-15.145
235,1,3,3,92.2,-5.54,-13.302
235,2,1,3,167.0,-10.558,10.455
235,2,2,3,167.0,-12.77,9.019
235,2,3,3,167.0,-15.278,7.63
235,3,1,6,45.3,7.975,-8.455
235,3,2,6,45.3,6.597,-6.999
235,3,3,6,45.3,5.159,-5.341
235,3,4,6,45.3,10.826,-5.608
235,3,5,6,45.3,9.549,-4.228
235,3,6,6,45.3,8.145,-2.77
236,1,1,3,340.2,-1.403,-9.228
236,1,2,3,340.2,1.224,-8.274
236,1,3,3,340.2,3.808,-7.084
236,2,1,1,230.6,11.703,4.202
236,3,1,5,300.3,-13.355,-5.17
236,3,2,5,300.3,-9.813,-3.272
236,3,3,5,300.3,-10.5,-5.985
236,3,4,5,300.3,-11.693,-8.657
236,3,5,5,300.3,-7.952,-6.727
237,1,1,1,131.4,-15.38,2.027
237,2,1,2,0.0,-8.184,12.138
237,2,2,2,0.0,-4.085,15.891
237,3,1,5,75.6,-4.429,-15.778
237,3,2,5,75.6,-7.919,-14.583
237,3,3,5,75.6,-5.587,-13.244
237,3,4,5,75.6,-3.069,-11.81
237,3,5,5,75.6,-7.03,-10.834
238,1,1,4,51.8,-13.447,-8.449
238,1,2,4,51.8,-16.319,-6.103
238,1,3,4,51.8,-10.849,-5.236
238,1,4,4,51.8,-13.964,-2.873
238,2,1,5,284.6,-10.037,7.6
238,2,2,5,284.6,-6.095,8.412
238,2,3,5,284.6,-7.49,6.073
238,2,4,5,284.6,-8.848,3.428
238,2,5,5,284.6,-5.03,4.603
238,3,1,2,239.6,9.412,-0.051
238,3,2,2,239.6,10.851,-5.447
239,1,1,5,104.4,-6.113,1.147
239,1,2,5,104.4,-9.838,0.195
239,1,3,5,104.4,-8.533,2.621
239,1,4,5,104.4,-7.156,5.083
239,1,5,5,104.4,-10.856,3.95
239,2,1,5,302.7,-3.216,-7.322
239,2,2,5,302.7,-0.088,-5.028
239,2,3,5,302.7,-0.681,-7.964
239,2,4,5,302.7,-1.264,-10.866
239,2,5,5,302.7,2.155,-8.459
239,3,1,4,290.8,6.019,5.748
239,3,2,4,290.8,9.691,7.002
239,3,3,4,290.8,7.516,1.925
239,3,4,4,290.8,11.225,3.237
240,1,1,5,54.2,-11.413,-3.444
240,1,2,5,54.2,-14.677,-0.974
240,1,3,5,54.2,-11.78,-0.557
240,1,4,5,54.2,-8.876,-0.158
240,1,5,5,54.2,-12.142,2.138
240,2,1,5,295.4,-5.341,15.217
240,2,2,5,295.4,-1.638,17.061
240,2,3,5,295.4,-2.725,14.578
240,2,4,5,295.4,-3.55,11.651
240,2,5,5,295.4,-0.009,13.303
240,3,1,2,223.3,11.09,-0.611
240,3,2,2,223.3,11.061,-6.13
241,1,1,5,54.3,0.056,-10.289
241,1,2,5,54.3,-3.17,-7.707
241,1,3,5,54.3,-0.285,-7.336
241,1,4,5,54.3,2.472,-6.824
241,1,5,5,54.3,-0.893,-4.697
241,2,1,5,185.2,-12.711,-3.601
241,2,2,5,185.2,-12.316,-7.701
241,2,3,5,185.2,-14.584,-5.88
241,2,4,5,185.2,-16.677,-4.042
241,2,5,5,185.2,-16.249,-8.186
241,3,1,1,217.4,-7.017,3.853
242,1,1,3,197.3,-1.728,-12.163
242,1,2,3,197.3,-2.94,-14.52
242,1,3,3,197.3,-4.494,-17.079
242,2,1,3,7.7,3.984,1.758
242,2,2,3,7.7,5.763,3.875
242,2,3,3,7.7,7.56,6.401
242,3,1,6,182.9,-3.751,8.638
242,3,2,6,182.9,-3.911,6.708
242,3,3,6,182.9,-3.86,4.711
242,3,4,6,182.9,-7.899,8.497
242,3,5,6,182.9,-7.811,6.488
242,3,6,6,182.9,-7.621,4.467
243,1,1,5,179.9,-9.65,-8.59
243,1,2,5,179.9,-9.789,-12.611
243,1,3,5,179.9,-11.687,-10.75
243,1,4,5,179.9,-13.744,-8.837
243,1,5,5,179.9,-13.56,-12.672
243,2,1,2,314.9,-11.697,8.835
243,2,2,2,314.9,-6.162,8.777
243,3,1,5,267.2,4.191,-0.46
243,3,2,5,267.2,8.353,-0.732
243,3,3,5,267.2,6.067,-2.626
243,3,4,5,267.2,3.837,-4.381
243,3,5,5,267.2,7.831,-4.366
244,1,1,5,272.6,-7.096,-2.944
244,1,2,5,272.6,-3.111,-2.815
244,1,3,5,272.6,-4.892,-4.879
244,1,4,5,272.6,-7.0,-6.99
244,1,5,5,272.6,-3.21,-6.814
244,2,1,6,19.3,3.985,-3.514
244,2,2,6,19.3,3.243,-1.746
244,2,3,6,19.3,2.676,-0.065
244,2,4,6,19.3,7.745,-2.262
244,2,5,6,19.3,6.931,-0.492
244,2,6,6,19.3,6.418,1.514
244,3,1,4,162.5,5.944,10.087
244,3,2,4,162.5,4.709,6.018
244,3,3,4,162.5,2.052,11.296
244,3,4,4,162.5,0.861,7.461
245,1,1,3,271.5,-7.839,16.202
245,1,2,3,271.5,-5.919,14.166
245,1,3,3,271.5,-3.75,12.346
245,2,1,4,343.1,-2.414,-3.078
245,2,2,4,343.1,-1.178,0.487
245,2,3,4,343.1,1.399,-4.339
245,2,4,4,343.1,2.524,-0.465
245,3,1,5,224.3,0.576,-7.077
245,3,2,5,224.3,3.229,-9.885
245,3,3,5,224.3,0.413,-9.864
245,3,4,5,224.3,-2.31,-9.698
245,3,5,5,224.3,0.399,-12.642
246,1,1,2,11.4,-6.34,2.131
246,1,2,2,11.4,-3.26,6.765
246,2,1,4,238.1,-8.601,-0.456
246,2,2,4,238.1,-5.178,-2.664
246,2,3,4,238.1,-10.545,-3.859
246,2,4,4,238.1,-7.281,-5.805
246,3,1,1,197.8,6.261,-2.727
247,1,1,2,34.2,-1.389,-6.121
247,1,2,2,34.2,-0.222,-0.927
247,2,1,1,216.1,-0.287,10.659
247,3,1,3,275.6,-12.88,10.509
247,3,2,3,275.6,-10.498,8.693
247,3,3,3,275.6,-8.494,7.042
248,1,1,6,68.2,-1.135,5.915
248,1,2,6,68.2,-3.202,6.703
248,1,3,6,68.2,-5.021,7.482
248,1,4,6,68.2,0.291,9.736
248,1,5,6,68.2,-1.431,10.345
248,1,6,6,68.2,-3.372,11.197
248,2,1,6,304.3,1.855,-4.383
248,2,2,6,304.3,3.515,-2.97
248,2,3,6,304.3,5.242,-2.057
248,2,4,6,304.3,4.127,-7.579
248,2,5,6,304.3,5.823,-6.634
248,2,6,6,304.3,7.518,-5.266
248,3,1,3,176.3,-3.556,-9.426
248,3,2,3,176.3,-5.738,-11.458
248,3,3,3,176.3,-7.648,-13.27
249,1,1,4,173.4,11.493,-10.336
249,1,2,4,173.4,10.978,-14.288
249,1,3,4,173.4,7.342,-9.88
249,1,4,4,173.4,7.135,-13.93
249,2,1,4,11.4,-2.768,-10.228
249,2,2,4,11.4,-3.411,-6.445
249,2,3,4,11.4,1.235,-9.557
249,2,4,4,11.4,0.289,-5.654
249,3,1,6,211.4,10.981,11.529
249,3,2,6,211.4,11.926,9.873
249,3,3,6,211.4,13.049,8.065
249,3,4,6,211.4,7.638,9.354
249,3,5,6,211.4,8.453,7.717
249,3,6,6,211.4,9.499,6.079
250,1,1,3,302.8,-0.501,12.51
250,1,2,3,302.8,2.16,11.662
250,1,3,3,302.8,5.145,11.262
250,2,1,2,1.3,-10.723,5.6
250,2,2,2,1.3,-7.101,9.647
250,3,1,3,48.5,-3.435,-13.85
250,3,2,3,48.5,-3.501,-10.997
250,3,3,3,48.5,-3.88,-8.034
251,1,1,6,255.5,-7.21,10.596
251,1,2,6,255.5,-5.506,10.055
251,1,3,6,255.5,-3.481,9.429
251,1,4,6,255.5,-8.146,6.662
251,1,5,6,255.5,-6.127,6.034
251,1,6,6,255.5,-4.42,5.7
251,2,1,4,295.4,7.797,-6.758
251,2,2,4,295.4,11.216,-4.999
251,2,3,4,295.4,9.348,-10.444
251,2,4,4,295.4,13.044,-8.667
251,3,1,5,287.9,-6.225,-7.748
251,3,2,5,287.9,-2.635,-6.504
251,3,3,5,287.9,-3.646,-9.044
251,3,4,5,287.9,-5.036,-11.6
251,3,5,5,287.9,-1.199,-10.271
252,1,1,6,238.9,-3.244,2.149
252,1,2,6,238.9,-1.361,0.726
252,1,3,6,238.9,0.264,-0.246
252,1,4,6,238.9,-5.117,-1.48
252,1,5,6,238.9,-3.581,-2.589
252,1,6,6,238.9,-1.87,-3.551
252,2,1,5,125.1,2.197,-9.401
252,2,2,5,125.1,-0.697,-11.944
252,2,3,5,125.1,-0.311,-9.003
252,2,4,5,125.1,0.236,-6.153
252,2,5,5,125.1,-3.168,-8.594
252,3,1,4,51.7,13.116,-8.307
252,3,2,4,51.7,10.183,-5.568
252,3,3,4,51.7,15.662,-5.143
252,3,4,4,51.7,12.384,-2.437
253,1,1,3,293.4,4.636,8.695
253,1,2,3,293.4,6.987,7.76
253,1,3,3,293.4,9.956,6.651
253,2,1,1,137.3,1.797,-12.119
253,3,1,6,249.8,-13.517,4.614
253,3,2,6,249.8,-11.73,3.911
253,3,3,6,249.8,-9.835,3.268
253,3,4,6,249.8,-14.907,0.877
253,3,5,6,249.8,-12.897,0.016
253,3,6,6,249.8,-11.105,-0.455
254,1,1,5,322.5,6.68,-11.515
254,1,2,5,322.5,9.173,-8.474
254,1,3,5,322.5,9.472,-11.115
254,1,4,5,322.5,9.98,-14.098
254,1,5,5,322.5,12.294,-10.773
254,2,1,2,61.2,0.354,-9.293
254,2,2,2,61.2,-1.377,-3.706
254,3,1,6,47.7,-8.07,-1.892
254,3,2,6,47.7,-9.65,-0.487
254,3,3,6,47.7,-10.934,0.747
254,3,4,6,47.7,-5.47,1.001
254,3,5,6,47.7,-7.067,2.383
254,3,6,6,47.7,-8.505,3.616
255,1,1,3,246.1,-14.315,-2.914
255,1,2,3,246.1,-13.372,-5.356
255,1,3,3,246.1,-12.346,-8.277
255,2,1,3,64.2,14.001,-0.186
255,2,2,3,64.2,12.988,2.613
255,2,3,3,64.2,11.969,5.317
255,3,1,6,87.5,1.925,-2.86
255,3,2,6,87.5,-0.223,-2.668
255,3,3,6,87.5,-2.318,-2.639
255,3,4,6,87.5,1.933,1.114
255,3,5,6,87.5,-0.077,1.232
255,3,6,6,87.5,-2.095,1.391
256,1,1,2,78.0,0.958,4.311
256,1,2,2,78.0,-2.342,8.893
256,2,1,3,216.7,14.242,0.469
256,2,2,3,216.7,13.744,-2.13
256,2,3,3,216.7,13.643,-4.881
256,3,1,2,288.9,-15.015,-0.974
256,3,2,2,288.9,-9.875,-3.317
257,1,1,3,337.2,2.905,-7.025
257,1,2,3,337.2,5.658,-6.151
257,1,3,3,337.2,8.204,-5.005
257,2,1,3,3.0,7.302,8.98
257,2,2,3,3.0,9.6,11.229
257,2,3,3,3.0,11.266,13.302
257,3,1,3,151.3,-8.947,9.391
257,3,2,3,151.3,-11.683,8.694
257,3,3,3,151.3,-14.387,7.96
258,1,1,5,295.5,7.52,-9.975
258,1,2,5,295.5,11.137,-8.468
258,1,3,5,295.5,10.303,-11.059
258,1,4,5,295.5,9.142,-13.487
258,1,5,5,295.5,13.02,-11.809
258,2,1,1,269.5,-13.147,-0.804
258,3,1,2,1.7,-7.611,8.09
258,3,2,2,1.7,-3.927,12.253
259,1,1,5,268.7,-6.946,-8.446
259,1,2,5,268.7,-3.025,-8.52
259,1,3,5,268.7,-4.902,-10.293
259,1,4,5,268.7,-7.198,-12.523
259,1,5,5,268.7,-3.095,-12.571
259,2,1,5,237.8,-12.44,9.558
259,2,2,5,237.8,-9.021,7.269
259,2,3,5,237.8,-11.951,7.027
259,2,4,5,237.8,-14.569,6.201
259,2,5,5,237.8,-11.226,4.112
259,3,1,6,133.6,14.141,-6.595
259,3,2,6,133.6,12.812,-7.919
259,3,3,6,133.6,11.278,-9.207
259,3,4,6,133.6,11.468,-3.82
259,3,5,6,133.6,10.148,-5.174
259,3,6,6,133.6,8.414,-6.602
260,1,1,2,53.5,-6.15,-1.302
260,1,2,2,53.5,-7.025,4.428
260,2,1,3,41.9,4.099,-12.458
260,2,2,3,41.9,4.058,-9.484
260,2,3,3,41.9,4.619,-6.767
260,3,1,1,273.0,-6.783,11.203
261,1,1,5,127.4,-9.918,9.195
261,1,2,5,127.4,-13.053,6.699
261,1,3,5,127.4,-12.642,9.405
261,1,4,5,127.4,-12.4,12.345
261,1,5,5,127.4,-15.428,9.824
261,2,1,2,0.7,7.584,-14.171
261,2,2,2,0.7,11.509,-10.117
261,3,1,6,290.9,8.506,4.705
261,3,2,6,290.9,10.249,5.477
261,3,3,6,290.9,12.081,6.255
261,3,4,6,290.9,9.868,0.906
261,3,5,6,290.9,11.526,1.551
261,3,6,6,290.9,13.47,2.379
262,1,1,5,139.2,2.739,3.387
262,1,2,5,139.2,0.046,0.305
262,1,3,5,139.2,-0.208,3.273
262,1,4,5,139.2,-0.565,6.048
262,1,5,5,139.2,-3.207,2.903
262,2,1,1,119.0,2.536,-7.716
262,3,1,6,82.8,-8.823,3.203
262,3,2,6,82.8,-10.803,3.498
262,3,3,6,82.8,-12.807,3.822
262,3,4,6,82.8,-8.347,7.133
262,3,5,6,82.8,-10.203,7.481
262,3,6,6,82.8,-12.179,7.685
263,1,1,2,79.1,-1.764,-6.961
263,1,2,2,79.1,-4.933,-2.125
263,2,1,4,249.5,3.08,-6.4
263,2,2,4,249.5,6.91,-7.718
263,2,3,4,249.5,1.817,-10.371
263,2,4,4,249.5,5.521,-11.606
263,3,1,2,42.8,12.645,-11.973
263,3,2,2,42.8,12.905,-6.386
264,1,1,5,357.8,-5.869,-11.866
264,1,2,5,357.8,-5.791,-8.024
264,1,3,5,357.8,-4.086,-9.987
264,1,4,5,357.8,-1.812,-12.03
264,1,5,5,357.8,-1.774,-8.082
264,2,1,5,313.0,-10.145,-0.997
264,2,2,5,313.0,-7.142,1.667
264,2,3,5,313.0,-7.055,-1.053
264,2,4,5,313.0,-7.382,-4.235
264,2,5,5,313.0,-4.361,-1.317
264,3,1,6,289.9,-15.665,6.385
264,3,2,6,289.9,-13.813,7.076
264,3,3,6,289.9,-11.969,7.753
264,3,4,6,289.9,-14.446,2.748
264,3,5,6,289.9,-12.611,3.327
264,3,6,6,289.9,-10.597,4.08
265,1,1,3,43.0,0.166,9.879
265,1,2,3,43.0,0.504,12.557
265,1,3,3,43.0,0.765,15.404
265,2,1,5,35.0,2.2,-11.937
265,2,2,5,35.0,0.063,-8.495
265,2,3,5,35.0,2.81,-9.116
265,2,4,5,35.0,5.668,-9.671
265,2,5,5,35.0,3.326,-6.469
265,3,1,2,232.2,12.122,-0.139
265,3,2,2,232.2,12.827,-5.491
266,1,1,2,194.7,-8.863,10.588
266,1,2,2,194.7,-11.957,5.752
266,2,1,4,177.6,-6.09,-10.348
266,2,2,4,177.6,-6.342,-14.385
266,2,3,4,177.6,-10.143,-10.427
266,2,4,4,177.6,-10.08,-14.255
266,3,1,2,248.5,11.573,5.942
266,3,2,2,248.5,14.028,0.798
267,1,1,3,343.4,6.401,-3.134
267,1,2,3,343.4,8.954,-1.666
267,1,3,3,343.4,11.539,-0.466
267,2,1,3,314.2,8.518,9.376
267,2,2,3,314.2,11.563,9.07
267,2,3,3,314.2,14.395,9.13
267,3,1,1,353.3,1.077,-14.201
268,1,1,2,1.5,-9.277,11.868
268,1,2,2,1.5,-5.33,15.863
268,2,1,5,252.5,2.989,-3.63
268,2,2,5,252.5,7.016,-4.831
268,2,3,5,252.5,4.39,-6.025
268,2,4,5,252.5,1.898,-7.576
268,2,5,5,252.5,5.516,-8.588
268,3,1,2,333.9,-2.236,2.258
268,3,2,2,333.9,3.258,4.129
269,1,1,2,133.8,-4.561,-0.896
269,1,2,2,133.8,-10.068,-1.096
269,2,1,5,70.6,7.066,5.386
269,2,2,5,70.6,3.162,6.581
269,2,3,5,70.6,5.734,7.695
269,2,4,5,70.6,8.335,9.001
269,2,5,5,70.6,4.535,10.487
269,3,1,4,24.6,2.158,-16.198
269,3,2,4,24.6,0.367,-12.529
269,3,3,4,24.6,5.899,-14.483
269,3,4,4,24.6,4.151,-10.807
270,1,1,4,200.0,-2.049,16.495
270,1,2,4,200.0,-0.574,12.801
270,1,3,4,200.0,-5.793,15.109
270,1,4,4,200.0,-4.336,11.361
270,2,1,3,354.1,-1.636,-12.605
270,2,2,3,354.1,0.434,-11.024
270,2,3,3,354.1,2.71,-9.097
270,3,1,2,285.1,-14.038,8.832
270,3,2,2,285.1,-9.233,6.315
271,1,1,2,293.0,0.023,15.111
271,1,2,2,293.0,5.258,13.236
271,2,1,4,263.4,-0.21,-12.546
271,2,2,4,263.4,3.57,-12.889
271,2,3,4,263.4,-0.654,-16.285
271,2,4,4,263.4,3.237,-16.838
271,3,1,5,311.8,10.661,-1.727
271,3,2,5,311.8,13.79,0.986
271,3,3,5,311.8,13.546,-1.893
271,3,4,5,311.8,13.327,-4.605
271,3,5,5,311.8,16.502,-1.944
272,1,1,4,116.0,-6.957,7.66
272,1,2,4,116.0,-10.625,5.94
272,1,3,4,116.0,-8.686,11.219
272,1,4,4,116.0,-12.325,9.652
272,2,1,6,43.8,-15.367,-2.78
272,2,2,6,43.8,-16.539,-1.488
272,2,3,6,43.8,-18.007,0.167
272,2,4,6,43.8,-12.493,-0.094
272,2,5,6,43.8,-13.665,1.61
272,2,6,6,43.8,-15.336,3.035
272,3,1,4,232.3,8.342,14.972
272,3,2,4,232.3,11.389,12.433
272,3,3,4,232.3,5.969,11.714
272,3,4,4,232.3,9.188,9.393
273,1,1,1,128.0,7.74,-11.053
273,2,1,3,13.4,-15.047,0.034
273,2,2,3,13.4,-13.783,2.221
273,2,3,3,13.4,-12.232,4.556
273,3,1,4,157.1,11.626,9.264
273,3,2,4,157.1,10.146,5.656
273,3,3,4,157.1,7.917,10.762
273,3,4,4,157.1,6.394,7.405
274,1,1,1,317.2,-6.619,-7.862
274,2,1,6,335.9,-2.911,8.729
274,2,2,6,335.9,-2.126,10.661
274,2,3,6,335.9,-1.186,12.498
274,2,4,6,335.9,0.498,7.264
274,2,5,6,335.9,1.549,8.935
274,2,6,6,335.9,2.211,10.758
274,3,1,5,264.1,-0.19,-7.733
274,3,2,5,264.1,3.909,-8.309
274,3,3,5,264.1,1.692,-9.947
274,3,4,5,264.1,-0.372,-11.81
274,3,5,5,264.1,3.53,-12.194
275,1,1,1,112.3,-11.817,-7.841
275,2,1,6,56.0,-12.886,0.554
275,2,2,6,56.0,-14.745,1.827
275,2,3,6,56.0,-16.393,2.681
275,2,4,6,56.0,-10.72,3.934
275,2,5,6,56.0,-12.7,5.046
275,2,6,6,56.0,-14.21,6.081
275,3,1,3,128.4,12.687,2.225
275,3,2,3,128.4,9.767,2.269
275,3,3,3,128.4,7.176,2.496
276,1,1,4,236.5,-1.065,13.857
276,1,2,4,236.5,2.293,11.836
276,1,3,4,236.5,-3.208,10.504
276,1,4,4,236.5,0.175,8.37
276,2,1,6,118.6,-8.237,-9.923
276,2,2,6,118.6,-10.149,-10.868
276,2,3,6,118.6,-12.1,-11.86
276,2,4,6,118.6,-10.457,-6.324
276,2,5,6,118.6,-12.217,-7.306
276,2,6,6,118.6,-13.834,-8.605
276,3,1,2,15.4,-12.63,-3.22
276,3,2,2,15.4,-9.815,1.599
277,1,1,5,14.3,1.089,8.514
277,1,2,5,14.3,0.148,12.21
277,1,3,5,14.3,2.688,10.614
277,1,4,5,14.3,5.014,9.361
277,1,5,5,14.3,4.094,13.247
277,2,1,5,83.1,10.62,1.825
277,2,2,5,83.1,6.6,2.27
277,2,3,5,83.1,8.815,3.934
277,2,4,5,83.1,11.059,5.847
277,2,5,5,83.1,7.089,6.05
277,3,1,4,98.8,3.7,-2.203
277,3,2,4,98.8,-0.287,-3.075
277,3,3,4,98.8,3.035,1.715
277,3,4,4,98.8,-0.914,1.139
278,1,1,6,316.5,7.001,-11.309
278,1,2,6,316.5,8.277,-9.706
278,1,3,6,316.5,9.648,-8.394
278,1,4,6,316.5,9.845,-14.125
278,1,5,6,316.5,11.025,-12.736
278,1,6,6,316.5,12.56,-11.115
278,2,1,3,279.2,-0.116,7.246
278,2,2,3,279.2,2.134,5.541
278,2,3,3,279.2,4.426,3.913
278,3,1,1,25.3,-3.606,-13.671
279,1,1,6,206.9,12.139,9.55
279,1,2,6,206.9,12.893,7.525
279,1,3,6,206.9,13.82,6.154
279,1,4,6,206.9,8.526,7.794
279,1,5,6,206.9,9.425,5.924
279,1,6,6,206.9,10.274,4.0
279,2,1,3,65.0,15.25,-7.785
279,2,2,3,65.0,14.299,-5.517
279,2,3,3,65.0,13.263,-2.777
279,3,1,5,122.7,6.855,-2.722
279,3,2,5,122.7,3.495,-4.932
279,3,3,5,122.7,4.272,-2.126
279,3,4,5,122.7,4.763,0.702
279,3,5,5,122.7,1.384,-1.494
280,1,1,5,187.1,11.811,7.633
280,1,2,5,187.1,12.331,3.456
280,1,3,5,187.1,10.173,5.17
280,1,4,5,187.1,7.753,7.068
280,1,5,5,187.1,8.423,3.07
280,2,1,3,10.6,-6.336,9.725
280,2,2,3,10.6,-4.517,11.861
280,2,3,3,10.6,-3.017,14.249
280,3,1,1,155.7,0.759,-6.085
281,1,1,5,111.4,2.125,-9.762
281,1,2,5,111.4,-1.576,-11.258
281,1,3,5,111.4,-0.619,-8.705
281,1,4,5,111.4,0.711,-6.034
281,1,5,5,111.4,-3.042,-7.464
281,2,1,2,252.3,13.468,7.305
281,2,2,2,252.3,15.854,2.292
281,3,1,6,260.8,9.6,-5.066
281,3,2,6,260.8,11.529,-5.345
281,3,3,6,260.8,13.56,-5.452
281,3,4,6,260.8,8.856,-8.813
281,3,5,6,260.8,10.941,-9.355
281,3,6,6,260.8,13.111,-9.519
282,1,1,1,270.4,-9.451,10.804
282,2,1,5,352.8,-13.891,-2.333
282,2,2,5,352.8,-13.318,1.683
282,2,3,5,352.8,-11.695,-0.563
282,2,4,5,352.8,-9.905,-2.623
282,2,5,5,352.8,-9.395,1.092
282,3,1,6,86.5,14.792,-5.758
282,3,2,6,86.5,13.106,-5.599
282,3,3,6,86.5,10.916,-5.569
282,3,4,6,86.5,15.332,-1.749
282,3,5,6,86.5,13.299,-1.732
282,3,6,6,86.5,11.434,-1.567
283,1,1,2,325.9,-11.616,-3.483
283,1,2,2,325.9,-6.159,-2.607
283,2,1,1,128.3,-0.717,-3.492
283,3,1,2,62.4,13.4,-12.141
283,3,2,2,62.4,11.729,-6.74
284,1,1,5,104.7,-4.058,9.68
284,1,2,5,104.7,-7.891,8.798
284,1,3,5,104.7,-6.568,11.301
284,1,4,5,104.7,-5.099,13.49
284,1,5,5,104.7,-8.861,12.521
284,2,1,1,255.9,7.81,-2.232
284,3,1,2,109.7,4.462,-12.844
284,3,2,2,109.7,-0.644,-10.31
285,1,1,1,56.7,0.527,-0.937
285,2,1,1,165.5,-8.724,5.257
285,3,1,1,190.2,15.402,-3.392
286,1,1,2,242.0,-12.664,3.732
286,1,2,2,242.0,-10.965,-1.594
286,2,1,5,308.7,6.272,6.387
286,2,2,5,308.7,9.563,8.841
286,2,3,5,308.7,9.025,5.994
286,2,4,5,308.7,8.688,3.109
286,2,5,5,308.7,11.984,5.68
286,3,1,2,0.4,-8.791,-12.444
286,3,2,2,0.4,-4.618,-8.422
287,1,1,3,11.8,9.103,-13.38
287,1,2,3,11.8,10.886,-10.814
287,1,3,3,11.8,12.429,-8.553
287,2,1,6,292.7,-10.796,14.8
287,2,2,6,292.7,-8.657,15.755
287,2,3,6,292.7,-7.018,16.326
287,2,4,6,292.7,-9.297,11.058
287,2,5,6,292.7,-7.41,11.836
287,2,6,6,292.7,-5.555,12.768
287,3,1,5,109.7,2.09,-9.525
287,3,2,5,109.7,-1.657,-11.043
287,3,3,5,109.7,-0.586,-8.361
287,3,4,5,109.7,0.73,-5.914
287,3,5,5,109.7,-2.91,-7.048
288,1,1,5,129.5,4.438,-3.962
288,1,2,5,129.5,1.488,-6.601
288,1,3,5,129.5,1.621,-3.681
288,1,4,5,129.5,1.925,-0.955
288,1,5,5,129.5,-1.194,-3.349
288,2,1,3,200.4,2.047,14.071
288,2,2,3,200.4,0.832,11.747
288,2,3,3,200.4,-0.39,9.133
288,3,1,5,154.2,-9.102,6.828
288,3,2,5,154.2,-10.775,3.103
288,3,3,5,154.2,-11.793,6.015
288,3,4,5,154.2,-12.834,8.698
288,3,5,5,154.2,-14.415,4.87
289,1,1,6,203.1,-10.747,7.357
289,1,2,6,203.1,-10.002,5.574
289,1,3,6,203.1,-9.08,3.748
289,1,4,6,203.1,-14.5,5.746
289,1,5,6,203.1,-13.651,4.09
289,1,6,6,203.1,-12.822,2.36
289,2,1,6,37.5,5.444,-7.839
289,2,2,6,37.5,4.205,-6.385
289,2,3,6,37.5,2.945,-4.721
289,2,4,6,37.5,8.55,-5.425
289,2,5,6,37.5,7.418,-3.954
289,2,6,6,37.5,6.083,-2.139
289,3,1,6,352.3,-5.683,11.637
289,3,2,6,352.3,-5.345,13.671
289,3,3,6,352.3,-5.216,15.593
289,3,4,6,352.3,-1.901,10.971
289,3,5,6,352.3,-1.49,13.144
289,3,6,6,352.3,-1.132,15.086
290,1,1,6,295.4,-1.504,1.044
290,1,2,6,295.4,0.121,1.719
290,1,3,6,295.4,1.788,2.68
290,1,4,6,295.4,0.036,-2.638
290,1,5,6,295.4,1.779,-1.671
290,1,6,6,295.4,3.642,-0.872
290,2,1,1,118.3,-13.321,5.872
290,3,1,4,152.8,-1.188,-14.234
290,3,2,4,152.8,-3.004,-17.921
290,3,3,4,152.8,-4.905,-12.453
290,3,4,4,152.8,-6.719,-15.941
291,1,1,3,237.2,-15.171,7.117
291,1,2,3,237.2,-14.501,4.116
291,1,3,3,237.2,-13.64,1.486
291,2,1,2,109.9,5.636,8.24
291,2,2,2,109.9,0.624,10.579
291,3,1,3,74.3,13.628,-9.982
291,3,2,3,74.3,12.417,-7.433
291,3,3,3,74.3,10.986,-5.219
292,1,1,4,223.4,7.632,-5.266
292,1,2,4,223.4,10.401,-8.23
292,1,3,4,223.4,4.796,-7.934
292,1,4,4,223.4,7.683,-10.734
292,2,1,6,141.2,-6.206,-3.699
292,2,2,6,141.2,-7.374,-5.103
292,2,3,6,141.2,-8.492,-6.667
292,2,4,6,141.2,-9.167,-1.264
292,2,5,6,141.2,-10.661,-2.83
292,2,6,6,141.2,-11.791,-4.3
292,3,1,1,122.8,4.222,11.744
293,1,1,1,245.8,15.654,3.116
293,2,1,1,228.7,-0.351,-7.54
293,3,1,4,165.8,-7.768,8.349
293,3,2,4,165.8,-8.863,4.656
293,3,3,4,165.8,-11.44,9.531
293,3,4,4,165.8,-12.652,5.485
294,1,1,6,153.7,15.165,-7.105
294,1,2,6,153.7,14.155,-9.009
294,1,3,6,153.7,13.329,-10.8
294,1,4,6,153.7,11.518,-5.629
294,1,5,6,153.7,10.662,-7.342
294,1,6,6,153.7,9.726,-9.171
294,2,1,4,354.3,3.702,-0.295
294,2,2,4,354.3,4.11,3.511
294,2,3,4,354.3,7.704,-0.473
294,2,4,4,354.3,8.231,3.145
294,3,1,2,233.5,-0.922,15.224
294,3,2,2,233.5,-0.206,9.579
295,1,1,1,223.0,4.113,0.911
295,2,1,1,359.4,13.196,6.222
295,3,1,4,200.6,-8.56,-8.893
295,3,2,4,200.6,-7.158,-12.679
295,3,3,4,200.6,-12.103,-10.416
295,3,4,4,200.6,-10.844,-13.949
296,1,1,1,52.4,-8.763,2.181
296,2,1,6,186.1,10.947,9.916
296,2,2,6,186.1,11.089,7.842
296,2,3,6,186.1,11.384,6.047
296,2,4,6,186.1,6.925,9.352
296,2,5,6,186.1,7.289,7.383
296,2,6,6,186.1,7.368,5.483
296,3,1,6,231.9,-15.216,-1.506
296,3,2,6,231.9,-13.633,-2.734
296,3,3,6,231.9,-12.166,-4.019
296,3,4,6,231.9,-17.692,-4.494
296,3,5,6,231.9,-16.141,-5.916
296,3,6,6,231.9,-14.585,-7.174
297,1,1,4,256.3,-6.908,-2.419
297,1,2,4,256.3,-3.017,-3.471
297,1,3,4,256.3,-7.971,-6.34
297,1,4,4,256.3,-3.962,-7.446
297,2,1,2,145.8,6.928,10.76
297,2,2,2,145.8,1.298,9.689
297,3,1,3,5.8,-15.854,-8.589
297,3,2,3,5.8,-14.078,-6.411
297,3,3,3,5.8,-12.3,-4.119
298,1,1,3,146.1,-11.576,7.416
298,1,2,3,146.1,-14.382,6.854
298,1,3,3,146.1,-16.851,6.19
298,2,1,1,134.6,9.03,13.195
298,3,1,4,136.8,9.303,-11.048
298,3,2,4,136.8,6.438,-14.129
298,3,3,4,136.8,6.35,-8.602
298,3,4,4,136.8,3.558,-11.292
299,1,1,5,243.0,7.071,-4.243
299,1,2,5,243.0,10.53,-5.846
299,1,3,5,243.0,7.891,-6.969
299,1,4,5,243.0,5.177,-7.682
299,1,5,5,243.0,9.018,-9.608
299,2,1,4,61.3,-4.559,7.76
299,2,2,4,61.3,-8.019,9.491
299,2,3,4,61.3,-2.619,11.317
299,2,4,4,61.3,-5.886,13.008
299,3,1,6,40.5,14.903,-4.04
299,3,2,6,40.5,13.497,-2.459
299,3,3,6,40.5,12.314,-0.834
299,3,4,6,40.5,18.013,-1.327
299,3,5,6,40.5,16.552,0.089
299,3,6,6,40.5,15.353,1.667
300,1,1,5,152.8,13.634,-7.824
300,1,2,5,152.8,11.677,-11.44
300,1,3,5,152.8,10.735,-8.743
300,1,4,5,152.8,9.883,-6.135
300,1,5,5,152.8,8.344,-9.772
300,2,1,1,155.5,9.073,4.249
300,3,1,2,115.0,-7.109,-2.791
300,3,2,2,115.0,-12.466,-0.738
301,1,1,2,235.4,-7.632,12.153
301,1,2,2,235.4,-6.564,6.702
301,2,1,3,195.9,8.377,13.395
301,2,2,3,195.9,7.014,11.015
301,2,3,3,195.9,5.752,8.608
301,3,1,3,268.7,6.446,-10.952
301,3,2,3,268.7,8.306,-12.952
301,3,3,3,268.7,10.224,-15.143
302,1,1,6,174.9,15.94,7.669
302,1,2,6,174.9,15.828,5.851
302,1,3,6,174.9,15.661,3.975
302,1,4,6,174.9,11.803,7.976
302,1,5,6,174.9,11.806,6.07
302,1,6,6,174.9,11.563,4.009
302,2,1,5,267.9,1.595,-2.111
302,2,2,5,267.9,5.471,-2.311
302,2,3,5,267.9,3.424,-4.147
302,2,4,5,267.9,1.408,-6.325
302,2,5,5,267.9,5.367,-6.326
302,3,1,6,337.2,-8.803,0.382
302,3,2,6,337.2,-7.955,2.366
302,3,3,6,337.2,-7.434,4.137
302,3,4,6,337.2,-5.196,-1.228
302,3,5,6,337.2,-4.592,0.627
302,3,6,6,337.2,-3.557,2.334
303,1,1,1,200.1,9.709,-11.514
303,2,1,2,166.0,0.723,-1.02
303,2,2,2,166.0,-4.369,-3.951
303,3,1,4,34.2,2.463,6.654
303,3,2,4,34.2,0.114,9.9
303,3,3,4,34.2,5.547,9.117
303,3,4,4,34.2,3.458,12.45
304,1,1,2,279.4,-11.02,-6.463
304,1,2,2,279.4,-6.421,-9.471
304,2,1,3,44.6,-13.768,-3.819
304,2,2,3,44.6,-13.585,-0.971
304,2,3,3,44.6,-13.785,1.784
304,3,1,5,136.4,3.734,8.257
304,3,2,5,136.4,0.944,5.429
304,3,3,5,136.4,1.066,8.312
304,3,4,5,136.4,0.786,10.971
304,3,5,5,136.4,-1.877,8.362
305,1,1,6,209.0,-14.196,5.652
305,1,2,6,209.0,-13.306,3.876
305,1,3,6,209.0,-12.2,2.198
305,1,4,6,209.0,-17.881,3.706
305,1,5,6,209.0,-16.818,1.944
305,1,6,6,209.0,-15.97,0.313
305,2,1,4,342.3,-7.115,4.8
305,2,2,4,342.3,-6.019,8.523
305,2,3,4,342.3,-3.389,3.258
305,2,4,4,342.3,-2.161,7.374
305,3,1,4,95.9,15.941,-9.221
305,3,2,4,95.9,11.866,-9.752
305,3,3,4,95.9,15.596,-5.305
305,3,4,4,95.9,11.676,-5.725
306,1,1,2,282.9,-9.852,-9.208
306,1,2,2,282.9,-4.871,-12.125
306,2,1,4,121.7,-6.042,11.076
306,2,2,4,121.7,-9.234,8.804
306,2,3,4,121.7,-8.018,14.202
306,2,4,4,121.7,-11.636,11.956
306,3,1,4,0.5,1.139,6.481
306,3,2,4,0.5,1.232,10.67
306,3,3,4,0.5,5.03,6.378
306,3,4,4,0.5,5.087,10.28
307,1,1,6,16.3,8.361,8.308
307,1,2,6,16.3,7.649,10.16
307,1,3,6,16.3,7.081,12.103
307,1,4,6,16.3,12.169,9.422
307,1,5,6,16.3,11.534,11.351
307,1,6,6,16.3,11.008,13.3
307,2,1,1,243.9,2.126,-10.388
307,3,1,3,142.3,17.897,-1.316
307,3,2,3,142.3,15.095,-1.597
307,3,3,3,142.3,12.338,-1.939
308,1,1,4,182.7,10.476,2.761
308,1,2,4,182.7,10.707,-1.336
308,1,3,4,182.7,6.521,2.65
308,1,4,4,182.7,6.432,-1.506
308,2,1,6,310.5,-6.302,15.021
308,2,2,6,310.5,-4.798,16.264
308,2,3,6,310.5,-3.273,17.519
308,2,4,6,310.5,-3.763,11.727
308,2,5,6,310.5,-2.302,13.248
308,2,6,6,310.5,-0.841,14.157
308,3,1,4,332.5,-12.93,2.724
308,3,2,4,332.5,-10.963,6.636
308,3,3,4,332.5,-9.243,1.062
308,3,4,4,332.5,-7.423,4.331
309,1,1,3,316.2,3.997,-11.668
309,1,2,3,316.2,6.85,-11.641
309,1,3,3,316.2,9.603,-11.518
309,2,1,1,137.2,-6.765,-10.297
309,3,1,6,198.1,0.258,-1.238
309,3,2,6,198.1,1.002,-3.088
309,3,3,6,198.1,1.53,-4.792
309,3,4,6,198.1,-3.329,-2.41
309,3,5,6,198.1,-2.852,-4.006
309,3,6,6,198.1,-2.148,-6.097
310,1,1,4,180.2,-7.768,-6.976
310,1,2,4,180.2,-7.758,-11.183
310,1,3,4,180.2,-11.92,-7.135
310,1,4,4,180.2,-11.887,-11.125
310,2,1,2,145.2,-1.529,8.533
310,2,2,2,145.2,-7.012,7.261
310,3,1,2,200.4,-11.214,9.898
310,3,2,2,200.4,-13.62,4.722
311,1,1,2,14.8,-0.511,10.364
311,1,2,2,14.8,1.974,15.502
311,2,1,6,25.5,-2.738,-4.7
311,2,2,6,25.5,-3.579,-2.788
311,2,3,6,25.5,-4.696,-1.241
311,2,4,6,25.5,0.836,-2.994
311,2,5,6,25.5,-0.127,-1.155
311,2,6,6,25.5,-0.803,0.591
311,3,1,2,304.4,-8.629,-11.339
311,3,2,2,304.4,-2.982,-12.387
312,1,1,1,334.6,11.2,5.545
312,2,1,2,216.4,1.239,13.994
312,2,2,2,216.4,0.422,8.062
312,3,1,6,287.1,-2.376,-6.24
312,3,2,6,287.1,-0.441,-5.835
312,3,3,6,287.1,1.417,-5.143
312,3,4,6,287.1,-1.269,-10.052
312,3,5,6,287.1,0.846,-9.31
312,3,6,6,287.1,2.636,-8.858
313,1,1,6,46.4,-0.436,-8.258
313,1,2,6,46.4,-2.087,-6.767
313,1,3,6,46.4,-3.553,-5.296
313,1,4,6,46.4,2.165,-5.334
313,1,5,6,46.4,0.768,-3.842
313,1,6,6,46.4,-0.697,-2.457
313,2,1,3,245.1,-6.714,-11.588
313,2,2,3,245.1,-5.591,-14.22
313,2,3,3,245.1,-4.948,-16.752
313,3,1,3,347.9,-13.358,5.607
313,3,2,3,347.9,-10.946,7.055
313,3,3,3,347.9,-8.625,8.644
314,1,1,3,265.7,13.968,0.568
314,1,2,3,265.7,15.76,-1.52
314,1,3,3,265.7,17.71,-3.693
314,2,1,6,3.5,-3.529,-15.102
314,2,2,6,3.5,-3.923,-13.37
314,2,3,6,3.5,-3.928,-11.136
314,2,4,6,3.5,0.155,-14.925
314,2,5,6,3.5,0.049,-12.912
314,2,6,6,3.5,0.134,-10.87
314,3,1,4,349.0,-3.302,11.527
314,3,2,4,349.0,-2.443,15.285
314,3,3,4,349.0,0.819,10.555
314,3,4,4,349.0,1.539,14.534
315,1,1,4,52.0,0.358,2.262
315,1,2,4,52.0,-2.885,4.575
315,1,3,4,52.0,2.676,5.442
315,1,4,4,52.0,-0.31,7.786
315,2,1,1,282.4,-14.762,3.828
315,3,1,5,102.4,-6.162,10.212
315,3,2,5,102.4,-9.958,9.287
315,3,3,5,102.4,-8.328,11.801
315,3,4,5,102.4,-6.854,14.087
315,3,5,5,102.4,-10.769,13.062
316,1,1,2,328.7,-2.806,-13.318
316,1,2,2,328.7,2.82,-12.127
316,2,1,3,106.7,-3.069,3.14
316,2,2,3,106.7,-5.497,4.687
316,2,3,3,106.7,-8.16,6.059
316,3,1,2,249.5,2.779,2.029
316,3,2,2,249.5,4.829,-3.174
317,1,1,6,117.3,1.1,-12.201
317,1,2,6,117.3,-0.551,-12.989
317,1,3,6,117.3,-2.551,-13.987
317,1,4,6,117.3,-0.761,-8.668
317,1,5,6,117.3,-2.551,-9.467
317,1,6,6,117.3,-4.238,-10.371
317,2,1,6,283.2,-8.179,4.355
317,2,2,6,283.2,-6.382,4.848
317,2,3,6,283.2,-4.389,5.371
317,2,4,6,283.2,-7.337,0.435
317,2,5,6,283.2,-5.294,0.958
317,2,6,6,283.2,-3.28,1.234
317,3,1,1,41.3,-14.472,3.45
318,1,1,1,251.1,8.253,-6.0
318,2,1,4,257.9,-12.137,-4.636
318,2,2,4,257.9,-8.226,-5.382
318,2,3,4,257.9,-13.062,-8.486
318,2,4,4,257.9,-8.957,-9.392
318,3,1,1,219.3,-9.356,1.024
319,1,1,4,114.0,-0.005,-5.343
319,1,2,4,114.0,-3.682,-6.879
319,1,3,4,114.0,-1.414,-1.931
319,1,4,4,114.0,-5.454,-3.468
319,2,1,3,213.5,-4.593,6.361
319,2,2,3,213.5,-5.221,3.612
319,2,3,3,213.5,-5.872,0.843
319,3,1,4,163.3,13.186,-4.09
319,3,2,4,163.3,12.135,-7.9
319,3,3,4,163.3,9.41,-2.924
319,3,4,4,163.3,8.455,-6.772
320,1,1,2,125.6,10.155,-7.75
320,1,2,2,125.6,4.653,-6.561
320,2,1,5,266.4,5.355,13.557
320,2,2,5,266.4,9.403,13.222
320,2,3,5,266.4,7.357,11.486
320,2,4,5,266.4,5.046,9.56
320,2,5,5,266.4,9.199,9.126
320,3,1,6,109.9,-9.555,4.644
320,3,2,6,109.9,-11.261,4.072
320,3,3,6,109.9,-13.356,3.195
320,3,4,6,109.9,-10.9,8.416
320,3,5,6,109.9,-12.766,7.675
320,3,6,6,109.9,-14.822,6.949
321,1,1,1,164.4,-8.147,-2.154
321,2,1,6,290.5,5.985,-9.406
321,2,2,6,290.5,7.909,-8.764
321,2,3,6,290.5,9.667,-7.978
321,2,4,6,290.5,7.419,-13.224
321,2,5,6,290.5,9.173,-12.547
321,2,6,6,290.5,11.201,-11.72
321,3,1,3,297.9,-1.984,0.756
321,3,2,3,297.9,0.648,0.047
321,3,3,3,297.9,3.487,-0.863
322,1,1,5,270.5,0.254,-5.103
322,1,2,5,270.5,4.162,-5.461
322,1,3,5,270.5,2.114,-7.271
322,1,4,5,270.5,0.411,-9.158
322,1,5,5,270.5,4.147,-9.173
322,2,1,6,118.3,-7.868,5.498
322,2,2,6,118.3,-9.702,4.377
322,2,3,6,118.3,-11.405,3.58
322,2,4,6,118.3,-9.859,9.019
322,2,5,6,118.3,-11.722,8.166
322,2,6,6,118.3,-13.337,7.03
322,3,1,4,226.3,8.483,16.222
322,3,2,4,226.3,11.246,13.48
322,3,3,4,226.3,5.529,13.336
322,3,4,4,226.3,8.678,10.617
323,1,1,4,285.1,-9.275,10.604
323,1,2,4,285.1,-5.464,11.412
323,1,3,4,285.1,-8.413,6.594
323,1,4,4,285.1,-4.599,7.667
323,2,1,4,41.9,-6.378,-14.319
323,2,2,4,41.9,-8.964,-11.318
323,2,3,4,41.9,-3.345,-11.527
323,2,4,4,41.9,-6.008,-8.841
323,3,1,5,344.7,-12.863,-5.174
323,3,2,5,344.7,-11.821,-1.304
323,3,3,5,344.7,-10.277,-3.804
323,3,4,5,344.7,-8.95,-6.125
323,3,5,5,344.7,-7.726,-2.234
324,1,1,5,60.1,-9.58,-4.963
324,1,2,5,60.1,-12.997,-2.934
324,1,3,5,60.1,-10.175,-2.296
324,1,4,5,60.1,-7.546,-1.471
324,1,5,5,60.1,-11.016,0.577
324,2,1,5,122.2,15.442,-1.761
324,2,2,5,122.2,12.03,-3.78
324,2,3,5,122.2,12.51,-1.019
324,2,4,5,122.2,13.103,1.603
324,2,5,5,122.2,9.838,-0.262
324,3,1,6,135.1,2.984,12.653
324,3,2,6,135.1,1.668,11.234
324,3,3,6,135.1,0.155,9.795
324,3,4,6,135.1,0.192,15.378
324,3,5,6,135.1,-1.077,13.9
324,3,6,6,135.1,-2.62,12.512
325,1,1,1,194.1,-5.031,-9.571
325,2,1,2,298.4,-4.999,2.141
325,2,2,2,298.4,0.586,0.569
325,3,1,1,139.0,3.759,-13.635
326,1,1,3,121.0,-5.29,-1.993
326,1,2,3,121.0,-8.106,-1.395
326,1,3,3,121.0,-10.794,-0.576
326,2,1,5,108.7,-4.866,6.11
326,2,2,5,108.7,-8.47,4.758
326,2,3,5,108.7,-7.216,7.304
326,2,4,5,108.7,-6.23,9.972
326,2,5,5,108.7,-9.931,8.541
326,3,1,3,2.2,13.232,-0.628
326,3,2,3,2.2,15.427,1.457
326,3,3,3,2.2,17.242,3.524
327,1,1,6,240.2,0.55,15.227
327,1,2,6,240.2,2.405,13.956
327,1,3,6,240.2,4.118,13.091
327,1,4,6,240.2,-1.537,11.656
327,1,5,6,240.2,0.297,10.449
327,1,6,6,240.2,2.158,9.615
327,2,1,2,44.6,-15.366,-1.82
327,2,2,2,44.6,-15.37,3.884
327,3,1,1,80.9,-6.005,1.337
328,1,1,3,79.1,-7.617,-6.594
328,1,2,3,79.1,-9.354,-4.351
328,1,3,3,79.1,-10.832,-2.019
328,2,1,3,21.6,5.466,-2.385
328,2,2,3,21.6,6.721,0.237
328,2,3,3,21.6,7.76,2.993
328,3,1,5,265.7,-12.563,6.755
328,3,2,5,265.7,-8.517,6.422
328,3,3,5,265.7,-10.55,4.461
328,3,4,5,265.7,-13.042,2.621
328,3,5,5,265.7,-8.86,2.365
329,1,1,2,294.9,1.116,3.244
329,1,2,2,294.9,6.597,1.275
329,2,1,5,182.4,0.117,-5.144
329,2,2,5,182.4,0.307,-9.136
329,2,3,5,182.4,-1.734,-7.136
329,2,4,5,182.4,-3.895,-5.365
329,2,5,5,182.4,-3.893,-9.424
329,3,1,1,100.1,-9.399,12.905
330,1,1,6,92.5,11.207,3.76
330,1,2,6,92.5,9.157,3.856
330,1,3,6,92.5,7.219,3.607
330,1,4,6,92.5,10.908,7.818
330,1,5,6,92.5,8.998,7.801
330,1,6,6,92.5,6.871,7.698
330,2,1,6,316.2,9.45,-9.524
330,2,2,6,316.2,10.761,-8.066
330,2,3,6,316.2,12.284,-6.617
330,2,4,6,316.2,12.307,-12.304
330,2,5,6,316.2,13.794,-10.771
330,2,6,6,316.2,14.974,-9.383
330,3,1,4,106.6,-6.314,8.62
330,3,2,4,106.6,-10.012,7.509
330,3,3,4,106.6,-7.364,12.303
330,3,4,4,106.6,-11.221,11.347
331,1,1,2,162.3,10.442,5.17
331,1,2,2,162.3,5.401,2.4
331,2,1,5,322.5,-0.653,-13.351
331,2,2,5,322.5,1.83,-10.283
331,2,3,5,322.5,2.092,-13.024
331,2,4,5,322.5,2.448,-15.832
331,2,5,5,322.5,4.904,-12.519
331,3,1,1,49.4,-13.9,4.931
332,1,1,4,239.5,-7.108,8.142
332,1,2,4,239.5,-3.934,5.981
332,1,3,4,239.5,-9.334,4.677
332,1,4,4,239.5,-5.918,2.709
332,2,1,2,156.2,1.405,-9.994
332,2,2,2,156.2,-3.747,-12.134
332,3,1,6,277.6,-8.47,-2.669
332,3,2,6,277.6,-6.404,-2.298
332,3,3,6,277.6,-4.592,-2.234
332,3,4,6,277.6,-7.859,-6.594
332,3,5,6,277.6,-6.02,-6.402
332,3,6,6,277.6,-3.897,-6.061
333,1,1,5,303.1,8.774,-8.883
333,1,2,5,303.1,11.9,-6.614
333,1,3,5,303.1,11.394,-9.257
333,1,4,5,303.1,10.878,-12.026
333,1,5,5,303.1,14.159,-10.023
333,2,1,3,148.6,3.837,3.665
333,2,2,3,148.6,1.124,3.089
333,2,3,3,148.6,-1.83,2.597
333,3,1,3,167.5,3.33,-8.475
333,3,2,3,167.5,0.886,-9.966
333,3,3,3,167.5,-1.344,-11.49
334,1,1,2,206.2,1.035,16.747
334,1,2,2,206.2,-0.762,11.22
334,2,1,6,17.3,8.023,4.079
334,2,2,6,17.3,7.569,6.263
334,2,3,6,17.3,6.854,8.04
334,2,4,6,17.3,11.952,5.444
334,2,5,6,17.3,11.235,7.559
334,2,6,6,17.3,10.603,9.256
334,3,1,1,92.8,-2.979,3.741
335,1,1,1,349.0,8.301,-7.389
335,2,1,4,253.1,-7.726,7.591
335,2,2,4,253.1,-3.908,6.321
335,2,3,4,253.1,-8.982,3.76
335,2,4,4,253.1,-5.031,2.446
335,3,1,6,82.0,-1.435,10.678
335,3,2,6,82.0,-3.141,10.838
335,3,3,6,82.0,-5.213,11.374
335,3,4,6,82.0,-0.831,14.685
335,3,5,6,82.0,-2.935,14.979
335,3,6,6,82.0,-4.792,15.419
336,1,1,1,23.0,-12.108,-7.587
336,2,1,6,97.6,-5.237,0.088
336,2,2,6,97.6,-7.274,0.061
336,2,3,6,97.6,-9.173,-0.221
336,2,4,6,97.6,-5.649,4.203
336,2,5,6,97.6,-7.544,4.067
336,2,6,6,97.6,-9.701,3.746
336,3,1,1,82.4,-1.407,-11.857
337,1,1,3,317.1,-5.089,9.156
337,1,2,3,317.1,-2.226,9.118
337,1,3,3,317.1,0.712,9.334
337,2,1,1,68.3,-6.109,-3.896
337,3,1,1,41.4,6.584,-5.807
338,1,1,1,330.2,12.182,6.674
338,2,1,4,193.9,-2.406,8.771
338,2,2,4,193.9,-1.528,5.068
338,2,3,4,193.9,-6.254,7.828
338,2,4,4,193.9,-5.108,4.057
338,3,1,3,90.8,0.668,-17.868
338,3,2,3,90.8,-1.289,-15.835
338,3,3,3,90.8,-3.119,-13.641
339,1,1,4,9.6,-13.942,2.377
339,1,2,4,9.6,-14.67,6.336
339,1,3,4,9.6,-10.086,3.105
339,1,4,4,9.6,-10.45,7.135
339,2,1,4,122.8,-5.082,-8.055
339,2,2,4,122.8,-8.602,-10.154
339,2,3,4,122.8,-7.199,-4.711
339,2,4,4,122.8,-10.832,-6.836
339,3,1,6,88.3,4.615,4.227
339,3,2,6,88.3,2.605,4.489
339,3,3,6,88.3,0.733,4.513
339,3,4,6,88.3,4.865,8.241
339,3,5,6,88.3,2.788,8.499
339,3,6,6,88.3,0.901,8.578
340,1,1,6,105.9,10.174,1.542
340,1,2,6,105.9,8.456,0.984
340,1,3,6,105.9,6.428,0.381
340,1,4,6,105.9,9.176,5.323
340,1,5,6,105.9,7.294,4.797
340,1,6,6,105.9,5.358,4.104
340,2,1,1,95.5,-0.361,7.757
340,3,1,1,141.0,1.107,-8.089
341,1,1,2,41.1,12.017,4.069
341,1,2,2,41.1,12.371,9.595
341,2,1,5,220.6,-1.32,-3.81
341,2,2,5,220.6,1.243,-6.788
341,2,3,5,220.6,-1.761,-6.493
341,2,4,5,220.6,-4.432,-6.505
341,2,5,5,220.6,-1.944,-9.458
341,3,1,6,309.4,-4.741,-14.467
341,3,2,6,309.4,-3.169,-13.304
341,3,3,6,309.4,-1.619,-12.005
341,3,4,6,309.4,-2.273,-17.565
341,3,5,6,309.4,-0.625,-16.465
341,3,6,6,309.4,1.057,-15.041
342,1,1,5,249.0,-8.656,-5.106
342,1,2,5,249.0,-4.885,-6.271
342,1,3,5,249.0,-7.544,-7.584
342,1,4,5,249.0,-10.123,-8.641
342,1,5,5,249.0,-6.468,-9.982
342,2,1,4,23.9,8.08,-10.835
342,2,2,4,23.9,6.374,-7.252
342,2,3,4,23.9,11.719,-9.162
342,2,4,4,23.9,10.336,-5.592
342,3,1,3,111.5,-9.162,-1.116
342,3,2,3,111.5,-11.572,0.125
342,3,3,3,111.5,-14.313,1.362
343,1,1,3,136.9,11.545,8.866
343,1,2,3,136.9,8.636,8.642
343,1,3,3,136.9,5.764,8.856
343,2,1,6,79.0,0.126,-3.543
343,2,2,6,79.0,-2.039,-3.063
343,2,3,6,79.0,-3.888,-2.701
343,2,4,6,79.0,0.971,0.653
343,2,5,6,79.0,-1.03,0.967
343,2,6,6,79.0,-2.981,1.357
343,3,1,2,23.6,6.344,-3.248
343,3,2,2,23.6,8.473,2.047
344,1,1,4,313.2,-4.257,2.574
344,1,2,4,313.2,-1.307,5.114
344,1,3,4,313.2,-1.489,-0.55
344,1,4,4,313.2,1.436,2.167
344,2,1,2,333.6,12.029,-3.933
344,2,2,2,333.6,17.34,-1.96
344,3,1,3,313.6,5.251,3.672
344,3,2,3,313.6,7.947,3.513
344,3,3,3,313.6,10.964,3.325
345,1,1,3,57.0,2.399,-3.48
345,1,2,3,57.0,1.905,-0.747
345,1,3,3,57.0,1.464,1.957
345,2,1,1,61.6,3.931,-13.026
345,3,1,2,30.0,-6.98,-10.836
345,3,2,2,30.0,-5.488,-5.444
346,1,1,2,242.5,0.414,-1.018
346,1,2,2,242.5,2.303,-6.374
346,2,1,6,174.3,14.39,-5.077
346,2,2,6,174.3,14.09,-7.106
346,2,3,6,174.3,14.022,-9.049
346,2,4,6,174.3,10.177,-4.621
346,2,5,6,174.3,10.072,-6.815
346,2,6,6,174.3,10.044,-8.715
346,3,1,5,224.8,8.425,15.037
346,3,2,5,224.8,11.296,12.372
346,3,3,5,224.8,8.468,12.261
346,3,4,5,224.8,5.63,12.375
346,3,5,5,224.8,8.393,9.496
347,1,1,6,62.6,-13.269,4.906
347,1,2,6,62.6,-14.699,6.0
347,1,3,6,62.6,-16.67,6.861
347,1,4,6,62.6,-11.158,8.675
347,1,5,6,62.6,-13.056,9.563
347,1,6,6,62.6,-14.747,10.449
347,2,1,2,145.4,9.73,-4.855
347,2,2,2,145.4,4.208,-5.664
347,3,1,3,137.9,5.34,14.621
347,3,2,3,137.9,2.573,14.608
347,3,3,3,137.9,-0.192,14.529
348,1,1,4,197.6,-2.202,10.245
348,1,2,4,197.6,-1.013,6.679
348,1,3,4,197.6,-6.101,9.08
348,1,4,4,197.6,-4.9,5.464
348,2,1,4,17.9,10.095,6.386
348,2,2,4,17.9,8.967,10.222
348,2,3,4,17.9,14.037,7.515
348,2,4,4,17.9,12.847,11.315
348,3,1,1,312.8,3.251,0.698
349,1,1,2,263.9,0.001,3.481
349,1,2,2,263.9,3.453,-0.721
349,2,1,4,352.2,-4.669,-13.178
349,2,2,4,352.2,-3.853,-9.153
349,2,3,4,352.2,-0.498,-13.849
349,2,4,4,352.2,0.075,-9.867
349,3,1,5,123.1,-10.312,3.249
349,3,2,5,123.1,-13.775,0.885
349,3,3,5,123.1,-13.01,3.611
349,3,4,5,123.1,-12.217,6.341
349,3,5,5,123.1,-15.844,4.071
350,1,1,4,318.5,-0.395,-8.694
350,1,2,4,318.5,2.089,-5.77
350,1,3,4,318.5,2.439,-11.584
350,1,4,4,318.5,4.845,-8.453
350,2,1,3,283.5,-13.125,12.274
350,2,2,3,283.5,-10.965,10.9
350,2,3,3,283.5,-8.511,9.244
350,3,1,1,124.3,3.838,10.503
351,1,1,1,121.3,-13.37,5.432
351,2,1,5,24.7,-8.782,9.654
351,2,2,5,24.7,-10.38,13.237
351,2,3,5,24.7,-7.664,12.241
351,2,4,5,24.7,-5.036,11.49
351,2,5,5,24.7,-6.841,15.091
351,3,1,5,142.5,15.387,-1.897
351,3,2,5,142.5,12.855,-5.121
351,3,3,5,142.5,12.487,-2.35
351,3,4,5,142.5,12.098,0.593
351,3,5,5,142.5,9.615,-2.533
352,1,1,6,97.9,6.869,5.978
352,1,2,6,97.9,5.059,5.685
352,1,3,6,97.9,2.892,5.309
352,1,4,6,97.9,6.31,10.011
352,1,5,6,97.9,4.146,9.568
352,1,6,6,97.9,2.381,9.441
352,2,1,3,111.7,11.594,-12.607
352,2,2,3,111.7,9.045,-11.373
352,2,3,3,111.7,6.359,-10.315
352,3,1,3,298.3,-10.422,5.544
352,3,2,3,298.3,-7.743,4.712
352,3,3,3,298.3,-5.336,3.972
353,1,1,4,284.4,-1.769,15.193
353,1,2,4,284.4,1.953,15.88
353,1,3,4,284.4,-0.712,11.211
353,1,4,4,284.4,3.197,12.118
353,2,1,3,272.1,5.788,-3.069
353,2,2,3,272.1,7.844,-5.114
353,2,3,3,272.1,10.013,-7.163
353,3,1,4,42.8,11.839,0.448
353,3,2,4,42.8,9.025,3.486
353,3,3,4,42.8,14.674,3.302
353,3,4,4,42.8,11.919,6.037
354,1,1,2,205.9,1.64,4.594
354,1,2,2,205.9,-0.098,-0.781
354,2,1,2,301.1,-10.784,1.644
354,2,2,2,301.1,-5.116,0.168
354,3,1,6,200.8,6.107,-3.156
354,3,2,6,200.8,6.633,-4.925
354,3,3,6,200.8,7.428,-6.602
354,3,4,6,200.8,2.31,-4.485
354,3,5,6,200.8,2.96,-6.415
354,3,6,6,200.8,3.763,-8.147
355,1,1,6,70.1,-2.695,8.369
355,1,2,6,70.1,-4.39,8.893
355,1,3,6,70.1,-6.325,9.526
355,1,4,6,70.1,-1.352,12.044
355,1,5,6,70.1,-3.098,12.732
355,1,6,6,70.1,-5.024,13.37
355,2,1,4,132.5,-0.554,-15.633
355,2,2,4,132.5,-3.216,-18.452
355,2,3,4,132.5,-3.068,-12.866
355,2,4,4,132.5,-5.855,-15.347
355,3,1,3,292.6,3.238,-1.148
355,3,2,3,292.6,5.759,-2.214
355,3,3,3,292.6,8.417,-3.031
356,1,1,4,292.5,1.83,3.57
356,1,2,4,292.5,5.798,5.061
356,1,3,4,292.5,3.442,-0.2
356,1,4,4,292.5,7.314,1.368
356,2,1,5,77.3,-6.587,11.007
356,2,2,5,77.3,-10.503,11.728
356,2,3,5,77.3,-8.099,13.428
356,2,4,5,77.3,-5.79,14.796
356,2,5,5,77.3,-9.623,15.743
356,3,1,1,317.8,-4.499,-11.824
357,1,1,1,62.5,-6.567,9.044
357,2,1,6,236.1,9.559,-6.794
357,2,2,6,236.1,11.217,-8.036
357,2,3,6,236.1,12.797,-9.061
357,2,4,6,236.1,7.346,-10.295
357,2,5,6,236.1,8.942,-11.495
357,2,6,6,236.1,10.567,-12.46
357,3,1,6,278.3,-1.238,-2.135
357,3,2,6,278.3,0.656,-2.061
357,3,3,6,278.3,2.66,-1.563
357,3,4,6,278.3,-0.918,-6.152
357,3,5,6,278.3,1.324,-5.842
357,3,6,6,278.3,3.331,-5.528
358,1,1,2,240.4,-7.375,-9.527
358,1,2,2,240.4,-5.808,-15.225
358,2,1,5,114.4,4.972,12.11
358,2,2,5,114.4,1.152,10.355
358,2,3,5,114.4,2.052,12.833
358,2,4,5,114.4,3.373,15.396
358,2,5,5,114.4,-0.301,13.982
358,3,1,5,297.0,-7.021,0.414
358,3,2,5,297.0,-3.642,2.09
358,3,3,5,297.0,-4.251,-0.609
358,3,4,5,297.0,-5.01,-3.226
358,3,5,5,297.0,-1.702,-1.683
359,1,1,5,13.3,6.005,1.035
359,1,2,5,13.3,5.111,4.828
359,1,3,5,13.3,7.314,3.344
359,1,4,5,13.3,9.668,1.954
359,1,5,5,13.3,8.77,5.747
359,2,1,1,55.1,-10.352,6.156
359,3,1,6,175.9,11.124,-2.966
359,3,2,6,175.9,10.887,-4.984
359,3,3,6,175.9,10.742,-6.852
359,3,4,6,175.9,7.096,-2.571
359,3,5,6,175.9,7.007,-4.537
359,3,6,6,175.9,6.702,-6.563
360,1,1,2,165.0,7.873,3.777
360,1,2,2,165.0,2.939,0.72
360,2,1,3,111.0,-7.453,2.329
360,2,2,3,111.0,-10.196,3.938
360,2,3,3,111.0,-12.784,4.923
360,3,1,3,289.4,-0.229,-14.43
360,3,2,3,289.4,2.539,-15.587
360,3,3,3,289.4,4.89,-16.827
361,1,1,4,147.6,-2.118,9.319
361,1,2,4,147.6,-4.075,6.079
361,1,3,4,147.6,-5.341,11.425
361,1,4,4,147.6,-7.513,8.011
361,2,1,3,336.0,-7.627,-11.996
361,2,2,3,336.0,-5.071,-10.953
361,2,3,3,336.0,-2.404,-9.888
361,3,1,2,267.5,6.857,10.029
361,3,2,2,267.5,10.99,6.038
362,1,1,2,43.7,6.932,1.6
362,1,2,2,43.7,7.04,7.081
362,2,1,6,136.1,18.454,3.406
362,2,2,6,136.1,16.978,2.105
362,2,3,6,136.1,15.528,0.673
362,2,4,6,136.1,15.339,6.126
362,2,5,6,136.1,13.911,4.826
362,2,6,6,136.1,12.663,3.436
362,3,1,4,152.2,5.426,-12.334
362,3,2,4,152.2,3.825,-15.783
362,3,3,4,152.2,2.021,-10.264
362,3,4,4,152.2,0.035,-13.972
363,1,1,6,274.4,-3.153,-7.582
363,1,2,6,274.4,-1.104,-7.385
363,1,3,6,274.4,0.879,-7.093
363,1,4,6,274.4,-2.697,-11.509
363,1,5,6,274.4,-0.655,-11.458
363,1,6,6,274.4,1.304,-11.367
363,2,1,5,143.9,12.051,-9.894
363,2,2,5,143.9,9.687,-12.93
363,2,3,5,143.9,9.493,-10.052
363,2,4,5,143.9,8.996,-7.369
363,2,5,5,143.9,6.62,-10.569
363,3,1,1,105.9,-0.564,-0.363
364,1,1,6,29.4,3.574,0.449
364,1,2,6,29.4,2.635,2.013
364,1,3,6,29.4,1.824,3.822
364,1,4,6,29.4,7.371,2.061
364,1,5,6,29.4,6.258,4.038
364,1,6,6,29.4,5.311,5.75
364,2,1,5,290.4,-12.966,-1.204
364,2,2,5,290.4,-9.421,0.239
364,2,3,5,290.4,-10.425,-2.352
364,2,4,5,290.4,-11.642,-4.9
364,2,5,5,290.4,-7.842,-3.643
364,3,1,5,111.8,18.329,-3.467
364,3,2,5,111.8,14.551,-5.02
364,3,3,5,111.8,15.529,-2.284
364,3,4,5,111.8,16.918,0.205
364,3,5,5,111.8,13.138,-1.149
365,1,1,5,315.6,-1.018,12.116
365,1,2,5,315.6,1.675,14.797
365,1,3,5,315.6,1.766,11.843
365,1,4,5,315.6,1.6,9.224
365,1,5,5,315.6,4.674,11.947
365,2,1,6,263.0,-4.797,-4.499
365,2,2,6,263.0,-2.845,-4.609
365,2,3,6,263.0,-1.066,-4.73
365,2,4,6,263.0,-5.368,-8.362
365,2,5,6,263.0,-3.511,-8.612
365,2,6,6,263.0,-1.32,-8.649
365,3,1,2,343.6,2.186,-6.004
365,3,2,2,343.6,7.158,-3.262
366,1,1,5,359.7,-13.27,1.558
366,1,2,5,359.7,-13.359,5.461
366,1,3,5,359.7,-11.278,3.416
366,1,4,5,359.7,-9.326,1.586
366,1,5,5,359.7,-9.419,5.694
366,2,1,2,195.9,8.163,-10.908
366,2,2,2,195.9,5.229,-15.913
366,3,1,3,282.3,-1.168,7.59
366,3,2,3,282.3,1.106,6.034
366,3,3,3,282.3,3.499,4.461
367,1,1,2,302.2,-11.176,4.203
367,1,2,2,302.2,-5.698,2.892
367,2,1,6,282.6,-16.51,-3.114
367,2,2,6,282.6,-14.777,-2.818
367,2,3,6,282.6,-12.771,-2.247
367,2,4,6,282.6,-15.615,-7.161
367,2,5,6,282.6,-13.923,-6.657
367,2,6,6,282.6,-11.89,-6.1
367,3,1,6,216.5,10.92,-0.097
367,3,2,6,216.5,12.097,-1.838
367,3,3,6,216.5,13.262,-3.511
367,3,4,6,216.5,8.004,-2.694
367,3,5,6,216.5,9.035,-4.271
367,3,6,6,216.5,10.076,-5.878
368,1,1,6,182.2,1.706,7.71
368,1,2,6,182.2,1.655,5.655
368,1,3,6,182.2,1.583,3.493
368,1,4,6,182.2,-2.322,7.636
368,1,5,6,182.2,-2.372,5.469
368,1,6,6,182.2,-2.06,3.509
368,2,1,4,230.3,-4.354,-7.952
368,2,2,4,230.3,-1.459,-10.315
368,2,3,4,230.3,-7.012,-10.834
368,2,4,4,230.3,-3.818,-13.477
368,3,1,2,202.5,15.066,-2.252
368,3,2,2,202.5,12.722,-7.465
369,1,1,2,79.4,12.792,-5.948
369,1,2,2,79.4,9.572,-1.44
369,2,1,4,350.4,-5.844,3.132
369,2,2,4,350.4,-5.241,7.238
369,2,3,4,350.4,-1.7,2.56
369,2,4,4,350.4,-1.169,6.531
369,3,1,2,180.5,-5.736,-2.276
369,3,2,2,180.5,-9.659,-5.999
370,1,1,5,235.9,5.872,13.72
370,1,2,5,235.9,9.361,11.245
370,1,3,5,235.9,6.329,10.702
370,1,4,5,235.9,3.746,10.195
370,1,5,5,235.9,7.178,7.95
370,2,1,1,262.0,-1.13,-9.517
370,3,1,1,99.4,-3.227,1.752
371,1,1,6,196.6,0.873,16.385
371,1,2,6,196.6,1.322,14.652
371,1,3,6,196.6,1.967,12.784
371,1,4,6,196.6,-3.014,15.283
371,1,5,6,196.6,-2.426,13.423
371,1,6,6,196.6,-1.874,11.661
371,2,1,2,213.2,-0.006,-10.783
371,2,2,2,213.2,-1.16,-16.264
371,3,1,5,252.9,5.66,-0.691
371,3,2,5,252.9,9.439,-1.975
371,3,3,5,252.9,6.909,-3.255
371,3,4,5,252.9,4.18,-4.591
371,3,5,5,252.9,8.313,-5.801
372,1,1,4,196.8,11.822,11.558
372,1,2,4,196.8,13.114,7.947
372,1,3,4,196.8,8.175,10.356
372,1,4,4,196.8,9.262,6.547
372,2,1,3,254.5,-12.032,11.793
372,2,2,3,254.5,-10.492,9.227
372,2,3,3,254.5,-9.069,6.976
372,3,1,2,54.2,1.124,-1.868
372,3,2,2,54.2,0.282,4.011
373,1,1,2,246.8,-1.093,6.636
373,1,2,2,246.8,1.322,1.651
373,2,1,5,289.4,5.34,13.211
373,2,2,5,289.4,9.31,14.441
373,2,3,5,289.4,7.915,12.019
373,2,4,5,289.4,6.796,9.154
373,2,5,5,289.4,10.411,10.762
373,3,1,1,235.7,-7.541,10.421
374,1,1,6,275.2,8.49,-1.227
374,1,2,6,275.2,10.605,-0.913
374,1,3,6,275.2,12.794,-0.778
374,1,4,6,275.2,8.797,-5.346
374,1,5,6,275.2,11.05,-5.064
374,1,6,6,275.2,12.826,-4.754
374,2,1,5,259.2,-15.756,8.437
374,2,2,5,259.2,-11.982,7.616
374,2,3,5,259.2,-14.181,5.828
374,2,4,5,259.2,-16.798,4.331
374,2,5,5,259.2,-12.764,3.693
374,3,1,5,184.8,-5.011,13.815
374,3,2,5,184.8,-4.879,9.936
374,3,3,5,184.8,-7.029,11.409
374,3,4,5,184.8,-9.167,13.517
374,3,5,5,184.8,-8.957,9.431
375,1,1,3,351.5,-4.474,5.03
375,1,2,3,351.5,-2.088,6.66
375,1,3,3,351.5,0.502,8.379
375,2,1,2,46.1,-4.688,12.557
375,2,2,2,46.1,-4.65,18.036
375,3,1,4,163.3,-3.087,-12.826
375,3,2,4,163.3,-4.151,-16.462
375,3,3,4,163.3,-6.984,-11.828
375,3,4,4,163.3,-7.838,-15.406
376,1,1,2,346.2,-15.437,-9.65
376,1,2,2,346.2,-10.688,-6.734
376,2,1,4,235.1,-9.713,15.016
376,2,2,4,235.1,-6.483,12.718
376,2,3,4,235.1,-11.953,11.663
376,2,4,4,235.1,-8.737,9.252
376,3,1,6,304.3,-7.552,-12.97
376,3,2,6,304.3,-5.764,-12.061
376,3,3,6,304.3,-4.204,-10.936
376,3,4,6,304.3,-5.167,-16.386
376,3,5,6,304.3,-3.326,-15.187
376,3,6,6,304.3,-1.97,-14.218
377,1,1,1,134.9,-1.193,-15.148
377,2,1,6,42.6,-2.446,4.506
377,2,2,6,42.6,-3.869,6.047
377,2,3,6,42.6,-5.305,7.403
377,2,4,6,42.6,0.617,7.172
377,2,5,6,42.6,-0.642,8.712
377,2,6,6,42.6,-2.362,10.107
377,3,1,2,250.1,-9.14,-2.14
377,3,2,2,250.1,-6.486,-7.161
378,1,1,2,118.9,1.54,-6.615
378,1,2,2,118.9,-3.927,-5.224
378,2,1,6,194.5,-2.866,5.974
378,2,2,6,194.5,-2.284,3.926
378,2,3,6,194.5,-1.693,1.993
378,2,4,6,194.5,-6.692,4.81
378,2,5,6,194.5,-6.247,3.012
378,2,6,6,194.5,-5.74,1.048
378,3,1,6,342.9,6.742,-3.169
378,3,2,6,342.9,7.405,-1.226
378,3,3,6,342.9,8.012,0.684
378,3,4,6,342.9,10.679,-4.367
378,3,5,6,342.9,11.358,-2.51
378,3,6,6,342.9,11.847,-0.592
379,1,1,6,286.2,-3.261,-1.405
379,1,2,6,286.2,-1.527,-1.01
379,1,3,6,286.2,0.126,-0.487
379,1,4,6,286.2,-2.325,-5.292
379,1,5,6,286.2,-0.459,-4.924
379,1,6,6,286.2,1.522,-4.233
379,2,1,3,119.1,6.12,11.483
379,2,2,3,119.1,3.514,12.41
379,2,3,3,119.1,0.813,13.028
379,3,1,4,31.5,-14.595,-4.026
379,3,2,4,31.5,-16.516,-0.647
379,3,3,4,31.5,-10.999,-2.032
379,3,4,4,31.5,-13.082,1.411
380,1,1,5,320.6,5.103,-3.92
380,1,2,5,320.6,7.391,-0.938
380,1,3,5,320.6,7.985,-3.668
380,1,4,5,320.6,7.896,-6.35
380,1,5,5,320.6,10.424,-3.301
380,2,1,6,45.1,-1.709,-4.072
380,2,2,6,45.1,-3.128,-2.596
380,2,3,6,45.1,-4.54,-1.289
380,2,4,6,45.1,1.009,-1.318
380,2,5,6,45.1,-0.154,0.259
380,2,6,6,45.1,-1.737,1.511
380,3,1,1,65.4,-8.991,-6.693
381,1,1,5,141.4,-0.29,6.763
381,1,2,5,141.4,-2.924,3.62
381,1,3,5,141.4,-3.299,6.366
381,1,4,5,141.4,-3.37,9.301
381,1,5,5,141.4,-6.153,6.264
381,2,1,5,81.1,-10.415,3.091
381,2,2,5,81.1,-14.328,3.751
381,2,3,5,81.1,-12.0,5.461
381,2,4,5,81.1,-9.925,7.134
381,2,5,5,81.1,-13.708,7.607
381,3,1,5,132.6,-8.939,-9.873
381,3,2,5,132.6,-11.824,-12.671
381,3,3,5,132.6,-11.654,-9.946
381,3,4,5,132.6,-11.65,-7.022
381,3,5,5,132.6,-14.578,-9.843
382,1,1,1,100.2,12.885,7.08
382,2,1,5,247.4,-0.454,13.113
382,2,2,5,247.4,3.469,11.682
382,2,3,5,247.4,0.647,10.648
382,2,4,5,247.4,-1.844,9.309
382,2,5,5,247.4,1.875,7.899
382,3,1,2,258.6,1.511,-4.85
382,3,2,2,258.6,4.911,-9.536
383,1,1,1,78.5,5.352,8.712
383,2,1,2,245.6,-0.362,-1.974
383,2,2,2,245.6,1.296,-7.033
383,3,1,5,226.0,-12.272,4.258
383,3,2,5,226.0,-9.439,1.469
383,3,3,5,226.0,-12.277,1.285
383,3,4,5,226.0,-15.179,1.428
383,3,5,5,226.0,-12.361,-1.369
384,1,1,6,206.3,4.121,4.539
384,1,2,6,206.3,4.893,2.891
384,1,3,6,206.3,5.692,0.827
384,1,4,6,206.3,0.719,2.815
384,1,5,6,206.3,1.573,1.062
384,1,6,6,206.3,2.312,-0.872
384,2,1,5,293.8,11.54,1.423
384,2,2,5,293.8,15.086,3.177
384,2,3,5,293.8,14.047,0.557
384,2,4,5,293.8,12.881,-2.166
384,2,5,5,293.8,16.631,-0.521
384,3,1,1,135.0,-5.119,9.304
385,1,1,1,56.4,14.98,2.714
385,2,1,5,264.8,-14.671,5.374
385,2,2,5,264.8,-10.833,5.044
385,2,3,5,264.8,-12.793,3.413
385,2,4,5,264.8,-14.949,1.408
385,2,5,5,264.8,-11.223,0.937
385,3,1,1,155.8,11.259,11.02
386,1,1,6,162.8,-7.114,13.517
386,1,2,6,162.8,-7.463,11.412
386,1,3,6,162.8,-8.334,9.624
386,1,4,6,162.8,-10.973,14.495
386,1,5,6,162.8,-11.43,12.872
386,1,6,6,162.8,-12.049,10.932
386,2,1,3,325.1,2.895,-13.478
386,2,2,3,325.1,5.554,-12.893
386,2,3,3,325.1,8.225,-12.251
386,3,1,6,190.1,11.143,10.255
386,3,2,6,190.1,11.636,8.385
386,3,3,6,190.1,11.803,6.327
386,3,4,6,190.1,7.144,9.483
386,3,5,6,190.1,7.779,7.494
386,3,6,6,190.1,7.938,5.428
387,1,1,1,279.5,3.09,-4.201
387,2,1,1,40.5,1.31,-15.235
387,3,1,4,355.2,-14.235,5.911
387,3,2,4,355.2,-13.921,9.753
387,3,3,4,355.2,-10.516,5.426
387,3,4,4,355.2,-10.134,9.496
388,1,1,5,297.9,-0.824,12.563
388,1,2,5,297.9,2.712,14.296
388,1,3,5,297.9,1.925,11.731
388,1,4,5,297.9,1.151,8.912
388,1,5,5,297.9,4.59,10.877
388,2,1,2,152.9,16.365,-5.113
388,2,2,2,152.9,11.157,-6.773
388,3,1,4,239.4,-9.35,14.874
388,3,2,4,239.4,-5.846,13.208
388,3,3,4,239.4,-11.153,11.571
388,3,4,4,239.4,-7.606,9.599
389,1,1,3,84.4,6.68,6.282
389,1,2,3,84.4,5.052,8.639
389,1,3,3,84.4,3.168,10.484
389,2,1,5,348.2,-16.026,1.396
389,2,2,5,348.2,-15.385,5.121
389,2,3,5,348.2,-13.564,2.956
389,2,4,5,348.2,-12.152,0.593
389,2,5,5,348.2,-11.392,4.387
389,3,1,1,258.9,-1.644,-13.026
390,1,1,5,354.4,-2.474,-13.876
390,1,2,5,354.4,-1.995,-9.732
390,1,3,5,354.4,-0.329,-12.022
390,1,4,5,354.4,1.429,-14.178
390,1,5,5,354.4,1.78,-9.996
390,2,1,6,339.8,0.202,1.415
390,2,2,6,339.8,0.8,3.445
390,2,3,6,339.8,1.445,4.97
390,2,4,6,339.8,3.874,-0.026
390,2,5,6,339.8,4.725,1.892
390,2,6,6,339.8,5.412,3.619
390,3,1,1,189.5,8.456,-8.118
391,1,1,1,48.8,-6.924,-10.599
391,2,1,5,52.8,8.894,3.983
391,2,2,5,52.8,5.571,6.769
391,2,3,5,52.8,8.526,6.768
391,2,4,5,52.8,11.289,7.298
391,2,5,5,52.8,7.814,9.81
391,3,1,5,64.0,-12.227,4.893
391,3,2,5,64.0,-15.824,6.742
391,3,3,5,64.0,-13.139,7.555
391,3,4,5,64.0,-10.471,8.59
391,3,5,5,64.0,-13.97,10.292
392,1,1,5,206.7,8.382,12.905
392,1,2,5,206.7,10.193,9.392
392,1,3,5,206.7,7.584,10.207
392,1,4,5,206.7,5.045,11.113
392,1,5,5,206.7,6.789,7.482
392,2,1,3,154.4,16.528,-3.325
392,2,2,3,154.4,13.881,-4.346
392,2,3,3,154.4,11.243,-5.223
392,3,1,2,153.4,2.887,14.14
392,3,2,2,153.4,-2.39,12.493
393,1,1,6,227.5,13.763,0.347
393,1,2,6,227.5,15.288,-1.177
393,1,3,6,227.5,16.746,-2.554
393,1,4,6,227.5,11.059,-2.864
393,1,5,6,227.5,12.675,-3.919
393,1,6,6,227.5,13.935,-5.363
393,2,1,6,277.6,-0.996,-11.733
393,2,2,6,277.6,0.941,-11.309
393,2,3,6,277.6,3.166,-11.085
393,2,4,6,277.6,-0.539,-15.71
393,2,5,6,277.6,1.658,-15.469
393,2,6,6,277.6,3.84,-15.177
393,3,1,3,8.8,-9.592,-15.163
393,3,2,3,8.8,-7.805,-12.983
393,3,3,3,8.8,-6.161,-10.467
394,1,1,6,216.6,10.383,1.984
394,1,2,6,216.6,11.438,0.17
394,1,3,6,216.6,12.614,-1.218
394,1,4,6,216.6,7.211,-0.716
394,1,5,6,216.6,8.215,-2.141
394,1,6,6,216.6,9.501,-3.715
394,2,1,5,66.5,2.811,-7.178
394,2,2,5,66.5,-0.952,-5.867
394,2,3,5,66.5,1.751,-4.572
394,2,4,5,66.5,4.297,-3.864
394,2,5,5,66.5,0.725,-1.841
394,3,1,5,103.4,-1.964,-0.208
394,3,2,5,103.4,-5.787,-1.2
394,3,3,5,103.4,-4.353,1.291
394,3,4,5,103.4,-2.767,3.755
394,3,5,5,103.4,-6.583,2.749
395,1,1,1,155.3,8.043,-1.059
395,2,1,3,285.0,-6.591,-10.127
395,2,2,3,285.0,-3.829,-11.485
395,2,3,3,285.0,-1.612,-13.02
395,3,1,3,348.2,-14.001,5.204
395,3,2,3,348.2,-11.69,6.574
395,3,3,3,348.2,-9.315,8.214
396,1,1,5,39.5,-4.126,-3.299
396,1,2,5,39.5,-6.558,-0.188
396,1,3,5,39.5,-3.647,-0.385
396,1,4,5,39.5,-0.933,-0.529
396,1,5,5,39.5,-3.612,2.688
396,2,1,6,110.8,7.314,-5.553
396,2,2,6,110.8,5.256,-6.34
396,2,3,6,110.8,3.505,-7.01
396,2,4,6,110.8,5.575,-1.924
396,2,5,6,110.8,3.98,-2.732
396,2,6,6,110.8,1.947,-3.327
396,3,1,5,285.4,5.139,10.742
396,3,2,5,285.4,9.134,11.683
396,3,3,5,285.4,7.633,9.501
396,3,4,5,285.4,6.381,7.033
396,3,5,5,285.4,10.126,7.95
397,1,1,2,112.7,10.281,-8.207
397,1,2,2,112.7,5.079,-5.989
397,2,1,4,216.5,1.894,-11.902
397,2,2,4,216.5,4.141,-15.101
397,2,3,4,216.5,-1.052,-14.463
397,2,4,4,216.5,0.98,-17.642
397,3,1,4,245.8,-2.858,-0.662
397,3,2,4,245.8,0.553,-2.063
397,3,3,4,245.8,-4.692,-4.091
397,3,4,4,245.8,-0.953,-5.666
398,1,1,2,212.9,3.899,-7.182
398,1,2,2,212.9,2.715,-12.578
398,2,1,6,46.1,13.832,-3.571
398,2,2,6,46.1,12.513,-2.17
398,2,3,6,46.1,10.98,-0.82
398,2,4,6,46.1,16.807,-0.62
398,2,5,6,46.1,15.151,0.646
398,2,6,6,46.1,13.65,2.136
398,3,1,4,151.8,-1.169,12.752
398,3,2,4,151.8,-3.2,9.071
398,3,3,4,151.8,-4.778,14.441
398,3,4,4,151.8,-6.437,10.884
399,1,1,3,329.5,-14.812,1.987
399,1,2,3,329.5,-12.007,2.736
399,1,3,3,329.5,-9.378,3.396
399,2,1,3,205.6,1.831,-3.468
399,2,2,3,205.6,0.867,-6.115
399,2,3,3,205.6,0.125,-8.738
399,3,1,3,2.2,11.285,-3.075
399,3,2,3,2.2,13.379,-0.849
399,3,3,3,2.2,14.996,1.109
400,1,1,2,179.2,7.485,-12.316
400,1,2,2,179.2,3.519,-16.411
400,2,1,3,166.1,-5.391,8.54
400,2,2,3,166.1,-7.831,7.081
400,2,3,3,166.1,-10.222,5.585
400,3,1,1,75.8,5.468,6.549
401,1,1,2,269.7,-0.858,-6.578
401,1,2,2,269.7,3.166,-10.587
401,2,1,5,47.5,-10.792,6.668
401,2,2,5,47.5,-13.753,9.413
401,2,3,5,47.5,-10.934,9.642
401,2,4,5,47.5,-8.264,9.524
401,2,5,5,47.5,-10.97,12.389
401,3,1,4,142.1,10.947,5.456
401,3,2,4,142.1,8.653,2.291
401,3,3,4,142.1,7.74,7.929
401,3,4,4,142.1,5.46,4.676
402,1,1,2,60.8,6.615,2.862
402,1,2,2,60.8,5.004,8.202
402,2,1,3,108.7,9.082,-5.303
402,2,2,3,108.7,6.543,-4.023
402,2,3,3,108.7,4.002,-2.815
402,3,1,5,123.7,-7.098,11.483
402,3,2,5,123.7,-10.37,9.03
402,3,3,5,123.7,-9.608,11.991
402,3,4,5,123.7,-9.324,14.927
402,3,5,5,123.7,-12.393,12.529
403,1,1,3,178.3,1.939,-2.999
403,1,2,3,178.3,-0.196,-4.81
403,1,3,3,178.3,-2.095,-6.862
403,2,1,6,90.2,2.969,9.549
403,2,2,6,90.2,0.932,9.69
403,2,3,6,90.2,-1.108,9.54
403,2,4,6,90.2,2.978,13.539
403,2,5,6,90.2,0.971,13.461
403,2,6,6,90.2,-1.093,13.572
403,3,1,1,244.9,9.771,5.591
404,1,1,3,157.5,-4.82,-3.058
404,1,2,3,157.5,-7.24,-4.01
404,1,3,3,157.5,-9.95,-5.017
404,2,1,5,60.5,-7.677,4.862
404,2,2,5,60.5,-11.297,6.967
404,2,3,5,60.5,-8.579,7.727
404,2,4,5,60.5,-5.915,8.484
404,2,5,5,60.5,-9.389,10.445
404,3,1,6,306.3,-2.238,-13.055
404,3,2,6,306.3,-0.634,-12.02
404,3,3,6,306.3,1.122,-10.774
404,3,4,6,306.3,0.436,-16.116
404,3,5,6,306.3,1.692,-15.175
404,3,6,6,306.3,3.374,-13.992
405,1,1,2,34.2,-9.861,0.579
405,1,2,2,34.2,-8.87,5.874
405,2,1,1,35.3,-0.308,-6.506
405,3,1,1,187.7,4.649,9.776
406,1,1,5,108.5,-8.311,-0.12
406,1,2,5,108.5,-12.159,-1.534
406,1,3,5,108.5,-11.008,0.965
406,1,4,5,108.5,-9.551,3.591
406,1,5,5,108.5,-13.502,2.399
406,2,1,2,135.7,12.894,2.79
406,2,2,2,135.7,7.28,2.884
406,3,1,5,268.3,-5.208,13.88
406,3,2,5,268.3,-0.886,13.717
406,3,3,5,268.3,-2.987,11.809
406,3,4,5,268.3,-5.347,9.782
406,3,5,5,268.3,-0.87,9.611
407,1,1,6,350.6,9.139,-3.622
407,1,2,6,350.6,9.307,-1.756
407,1,3,6,350.6,9.768,0.36
407,1,4,6,350.6,13.112,-4.467
407,1,5,6,350.6,13.394,-2.409
407,1,6,6,350.6,13.641,-0.571
407,2,1,5,231.5,-4.975,9.822
407,2,2,5,231.5,-1.828,7.322
407,2,3,5,231.5,-4.687,7.215
407,2,4,5,231.5,-7.502,6.826
407,2,5,5,231.5,-4.445,4.259
407,3,1,4,279.6,-4.664,-9.247
407,3,2,4,279.6,-0.646,-8.514
407,3,3,4,279.6,-3.855,-13.12
407,3,4,4,279.6,0.22,-12.427
408,1,1,4,163.5,7.048,-3.523
408,1,2,4,163.5,5.978,-7.277
408,1,3,4,163.5,3.436,-2.447
408,1,4,4,163.5,2.122,-6.289
408,2,1,4,337.7,-8.86,-15.331
408,2,2,4,337.7,-7.239,-11.827
408,2,3,4,337.7,-5.344,-17.005
408,2,4,4,337.7,-3.483,-13.384
408,3,1,3,261.1,-13.986,4.32
408,3,2,3,261.1,-12.456,1.751
408,3,3,3,261.1,-10.617,-0.653
409,1,1,6,131.5,-5.563,10.201
409,1,2,6,131.5,-6.91,8.74
409,1,3,6,131.5,-8.508,7.387
409,1,4,6,131.5,-8.086,13.326
409,1,5,6,131.5,-9.619,12.097
409,1,6,6,131.5,-11.211,10.673
409,2,1,5,226.2,4.342,8.921
409,2,2,5,226.2,7.14,6.056
409,2,3,5,226.2,4.257,6.058
409,2,4,5,226.2,1.638,6.065
409,2,5,5,226.2,4.606,3.047
409,3,1,3,63.3,-10.003,-9.898
409,3,2,3,63.3,-10.669,-7.028
409,3,3,3,63.3,-11.493,-4.334
410,1,1,1,329.2,9.886,-11.783
410,2,1,3,148.6,-8.346,2.244
410,2,2,3,148.6,-11.139,1.682
410,2,3,3,148.6,-14.048,0.895
410,3,1,2,237.1,12.339,9.157
410,3,2,2,237.1,13.587,3.728
411,1,1,2,1.0,1.039,0.92
411,1,2,2,1.0,4.75,5.147
411,2,1,6,185.1,-5.489,-9.835
411,2,2,6,185.1,-5.337,-11.79
411,2,3,6,185.1,-5.036,-13.769
411,2,4,6,185.1,-9.477,-10.191
411,2,5,6,185.1,-9.291,-12.032
411,2,6,6,185.1,-8.98,-13.995
411,3,1,2,117.0,-3.694,-4.414
411,3,2,2,117.0,-9.3,-2.466
412,1,1,6,250.1,4.928,-4.826
412,1,2,6,250.1,6.838,-5.605
412,1,3,6,250.1,8.583,-6.325
412,1,4,6,250.1,3.453,-8.726
412,1,5,6,250.1,5.222,-9.261
412,1,6,6,250.1,7.24,-10.018
412,2,1,2,181.7,8.527,12.03
412,2,2,2,181.7,4.705,7.788
412,3,1,4,123.2,1.884,-2.174
412,3,2,4,123.2,-1.372,-4.319
412,3,3,4,123.2,-0.169,1.252
412,3,4,4,123.2,-3.495,-0.814
413,1,1,2,297.6,-14.825,-7.01
413,1,2,2,297.6,-9.5,-8.695
413,2,1,2,42.4,-1.601,9.451
413,2,2,2,42.4,-1.56,15.101
413,3,1,1,81.2,9.594,-7.371
414,1,1,3,311.4,-12.632,9.641
414,1,2,3,311.4,-9.876,9.563
414,1,3,3,311.4,-6.938,9.396
414,2,1,2,181.5,3.935,-6.317
414,2,2,2,181.5,-0.124,-10.446
414,3,1,2,274.7,4.656,9.598
414,3,2,2,274.7,8.994,6.082
415,1,1,5,303.4,2.032,-8.762
415,1,2,5,303.4,5.322,-6.706
415,1,3,5,303.4,4.838,-9.406
415,1,4,5,303.4,4.309,-12.365
415,1,5,5,303.4,7.657,-10.037
415,2,1,4,296.8,-7.68,-6.432
415,2,2,4,296.8,-4.051,-4.747
415,2,3,4,296.8,-6.021,-10.131
415,2,4,4,296.8,-2.434,-8.387
415,3,1,6,337.7,-17.202,3.522
415,3,2,6,337.7,-16.239,5.522
415,3,3,6,337.7,-15.445,7.262
415,3,4,6,337.7,-13.477,2.197
415,3,5,6,337.7,-12.829,4.045
415,3,6,6,337.7,-11.765,5.86
416,1,1,1,178.6,4.747,1.079
416,2,1,4,329.5,-9.848,-3.893
416,2,2,4,329.5,-7.842,-0.644
416,2,3,4,329.5,-6.437,-6.126
416,2,4,4,329.5,-4.436,-2.656
416,3,1,5,62.5,-2.906,-14.084
416,3,2,5,62.5,-6.105,-12.327
416,3,3,5,62.5,-3.788,-11.403
416,3,4,5,62.5,-1.068,-10.643
416,3,5,5,62.5,-4.381,-8.907
417,1,1,3,96.2,-3.532,-6.661
417,1,2,3,96.2,-6.036,-5.037
417,1,3,3,96.2,-8.075,-3.37
417,2,1,3,313.2,-1.79,-14.526
417,2,2,3,313.2,0.944,-14.506
417,2,3,3,313.2,3.751,-14.788
417,3,1,5,338.3,7.096,1.742
417,3,2,5,338.3,8.533,5.555
417,3,3,5,338.3,9.589,2.87
417,3,4,5,338.3,10.884,0.158
417,3,5,5,338.3,12.466,4.139
418,1,1,6,220.3,-13.772,0.566
418,1,2,6,220.3,-12.439,-0.769
418,1,3,6,220.3,-11.268,-2.211
418,1,4,6,220.3,-16.7,-1.913
418,1,5,6,220.3,-15.599,-3.752
418,1,6,6,220.3,-14.325,-5.019
418,2,1,4,96.1,-2.72,-3.163
418,2,2,4,96.1,-6.681,-3.717
418,2,3,4,96.1,-3.193,0.829
418,2,4,4,96.1,-7.153,0.358
418,3,1,4,229.6,9.831,-2.645
418,3,2,4,229.6,12.927,-5.03
418,3,3,4,229.6,7.074,-5.468
418,3,4,4,229.6,10.512,-8.215
419,1,1,6,267.1,0.371,4.984
419,1,2,6,267.1,2.453,5.06
419,1,3,6,267.1,4.383,4.743
419,1,4,6,267.1,0.066,0.978
419,1,5,6,267.1,1.957,0.927
419,1,6,6,267.1,4.054,0.848
419,2,1,1,359.2,2.592,12.955
419,3,1,1,77.3,9.905,-0.633
420,1,1,3,2.5,-8.972,4.675
420,1,2,3,2.5,-7.139,6.829
420,1,3,3,2.5,-5.177,8.819
420,2,1,5,211.0,-1.537,-9.003
420,2,2,5,211.0,0.711,-12.284
420,2,3,5,211.0,-2.115,-11.886
420,2,4,5,211.0,-4.97,-11.176
420,2,5,5,211.0,-2.802,-14.432
420,3,1,3,38.7,-0.68,-4.064
420,3,2,3,38.7,-0.61,-1.038
420,3,3,3,38.7,-0.331,1.565
421,1,1,2,229.2,-15.45,4.156
421,1,2,2,229.2,-15.036,-1.365
421,2,1,5,99.9,15.461,-8.514
421,2,2,5,99.9,11.425,-9.266
421,2,3,5,99.9,13.2,-6.851
421,2,4,5,99.9,14.733,-4.558
421,2,5,5,99.9,10.826,-5.361
421,3,1,2,94.4,3.519,10.807
421,3,2,2,94.4,-0.708,14.581
422,1,1,3,347.4,2.842,-3.141
422,1,2,3,347.4,5.476,-1.797
422,1,3,3,347.4,8.119,-0.059
422,2,1,6,328.3,-4.743,8.415
422,2,2,6,328.3,-3.922,10.031
422,2,3,6,328.3,-2.774,11.689
422,2,4,6,328.3,-1.585,6.271
422,2,5,6,328.3,-0.371,7.809
422,2,6,6,328.3,0.728,9.64
422,3,1,2,33.3,-6.628,-8.656
422,3,2,2,33.3,-5.3,-3.066
423,1,1,4,351.7,-11.228,-6.654
423,1,2,4,351.7,-10.735,-2.619
423,1,3,4,351.7,-7.263,-7.203
423,1,4,4,351.7,-6.515,-3.082
423,2,1,4,118.8,3.221,10.039
423,2,2,4,118.8,-0.308,8.327
423,2,3,4,118.8,1.378,13.643
423,2,4,4,118.8,-2.096,11.768
423,3,1,2,67.8,-1.332,-0.766
423,3,2,2,67.8,-3.482,4.276
424,1,1,2,154.6,10.035,13.695
424,1,2,2,154.6,4.929,11.862
424,2,1,2,71.6,-11.218,-4.874
424,2,2,2,71.6,-13.922,0.151
424,3,1,2,293.5,-8.025,10.637
424,3,2,2,293.5,-2.84,8.612
425,1,1,5,40.6,-15.555,-2.044
425,1,2,5,40.6,-18.022,0.904
425,1,3,5,40.6,-15.148,0.871
425,1,4,5,40.6,-12.603,0.541
425,1,5,5,40.6,-14.973,3.528
425,2,1,6,60.2,5.694,-7.271
425,2,2,6,60.2,3.78,-6.31
425,2,3,6,60.2,2.117,-5.106
425,2,4,6,60.2,7.781,-3.743
425,2,5,6,60.2,5.879,-2.684
425,2,6,6,60.2,4.383,-1.419
425,3,1,3,323.8,-13.129,10.102
425,3,2,3,323.8,-10.452,10.516
425,3,3,3,323.8,-7.411,10.904
426,1,1,2,78.4,15.464,-2.258
426,1,2,2,78.4,12.351,2.596
426,2,1,6,100.4,0.799,-14.292
426,2,2,6,100.4,-1.099,-14.713
426,2,3,6,100.4,-3.076,-15.106
426,2,4,6,100.4,0.03,-10.302
426,2,5,6,100.4,-1.776,-10.736
426,2,6,6,100.4,-3.766,-10.986
426,3,1,3,226.2,0.181,1.563
426,3,2,3,226.2,0.184,-1.349
426,3,3,3,226.2,0.331,-4.151
427,1,1,2,24.6,10.56,-0.548
427,1,2,2,24.6,12.622,4.763
427,2,1,4,111.6,11.981,9.824
427,2,2,4,111.6,8.268,8.527
427,2,3,4,111.6,10.442,13.578
427,2,4,4,111.6,6.758,12.346
427,3,1,6,62.0,-14.217,-1.994
427,3,2,6,62.0,-15.974,-0.764
427,3,3,6,62.0,-18.136,-0.097
427,3,4,6,62.0,-12.391,1.526
427,3,5,6,62.0,-14.107,2.5
427,3,6,6,62.0,-15.825,3.495
428,1,1,5,230.8,-5.66,11.803
428,1,2,5,230.8,-2.641,9.518
428,1,3,5,230.8,-5.444,9.26
428,1,4,5,230.8,-8.275,8.852
428,1,5,5,230.8,-5.012,6.427
428,2,1,3,119.6,9.305,5.536
428,2,2,3,119.6,6.77,6.06
428,2,3,3,119.6,4.062,6.888
428,3,1,3,226.7,-2.893,-8.351
428,3,2,3,226.7,-2.707,-11.215
428,3,3,3,226.7,-2.624,-14.096
429,1,1,2,73.1,4.516,6.525
429,1,2,2,73.1,1.793,11.559
429,2,1,1,183.9,-12.99,7.121
429,3,1,3,38.8,-8.926,-9.322
429,3,2,3,38.8,-8.417,-6.413
429,3,3,3,38.8,-8.249,-3.598
430,1,1,5,250.1,7.393,3.061
430,1,2,5,250.1,11.205,1.793
430,1,3,5,250.1,8.742,0.605
430,1,4,5,250.1,6.007,-0.583
430,1,5,5,250.1,10.091,-1.823
430,2,1,1,295.5,-9.471,-5.06
430,3,1,1,47.8,-3.005,8.494
431,1,1,6,196.6,8.758,1.781
431,1,2,6,196.6,9.291,-0.141
431,1,3,6,196.6,9.919,-2.018
431,1,4,6,196.6,4.908,0.582
431,1,5,6,196.6,5.484,-1.316
431,1,6,6,196.6,6.195,-3.294
431,2,1,5,81.5,-2.049,1.408
431,2,2,5,81.5,-5.854,1.857
431,2,3,5,81.5,-3.772,3.524
431,2,4,5,81.5,-1.326,5.379
431,2,5,5,81.5,-5.584,5.819
431,3,1,3,88.4,14.09,7.729
431,3,2,3,88.4,12.026,9.798
431,3,3,3,88.4,10.097,11.68
432,1,1,2,333.7,2.971,-8.204
432,1,2,2,333.7,8.25,-6.585
432,2,1,4,301.1,-3.153,6.842
432,2,2,4,301.1,0.021,8.734
432,2,3,4,301.1,-1.241,3.279
432,2,4,4,301.1,2.38,5.264
432,3,1,3,299.9,-6.893,-9.498
432,3,2,3,299.9,-3.989,-10.049
432,3,3,3,299.9,-1.374,-10.984
433,1,1,6,116.0,-6.914,2.625
433,1,2,6,116.0,-8.777,1.56
433,1,3,6,116.0,-10.655,0.778
433,1,4,6,116.0,-8.705,6.154
433,1,5,6,116.0,-10.744,5.402
433,1,6,6,116.0,-12.283,4.255
433,2,1,4,134.4,-6.667,-5.075
433,2,2,4,134.4,-9.717,-7.971
433,2,3,4,134.4,-9.678,-2.227
433,2,4,4,134.4,-12.638,-5.063
433,3,1,2,250.7,-3.125,3.053
433,3,2,2,250.7,-0.684,-2.0
434,1,1,2,29.6,-3.977,5.149
434,1,2,2,29.6,-2.572,10.605
434,2,1,3,90.9,5.833,-14.273
434,2,2,3,90.9,3.816,-12.018
434,2,3,3,90.9,1.93,-10.212
434,3,1,5,351.5,-17.177,-2.469
434,3,2,5,351.5,-16.467,1.503
434,3,3,5,351.5,-14.755,-0.715
434,3,4,5,351.5,-13.084,-3.07
434,3,5,5,351.5,-12.477,0.896
435,1,1,3,276.1,-1.85,12.909
435,1,2,3,276.1,0.256,11.003
435,1,3,3,276.1,2.458,9.143
435,2,1,2,93.4,15.623,-0.754
435,2,2,2,93.4,11.365,2.726
435,3,1,5,4.8,-10.335,-1.723
435,3,2,5,4.8,-10.65,2.086
435,3,3,5,4.8,-8.534,0.396
435,3,4,5,4.8,-6.337,-1.581
435,3,5,5,4.8,-6.676,2.27
436,1,1,4,145.6,-12.67,0.687
436,1,2,4,145.6,-15.09,-2.608
436,1,3,4,145.6,-16.089,2.94
436,1,4,4,145.6,-17.961,-0.393
436,2,1,6,16.1,-4.02,10.143
436,2,2,6,16.1,-4.81,12.102
436,2,3,6,16.1,-5.537,13.944
436,2,4,6,16.1,-0.192,11.118
436,2,5,6,16.1,-0.905,13.296
436,2,6,6,16.1,-1.543,15.235
436,3,1,3,229.5,9.633,-8.155
436,3,2,3,229.5,9.777,-10.959
436,3,3,3,229.5,10.204,-13.792
437,1,1,2,289.0,-2.5,4.514
437,1,2,2,289.0,2.689,2.063
437,2,1,4,238.9,9.562,-0.551
437,2,2,4,238.9,12.906,-2.781
437,2,3,4,238.9,7.267,-3.932
437,2,4,4,238.9,10.973,-6.114
437,3,1,6,221.7,1.543,-2.945
437,3,2,6,221.7,2.871,-4.642
437,3,3,6,221.7,4.281,-5.957
437,3,4,6,221.7,-1.295,-5.483
437,3,5,6,221.7,-0.148,-6.969
437,3,6,6,221.7,1.304,-8.566
438,1,1,3,48.9,3.967,-4.355
438,1,2,3,48.9,3.716,-1.303
438,1,3,3,48.9,3.452,1.216
438,2,1,5,330.8,-13.593,-0.996
438,2,2,5,330.8,-11.612,2.419
438,2,3,5,330.8,-10.993,-0.356
438,2,4,5,330.8,-10.187,-2.936
438,2,5,5,330.8,-8.215,0.768
438,3,1,5,251.8,9.15,-8.431
438,3,2,5,251.8,12.763,-9.715
438,3,3,5,251.8,10.448,-10.864
438,3,4,5,251.8,7.786,-12.437
438,3,5,5,251.8,11.537,-13.672
439,1,1,6,355.4,-0.577,2.921
439,1,2,6,355.4,-0.573,4.704
439,1,3,6,355.4,-0.38,6.996
439,1,4,6,355.4,3.284,2.699
439,1,5,6,355.4,3.425,4.708
439,1,6,6,355.4,3.658,6.52
439,2,1,6,214.1,-10.247,14.199
439,2,2,6,214.1,-9.255,12.744
439,2,3,6,214.1,-8.099,11.164
439,2,4,6,214.1,-13.601,12.255
439,2,5,6,214.1,-12.611,10.649
439,2,6,6,214.1,-11.465,8.809
439,3,1,3,190.0,-5.492,6.568
439,3,2,3,190.0,-7.185,3.938
439,3,3,3,190.0,-8.503,1.664
440,1,1,4,89.1,3.548,-15.537
440,1,2,4,89.1,-0.248,-15.489
440,1,3,4,89.1,3.645,-11.51
440,1,4,4,89.1,-0.213,-11.642
440,2,1,5,349.4,-17.079,0.958
440,2,2,5,349.4,-16.474,4.802
440,2,3,5,349.4,-14.742,2.31
440,2,4,5,349.4,-13.393,0.038
440,2,5,5,349.4,-12.55,3.933
440,3,1,6,15.8,12.512,-0.395
440,3,2,6,15.8,11.877,1.409
440,3,3,6,15.8,11.325,3.343
440,3,4,6,15.8,16.29,0.499
440,3,5,6,15.8,15.636,2.565
440,3,6,6,15.8,15.167,4.404
441,1,1,6,315.6,-14.467,-8.141
441,1,2,6,315.6,-13.112,-6.787
441,1,3,6,315.6,-11.702,-5.115
441,1,4,6,315.6,-11.616,-10.818
441,1,5,6,315.6,-10.611,-9.544
441,1,6,6,315.6,-8.747,-8.237
441,2,1,6,121.3,9.904,0.558
441,2,2,6,121.3,8.139,-0.354
441,2,3,6,121.3,6.502,-1.444
441,2,4,6,121.3,7.728,4.186
441,2,5,6,121.3,6.129,3.249
441,2,6,6,121.3,4.438,1.972
441,3,1,4,139.0,-9.876,4.943
441,3,2,4,139.0,-12.653,1.676
441,3,3,4,139.0,-13.133,7.685
441,3,4,4,139.0,-15.755,4.422
442,1,1,1,78.3,1.609,4.407
442,2,1,1,320.5,12.36,1.522
442,3,1,2,236.9,-6.978,-4.925
442,3,2,2,236.9,-5.638,-10.508
443,1,1,5,337.6,-0.233,-16.721
443,1,2,5,337.6,1.337,-13.128
443,1,3,5,337.6,2.541,-15.825
443,1,4,5,337.6,3.507,-18.327
443,1,5,5,337.6,5.051,-14.712
443,2,1,3,344.1,-2.602,7.62
443,2,2,3,344.1,-0.001,8.911
443,2,3,3,344.1,2.594,10.311
443,3,1,1,102.9,-7.633,11.636
444,1,1,1,218.6,-9.952,-7.556
444,2,1,6,247.2,-3.094,3.562
444,2,2,6,247.2,-1.172,2.683
444,2,3,6,247.2,0.642,1.949
444,2,4,6,247.2,-4.576,-0.206
444,2,5,6,247.2,-2.853,-1.074
444,2,6,6,247.2,-0.962,-1.968
444,3,1,6,344.2,-7.814,10.289
444,3,2,6,344.2,-7.453,12.148
444,3,3,6,344.2,-6.751,13.837
444,3,4,6,344.2,-4.074,9.17
444,3,5,6,344.2,-3.495,11.103
444,3,6,6,344.2,-2.949,12.964
445,1,1,4,265.6,4.777,0.056
445,1,2,4,265.6,8.981,-0.137
445,1,3,4,265.6,4.629,-3.917
445,1,4,4,265.6,8.49,-4.154
445,2,1,1,252.6,-13.266,-2.964
445,3,1,2,48.4,-0.228,10.091
445,3,2,2,48.4,-0.26,15.704
446,1,1,3,246.1,-1.583,9.65
446,1,2,3,246.1,-0.578,7.118
446,1,3,3,246.1,0.58,4.438
446,2,1,6,154.7,3.413,-13.274
446,2,2,6,154.7,2.665,-14.723
446,2,3,6,154.7,1.633,-16.904
446,2,4,6,154.7,-0.22,-11.437
446,2,5,6,154.7,-0.97,-13.313
446,2,6,6,154.7,-1.907,-14.975
446,3,1,1,71.6,2.106,-2.983
447,1,1,6,49.6,12.338,-2.883
447,1,2,6,49.6,10.555,-1.541
447,1,3,6,49.6,9.239,-0.532
447,1,4,6,49.6,14.877,-0.085
447,1,5,6,49.6,13.377,1.228
447,1,6,6,49.6,11.921,2.503
447,2,1,4,309.1,-7.845,0.631
447,2,2,4,309.1,-4.707,2.905
447,2,3,4,309.1,-5.02,-2.734
447,2,4,4,309.1,-2.128,-0.21
447,3,1,6,180.3,-13.608,0.066
447,3,2,6,180.3,-13.725,-2.041
447,3,3,6,180.3,-13.628,-4.151
447,3,4,6,180.3,-17.602,-0.028
447,3,5,6,180.3,-17.693,-1.919
447,3,6,6,180.3,-17.535,-3.901
448,1,1,6,91.4,-7.533,0.036
448,1,2,6,91.4,-9.579,-0.061
448,1,3,6,91.4,-11.52,-0.184
448,1,4,6,91.4,-7.717,4.209
448,1,5,6,91.4,-9.828,3.783
448,1,6,6,91.4,-11.624,3.85
448,2,1,4,239.9,0.525,0.421
448,2,2,4,239.9,3.703,-1.732
448,2,3,4,239.9,-1.628,-3.164
448,2,4,4,239.9,1.62,-5.038
448,3,1,5,180.9,7.205,10.608
448,3,2,5,180.9,7.146,6.763
448,3,3,5,180.9,5.282,8.753
448,3,4,5,180.9,3.05,10.885
448,3,5,5,180.9,3.16,6.781
449,1,1,1,319.4,6.223,-4.4
449,2,1,6,48.0,-13.358,4.856
449,2,2,6,48.0,-14.961,6.064
449,2,3,6,48.0,-16.324,7.335
449,2,4,6,48.0,-10.555,7.972
449,2,5,6,48.0,-12.241,9.109
449,2,6,6,48.0,-13.551,10.632
449,3,1,4,35.3,-7.522,-12.51
449,3,2,4,35.3,-9.981,-9.272
449,3,3,4,35.3,-4.377,-10.07
449,3,4,4,35.3,-6.579,-6.837
450,1,1,5,117.3,7.392,-7.629
450,1,2,5,117.3,3.652,-9.435
450,1,3,5,117.3,4.49,-6.774
450,1,4,5,117.3,5.49,-3.971
450,1,5,5,117.3,1.755,-6.024
450,2,1,5,206.3,11.083,6.254
450,2,2,5,206.3,13.019,2.604
450,2,3,5,206.3,10.258,3.765
450,2,4,5,206.3,7.376,4.521
450,2,5,5,206.3,9.282,0.907
450,3,1,2,212.0,1.37,9.935
450,3,2,2,212.0,0.162,4.396
451,1,1,2,153.6,10.052,6.11
451,1,2,2,153.6,4.647,4.569
451,2,1,6,231.2,-2.615,15.551
451,2,2,6,231.2,-0.969,14.289
451,2,3,6,231.2,0.408,13.153
451,2,4,6,231.2,-5.282,12.592
451,2,5,6,231.2,-3.498,11.172
451,2,6,6,231.2,-1.807,10.013
451,3,1,4,253.7,8.246,-5.919
451,3,2,4,253.7,12.034,-7.131
451,3,3,4,253.7,6.984,-9.996
451,3,4,4,253.7,10.759,-10.664
452,1,1,3,256.7,0.822,13.481
452,1,2,3,256.7,2.234,10.91
452,1,3,3,256.7,3.706,8.594
452,2,1,6,354.8,-17.176,0.735
452,2,2,6,354.8,-17.107,2.805
452,2,3,6,354.8,-16.967,4.964
452,2,4,6,354.8,-13.253,0.881
452,2,5,6,354.8,-12.936,2.656
452,2,6,6,354.8,-12.932,4.727
452,3,1,1,282.7,-2.227,-4.102
453,1,1,3,349.6,-4.947,3.31
453,1,2,3,349.6,-2.828,4.869
453,1,3,3,349.6,-0.389,6.661
453,2,1,5,352.0,-13.44,3.157
453,2,2,5,352.0,-12.761,7.109
453,2,3,5,352.0,-11.101,4.739
453,2,4,5,352.0,-9.328,2.593
453,2,5,5,352.0,-8.902,6.487
453,3,1,1,13.6,9.456,8.025
454,1,1,2,175.6,12.901,-4.277
454,1,2,2,175.6,8.84,-7.92
454,2,1,3,154.1,5.492,-3.631
454,2,2,3,154.1,2.654,-4.379
454,2,3,3,154.1,0.12,-5.707
454,3,1,3,86.1,7.962,1.931
454,3,2,3,86.1,6.259,4.008
454,3,3,3,86.1,4.366,6.025
455,1,1,4,39.0,-7.051,-2.976
455,1,2,4,39.0,-9.705,0.048
455,1,3,4,39.0,-4.194,-0.608
455,1,4,4,39.0,-6.528,2.505
455,2,1,3,179.6,1.409,-7.747
455,2,2,3,179.6,-0.601,-9.608
455,2,3,3,179.6,-2.584,-11.535
455,3,1,6,334.7,6.293,4.67
455,3,2,6,334.7,7.048,6.324
455,3,3,6,334.7,8.073,8.328
455,3,4,6,334.7,9.746,2.771
455,3,5,6,334.7,10.834,4.828
455,3,6,6,334.7,11.597,6.764
456,1,1,2,222.5,8.743,16.134
456,1,2,2,222.5,8.538,10.53
456,2,1,3,271.8,-12.71,-6.3
456,2,2,3,271.8,-10.675,-8.109
456,2,3,3,271.8,-8.813,-10.042
456,3,1,1,151.1,-0.337,-4.805
457,1,1,2,9.9,5.984,8.971
457,1,2,2,9.9,8.996,13.561
457,2,1,1,119.6,-9.31,7.128
457,3,1,4,72.8,-4.902,-6.928
457,3,2,4,72.8,-8.758,-5.376
457,3,3,4,72.8,-3.602,-2.934
457,3,4,4,72.8,-7.555,-1.608
458,1,1,4,109.7,10.096,7.618
458,1,2,4,109.7,6.248,6.251
458,1,3,4,109.7,8.709,11.508
458,1,4,4,109.7,4.934,10.139
458,2,1,4,266.8,-4.665,-8.769
458,2,2,4,266.8,-0.436,-9.011
458,2,3,4,266.8,-5.129,-12.841
458,2,4,4,266.8,-0.716,-13.032
458,3,1,2,248.1,-3.046,0.185
458,3,2,2,248.1,-1.02,-5.191
459,1,1,6,226.3,-2.812,18.732
459,1,2,6,226.3,-1.388,17.409
459,1,3,6,226.3,0.162,16.114
459,1,4,6,226.3,-5.493,15.924
459,1,5,6,226.3,-4.153,14.451
459,1,6,6,226.3,-2.618,12.934
459,2,1,3,117.0,-6.431,-7.601
459,2,2,3,117.0,-9.007,-6.697
459,2,3,3,117.0,-11.473,-5.825
459,3,1,6,302.6,8.576,-0.892
459,3,2,6,302.6,10.276,0.328
459,3,3,6,302.6,12.025,1.429
459,3,4,6,302.6,10.953,-3.984
459,3,5,6,302.6,12.483,-2.918
459,3,6,6,302.6,14.324,-1.922
460,1,1,3,169.1,-2.02,4.566
460,1,2,3,169.1,-4.327,3.034
460,1,3,3,169.1,-6.497,1.536
460,2,1,5,106.3,4.588,-5.618
460,2,2,5,106.3,0.628,-6.876
460,2,3,5,106.3,2.078,-4.389
460,2,4,5,106.3,3.32,-1.879
460,2,5,5,106.3,-0.468,-3.144
460,3,1,2,274.6,-2.258,17.872
460,3,2,2,274.6,1.904,14.268
461,1,1,6,341.1,0.817,2.592
461,1,2,6,341.1,1.421,4.188
461,1,3,6,341.1,1.98,6.216
461,1,4,6,341.1,4.561,0.989
461,1,5,6,341.1,5.184,3.106
461,1,6,6,341.1,5.855,4.948
461,2,1,4,95.1,-0.712,-17.337
461,2,2,4,95.1,-4.679,-17.684
461,2,3,4,95.1,-1.119,-13.423
461,2,4,4,95.1,-5.116,-13.686
461,3,1,1,271.7,-14.788,5.75
462,1,1,4,132.0,16.664,3.354
462,1,2,4,132.0,13.62,0.789
462,1,3,4,132.0,13.888,6.396
462,1,4,4,132.0,10.703,3.818
462,2,1,5,107.5,6.474,10.955
462,2,2,5,107.5,2.66,9.898
462,2,3,5,107.5,3.974,12.239
462,2,4,5,107.5,5.152,14.816
462,2,5,5,107.5,1.289,13.58
462,3,1,4,150.6,5.244,-9.464
462,3,2,4,150.6,3.158,-12.978
462,3,3,4,150.6,1.545,-7.45
462,3,4,4,150.6,-0.338,-11.004
463,1,1,1,181.0,14.261,-7.09
463,2,1,1,16.0,-4.629,-1.696
463,3,1,3,147.1,-12.681,4.442
463,3,2,3,147.1,-15.419,3.684
463,3,3,3,147.1,-18.201,3.288
464,1,1,5,202.5,-1.213,-5.389
464,1,2,5,202.5,0.358,-8.91
464,1,3,5,202.5,-2.123,-7.862
464,1,4,5,202.5,-4.809,-6.783
464,1,5,5,202.5,-3.229,-10.477
464,2,1,1,132.2,-12.697,-4.238
464,3,1,6,45.8,12.425,6.166
464,3,2,6,45.8,11.097,7.592
464,3,3,6,45.8,9.432,9.058
464,3,4,6,45.8,15.209,9.067
464,3,5,6,45.8,13.6,10.42
464,3,6,6,45.8,12.284,12.018
465,1,1,4,229.2,-3.567,-0.373
465,1,2,4,229.2,-0.891,-2.974
465,1,3,4,229.2,-6.39,-3.431
465,1,4,4,229.2,-3.433,-5.993
465,2,1,3,103.4,8.399,7.355
465,2,2,3,103.4,5.894,9.06
465,2,3,3,103.4,3.274,10.655
465,3,1,3,324.1,-0.44,-14.159
465,3,2,3,324.1,2.454,-13.701
465,3,3,3,324.1,5.348,-13.447
466,1,1,5,191.6,-0.424,15.736
466,1,2,5,191.6,0.621,11.781
466,1,3,5,191.6,-1.687,13.298
466,1,4,5,191.6,-4.122,15.109
466,1,5,5,191.6,-3.306,10.978
466,2,1,3,222.5,11.455,8.692
466,2,2,3,222.5,11.517,5.708
466,2,3,3,222.5,11.429,2.911
466,3,1,5,335.1,5.972,-2.806
466,3,2,5,335.1,7.634,0.606
466,3,3,5,335.1,8.634,-2.091
466,3,4,5,335.1,9.619,-4.497
466,3,5,5,335.1,11.394,-0.964
467,1,1,2,294.1,4.447,2.641
467,1,2,2,294.1,9.787,0.51
467,2,1,1,54.6,-5.522,6.505
467,3,1,5,359.5,-11.825,-7.865
467,3,2,5,359.5,-11.916,-3.818
467,3,3,5,359.5,-9.807,-5.811
467,3,4,5,359.5,-7.766,-7.701
467,3,5,5,359.5,-7.753,-3.784
468,1,1,2,89.4,3.567,-17.181
468,1,2,2,89.4,-0.474,-13.418
468,2,1,4,121.2,10.609,12.67
468,2,2,4,121.2,7.409,10.37
468,2,3,4,121.2,8.562,15.866
468,2,4,4,121.2,5.076,13.792
468,3,1,4,240.8,-11.97,8.368
468,3,2,4,240.8,-8.39,6.486
468,3,3,4,240.8,-13.976,4.63
468,3,4,4,240.8,-10.401,2.779
469,1,1,1,266.3,9.751,-7.162
469,2,1,2,191.9,14.387,12.019
469,2,2,2,191.9,11.131,7.102
469,3,1,3,26.6,1.077,-1.017
469,3,2,3,26.6,1.904,1.764
469,3,3,3,26.6,2.8,4.261
470,1,1,6,123.2,-3.583,7.205
470,1,2,6,123.2,-5.239,6.298
470,1,3,6,123.2,-6.981,4.802
470,1,4,6,123.2,-5.707,10.22
470,1,5,6,123.2,-7.689,9.536
470,1,6,6,123.2,-9.127,8.304
470,2,1,6,137.5,9.037,14.719
470,2,2,6,137.5,7.633,13.22
470,2,3,6,137.5,6.341,11.816
470,2,4,6,137.5,6.148,17.321
470,2,5,6,137.5,4.888,15.948
470,2,6,6,137.5,3.516,14.305
470,3,1,5,204.5,3.494,1.288
470,3,2,5,204.5,5.014,-2.267
470,3,3,5,204.5,2.277,-1.614
470,3,4,5,204.5,-0.266,-0.295
470,3,5,5,204.5,1.577,-4.045
471,1,1,3,68.9,2.044,0.699
471,1,2,3,68.9,1.014,3.358
471,1,3,3,68.9,-0.16,5.841
471,2,1,1,34.7,-3.903,-9.114
471,3,1,2,169.5,-5.55,12.101
471,3,2,2,169.5,-10.285,8.809
472,1,1,2,311.9,-2.454,-0.759
472,1,2,2,311.9,2.995,-1.096
472,2,1,6,101.0,-2.659,-9.577
472,2,2,6,101.0,-4.438,-10.06
472,2,3,6,101.0,-6.408,-10.572
472,2,4,6,101.0,-3.287,-5.874
472,2,5,6,101.0,-5.199,-5.931
472,2,6,6,101.0,-7.197,-6.43
472,3,1,2,174.8,4.615,-9.778
472,3,2,2,174.8,0.344,-13.503
473,1,1,6,335.8,-9.66,12.745
473,1,2,6,335.8,-8.504,14.61
473,1,3,6,335.8,-7.994,16.436
473,1,4,6,335.8,-5.834,11.157
473,1,5,6,335.8,-5.092,13.05
473,1,6,6,335.8,-4.154,15.001
473,2,1,6,157.0,-1.052,5.024
473,2,2,6,157.0,-1.877,3.284
473,2,3,6,157.0,-2.341,1.332
473,2,4,6,157.0,-4.673,6.591
473,2,5,6,157.0,-5.706,4.728
473,2,6,6,157.0,-6.285,2.995
473,3,1,1,342.4,-9.131,-6.65
474,1,1,4,303.0,2.199,-4.715
474,1,2,4,303.0,5.458,-2.707
474,1,3,4,303.0,4.448,-8.176
474,1,4,4,303.0,7.813,-5.88
474,2,1,6,29.7,-11.134,-10.074
474,2,2,6,29.7,-12.217,-8.115
474,2,3,6,29.7,-13.29,-6.548
474,2,4,6,29.7,-7.666,-7.998
474,2,5,6,29.7,-8.705,-6.085
474,2,6,6,29.7,-9.661,-4.512
474,3,1,4,212.8,13.809,3.613
474,3,2,4,212.8,15.905,0.237
474,3,3,4,212.8,10.164,1.823
474,3,4,4,212.8,12.65,-1.84
475,1,1,2,86.1,16.492,1.967
475,1,2,2,86.1,12.986,6.201
475,2,1,6,38.1,-8.854,-5.615
475,2,2,6,38.1,-9.847,-4.062
475,2,3,6,38.1,-11.259,-2.454
475,2,4,6,38.1,-5.628,-2.934
475,2,5,6,38.1,-6.852,-1.599
475,2,6,6,38.1,-8.012,-0.076
475,3,1,3,95.4,-1.999,-13.762
475,3,2,3,95.4,-4.32,-11.947
475,3,3,3,95.4,-6.555,-10.154
476,1,1,4,293.3,-7.698,14.997
476,1,2,4,293.3,-4.218,16.626
476,1,3,4,293.3,-6.268,11.37
476,1,4,4,293.3,-2.655,12.81
476,2,1,3,358.2,0.267,-16.587
476,2,2,3,358.2,2.223,-14.863
476,2,3,3,358.2,4.211,-12.713
476,3,1,4,341.9,12.108,-5.475
476,3,2,4,341.9,13.46,-1.561
476,3,3,4,341.9,15.981,-6.697
476,3,4,4,341.9,17.239,-2.818
477,1,1,6,111.4,-4.307,-5.673
477,1,2,6,111.4,-6.34,-6.338
477,1,3,6,111.4,-8.164,-7.186
477,1,4,6,111.4,-5.847,-2.166
477,1,5,6,111.4,-7.84,-2.698
477,1,6,6,111.4,-9.685,-3.408
477,2,1,3,354.1,8.825,9.385
477,2,2,3,354.1,10.892,11.277
477,2,3,3,354.1,13.04,12.854
477,3,1,2,196.6,13.047,0.144
477,3,2,2,196.6,10.352,-4.98
478,1,1,4,6.7,-11.956,2.078
478,1,2,4,6.7,-12.207,6.151
478,1,3,4,6.7,-8.035,2.583
478,1,4,4,6.7,-8.445,6.445
478,2,1,3,209.5,2.885,4.148
478,2,2,3,209.5,2.181,1.385
478,2,3,3,209.5,1.447,-1.297
478,3,1,2,359.9,0.191,11.253
478,3,2,2,359.9,4.103,15.001
479,1,1,2,312.0,-1.674,-2.456
479,1,2,2,312.0,4.024,-2.649
479,2,1,4,30.8,5.318,2.437
479,2,2,4,30.8,3.052,5.958
479,2,3,4,30.8,8.323,4.501
479,2,4,4,30.8,6.411,7.786
479,3,1,2,123.8,-9.574,0.311
479,3,2,2,123.8,-14.944,1.238
480,1,1,5,218.4,-12.453,8.882
480,1,2,5,218.4,-9.92,5.595
480,1,3,5,218.4,-12.497,5.928
480,1,4,5,218.4,-15.347,6.523
480,1,5,5,218.4,-13.055,3.041
480,2,1,6,356.8,2.805,-12.37
480,2,2,6,356.8,3.009,-10.256
480,2,3,6,356.8,2.866,-8.653
480,2,4,6,356.8,6.907,-12.683
480,2,5,6,356.8,6.837,-10.685
480,2,6,6,356.8,6.901,-8.514
480,3,1,4,283.5,-5.613,-6.47
480,3,2,4,283.5,-1.544,-5.607
480,3,3,4,283.5,-4.556,-10.48
480,3,4,4,283.5,-0.61,-9.612
481,1,1,1,246.2,-4.267,-13.741
481,2,1,6,218.3,1.177,-3.49
481,2,2,6,218.3,2.39,-4.979
481,2,3,6,218.3,3.53,-6.519
481,2,4,6,218.3,-1.913,-5.917
481,2,5,6,218.3,-0.903,-7.395
481,2,6,6,218.3,0.587,-9.166
481,3,1,2,288.9,-15.714,4.919
481,3,2,2,288.9,-10.637,2.549
482,1,1,4,182.7,6.703,-10.183
482,1,2,4,182.7,7.017,-14.213
482,1,3,4,182.7,2.829,-10.513
482,1,4,4,182.7,2.782,-14.557
482,2,1,1,324.2,2.477,4.452
482,3,1,5,347.0,-16.904,1.221
482,3,2,5,347.0,-16.22,4.97
482,3,3,5,347.0,-14.39,2.481
482,3,4,5,347.0,-13.115,0.247
482,3,5,5,347.0,-12.073,4.173
483,1,1,4,17.4,-13.715,-11.379
483,1,2,4,17.4,-14.747,-7.719
483,1,3,4,17.4,-9.777,-10.253
483,1,4,4,17.4,-11.205,-6.378
483,2,1,3,278.5,5.424,-10.761
483,2,2,3,278.5,7.597,-12.179
483,2,3,3,278.5,9.762,-14.05
483,3,1,3,356.5,7.84,2.169
483,3,2,3,356.5,9.941,4.088
483,3,3,3,356.5,12.057,6.042
484,1,1,1,314.0,-10.119,-5.577
484,2,1,3,350.7,10.804,-5.394
484,2,2,3,350.7,13.233,-3.655
484,2,3,3,350.7,15.417,-2.119
484,3,1,4,324.8,2.622,9.847
484,3,2,4,324.8,4.79,13.333
484,3,3,4,324.8,5.904,7.641
484,3,4,4,324.8,8.086,10.862
485,1,1,4,54.6,-13.187,-5.074
485,1,2,4,54.6,-16.611,-2.777
485,1,3,4,54.6,-11.227,-1.913
485,1,4,4,54.6,-14.348,0.098
485,2,1,1,320.7,3.889,-14.207
485,3,1,2,23.7,11.637,6.067
485,3,2,2,23.7,13.632,11.192
486,1,1,6,223.7,14.503,0.171
486,1,2,6,223.7,16.039,-1.225
486,1,3,6,223.7,17.312,-2.592
486,1,4,6,223.7,11.644,-2.683
486,1,5,6,223.7,13.141,-3.985
486,1,6,6,223.7,14.471,-5.267
486,2,1,2,197.2,-8.256,-9.483
486,2,2,2,197.2,-10.695,-14.475
486,3,1,4,134.9,-3.799,7.845
486,3,2,4,134.9,-6.605,4.959
486,3,3,4,134.9,-6.718,10.572
486,3,4,4,134.9,-9.52,7.633
487,1,1,3,140.6,0.889,-6.14
487,1,2,3,140.6,-1.869,-6.295
487,1,3,3,140.6,-4.428,-6.728
487,2,1,2,182.1,6.311,-10.357
487,2,2,2,182.1,2.354,-14.583
487,3,1,4,114.3,-9.442,-3.478
487,3,2,4,114.3,-13.096,-5.225
487,3,3,4,114.3,-11.202,0.049
487,3,4,4,114.3,-14.655,-1.426
488,1,1,5,347.1,-6.685,-8.742
488,1,2,5,347.1,-5.913,-4.864
488,1,3,5,347.1,-4.381,-7.181
488,1,4,5,347.1,-2.73,-9.59
488,1,5,5,347.1,-1.87,-5.783
488,2,1,3,293.8,-15.578,-1.646
488,2,2,3,293.8,-12.879,-2.705
488,2,3,3,293.8,-10.309,-3.803
488,3,1,1,269.3,-2.765,12.908
489,1,1,5,289.1,-3.745,10.118
489,1,2,5,289.1,0.097,11.589
489,1,3,5,289.1,-1.344,9.146
489,1,4,5,289.1,-2.371,6.563
489,1,5,5,289.1,1.229,7.8
489,2,1,3,269.3,2.613,-3.842
489,2,2,3,269.3,4.711,-5.653
489,2,3,3,269.3,6.696,-7.565
489,3,1,5,241.0,-11.135,-1.691
489,3,2,5,241.0,-7.49,-3.782
489,3,3,5,241.0,-10.366,-4.517
489,3,4,5,241.0,-13.216,-5.446
489,3,5,5,241.0,-9.607,-7.295
490,1,1,6,26.5,-8.891,1.024
490,1,2,6,26.5,-9.737,2.749
490,1,3,6,26.5,-10.715,4.51
490,1,4,6,26.5,-5.209,2.847
490,1,5,6,26.5,-6.176,4.628
490,1,6,6,26.5,-7.083,6.488
490,2,1,2,74.3,6.277,-1.105
490,2,2,2,74.3,3.286,3.577
490,3,1,3,63.6,-5.216,-12.906
490,3,2,3,63.6,-6.177,-10.238
490,3,3,3,63.6,-7.059,-7.483
491,1,1,1,313.1,7.933,-7.615
491,2,1,1,267.7,-11.484,2.151
491,3,1,5,279.2,0.077,0.962
491,3,2,5,279.2,4.081,1.567
491,3,3,5,279.2,2.515,-0.762
491,3,4,5,279.2,0.812,-3.202
491,3,5,5,279.2,4.72,-2.354
492,1,1,2,165.1,3.072,3.987
492,1,2,2,165.1,-1.747,1.259
492,2,1,5,22.4,-16.145,-6.555
492,2,2,5,22.4,-17.6,-2.996
492,2,3,5,22.4,-15.019,-4.014
492,2,4,5,22.4,-12.34,-5.106
492,2,5,5,22.4,-13.996,-1.62
492,3,1,5,106.4,18.164,-0.444
492,3,2,5,106.4,14.348,-1.699
492,3,3,5,106.4,15.798,0.784
492,3,4,5,106.4,17.146,3.306
492,3,5,5,106.4,13.228,2.23
493,1,1,1,359.2,6.611,-11.971
493,2,1,3,119.1,-0.956,-11.936
493,2,2,3,119.1,-3.821,-11.113
493,2,3,3,119.1,-6.456,-10.094
493,3,1,2,334.0,-5.056,1.616
493,3,2,2,334.0,0.341,3.086
494,1,1,2,249.3,-3.515,14.244
494,1,2,2,249.3,-1.139,9.391
494,2,1,6,296.2,-14.0,1.165
494,2,2,6,296.2,-12.412,2.154
494,2,3,6,296.2,-10.509,2.888
494,2,4,6,296.2,-12.165,-2.586
494,2,5,6,296.2,-10.212,-1.593
494,2,6,6,296.2,-8.697,-0.497
494,3,1,2,190.7,16.074,-3.255
494,3,2,2,190.7,13.096,-7.805
495,1,1,1,353.1,-7.048,-4.261
495,2,1,1,188.9,2.829,7.689
495,3,1,4,358.2,-3.201,-13.904
495,3,2,4,358.2,-3.039,-10.019
495,3,3,4,358.2,1.159,-14.045
495,3,4,4,358.2,1.226,-9.905
496,1,1,1,259.5,14.855,4.768
496,2,1,3,57.9,0.156,-11.141
496,2,2,3,57.9,-0.529,-8.442
496,2,3,3,57.9,-1.24,-5.609
496,3,1,5,53.4,-3.634,10.395
496,3,2,5,53.4,-6.87,12.668
496,3,3,5,53.4,-4.327,13.399
496,3,4,5,53.4,-1.193,13.839
496,3,5,5,53.4,-4.499,15.931
497,1,1,4,324.9,-9.341,3.534
497,1,2,4,324.9,-7.087,6.641
497,1,3,4,324.9,-6.119,1.128
497,1,4,4,324.9,-3.978,4.318
497,2,1,1,279.5,-11.699,-3.047
497,3,1,4,298.6,-3.438,-14.85
497,3,2,4,298.6,-0.279,-12.814
497,3,3,4,298.6,-1.792,-18.294
497,3,4,4,298.6,1.53,-16.123
498,1,1,5,186.4,-2.796,16.323
498,1,2,5,186.4,-2.296,12.337
498,1,3,5,186.4,-4.356,13.838
498,1,4,5,186.4,-6.883,15.559
498,1,5,5,186.4,-6.347,11.849
498,2,1,6,212.9,3.808,6.842
498,2,2,6,212.9,4.901,5.101
498,2,3,6,212.9,6.066,3.257
498,2,4,6,212.9,0.628,4.475
498,2,5,6,212.9,1.654,2.818
498,2,6,6,212.9,2.652,1.044
498,3,1,3,236.0,14.252,-2.759
498,3,2,3,236.0,14.801,-5.62
498,3,3,3,236.0,15.42,-8.629
499,1,1,3,351.2,2.419,-0.407
499,1,2,3,351.2,4.77,0.953
499,1,3,3,351.2,7.022,2.8
499,2,1,2,113.3,14.976,-3.383
499,2,2,2,113.3,9.802,-1.325
499,3,1,4,305.9,-7.013,-14.921
499,3,2,4,305.9,-3.696,-12.546
499,3,3,4,305.9,-4.545,-18.02
499,3,4,4,305.9,-1.236,-15.552
500,1,1,3,208.7,-3.133,-7.894
500,1,2,3,208.7,-3.872,-10.805
500,1,3,3,208.7,-4.595,-13.335
500,2,1,4,75.7,15.686,-8.941
500,2,2,4,75.7,12.015,-7.779
500,2,3,4,75.7,16.919,-4.963
500,2,4,4,75.7,13.063,-4.005
500,3,1,4,20.2,0.926,7.538
500,3,2,4,20.2,-0.455,11.485
500,3,3,4,20.2,4.845,9.04
500,3,4,4,20.2,3.373,12.874
501,1,1,4,14.0,5.963,-0.815
501,1,2,4,14.0,4.91,2.907
501,1,3,4,14.0,9.623,-0.009
501,1,4,4,14.0,8.678,3.746
501,2,1,2,267.8,4.901,-7.631
501,2,2,2,267.8,8.81,-11.539
501,3,1,4,247.3,-12.217,3.866
501,3,2,4,247.3,-8.558,2.398
501,3,3,4,247.3,-13.845,0.124
501,3,4,4,247.3,-10.206,-1.239
502,1,1,3,59.2,6.028,2.912
502,1,2,3,59.2,5.475,5.681
502,1,3,3,59.2,4.867,8.591
502,2,1,4,177.0,-9.749,10.626
502,2,2,4,177.0,-9.996,6.501
502,2,3,4,177.0,-13.756,10.795
502,2,4,4,177.0,-13.987,7.015
502,3,1,2,11.4,-5.489,4.424
502,3,2,2,11.4,-2.292,9.066
503,1,1,3,153.0,7.158,-3.343
503,1,2,3,153.0,4.298,-4.136
503,1,3,3,153.0,1.416,-5.016
503,2,1,2,164.4,8.53,10.472
503,2,2,2,164.4,3.545,7.918
503,3,1,1,11.8,14.097,-5.957
504,1,1,1,76.3,-2.606,8.982
504,2,1,6,61.6,-4.698,-11.457
504,2,2,6,61.6,-6.334,-10.78
504,2,3,6,61.6,-8.172,-9.736
504,2,4,6,61.6,-2.697,-8.019
504,2,5,6,61.6,-4.638,-7.164
504,2,6,6,61.6,-6.313,-6.103
504,3,1,3,122.3,9.269,-7.95
504,3,2,3,122.3,6.271,-7.627
504,3,3,3,122.3,3.433,-7.019
505,1,1,6,167.8,1.371,-10.658
505,1,2,6,167.8,1.26,-12.639
505,1,3,6,167.8,0.642,-14.722
505,1,4,6,167.8,-2.278,-9.794
505,1,5,6,167.8,-2.732,-11.702
505,1,6,6,167.8,-3.233,-13.627
505,2,1,6,10.0,-10.374,8.366
505,2,2,6,10.0,-10.661,10.441
505,2,3,6,10.0,-11.058,12.397
505,2,4,6,10.0,-6.491,9.13
505,2,5,6,10.0,-6.674,11.138
505,2,6,6,10.0,-7.102,12.977
505,3,1,1,17.1,-7.379,-3.196
506,1,1,1,221.6,-3.553,-10.273
506,2,1,1,7.0,7.052,2.027
506,3,1,1,188.6,-0.743,10.722
507,1,1,6,84.3,-0.785,3.676
507,1,2,6,84.3,-2.934,4.148
507,1,3,6,84.3,-4.802,4.215
507,1,4,6,84.3,-0.567,7.666
507,1,5,6,84.3,-2.473,7.964
507,1,6,6,84.3,-4.294,8.077
507,2,1,5,98.4,3.193,-10.594
507,2,2,5,98.4,-0.836,-11.324
507,2,3,5,98.4,0.862,-8.867
507,2,4,5,98.4,2.404,-6.675
507,2,5,5,98.4,-1.371,-7.401
507,3,1,2,284.3,10.059,9.038
507,3,2,2,284.3,14.997,6.508
508,1,1,1,17.2,0.223,-4.617
508,2,1,5,82.5,5.621,-16.085
508,2,2,5,82.5,2.031,-15.636
508,2,3,5,82.5,3.892,-13.981
508,2,4,5,82.5,6.198,-12.046
508,2,5,5,82.5,2.201,-11.567
508,3,1,3,344.2,-14.975,7.454
508,3,2,3,344.2,-12.51,8.983
508,3,3,3,344.2,-9.972,10.188
509,1,1,4,247.0,-12.943,3.265
509,1,2,4,247.0,-9.092,1.554
509,1,3,4,247.0,-14.295,-0.535
509,1,4,4,247.0,-10.595,-2.059
509,2,1,6,46.8,5.75,7.78
509,2,2,6,46.8,4.161,9.112
509,2,3,6,46.8,2.872,10.459
509,2,4,6,46.8,8.427,10.782
509,2,5,6,46.8,7.025,12.217
509,2,6,6,46.8,5.565,13.574
509,3,1,3,221.8,7.335,3.494
509,3,2,3,221.8,7.221,0.565
509,3,3,3,221.8,6.85,-2.321
510,1,1,1,92.2,5.762,3.904
510,2,1,6,205.9,-5.177,-5.987
510,2,2,6,205.9,-4.383,-8.133
510,2,3,6,205.9,-3.457,-9.683
510,2,4,6,205.9,-8.793,-7.912
510,2,5,6,205.9,-7.798,-9.543
510,2,6,6,205.9,-7.039,-11.295
510,3,1,2,76.7,3.723,-14.352
510,3,2,2,76.7,0.581,-9.472
511,1,1,3,172.0,-5.558,14.289
511,1,2,3,172.0,-8.293,12.556
511,1,3,3,172.0,-10.541,10.658
511,2,1,1,267.5,9.611,4.968
511,3,1,3,183.3,-11.518,-4.184
511,3,2,3,183.3,-13.149,-6.463
511,3,3,3,183.3,-15.192,-8.413
512,1,1,5,93.3,-5.117,-1.743
512,1,2,5,93.3,-9.006,-1.874
512,1,3,5,93.3,-7.2,0.28
512,1,4,5,93.3,-5.116,2.465
512,1,5,5,93.3,-9.273,1.948
512,2,1,1,248.5,-2.842,9.346
512,3,1,1,123.0,7.571,0.799
513,1,1,3,146.2,-12.062,2.379
513,1,2,3,146.2,-14.926,1.817
513,1,3,3,146.2,-17.508,1.185
513,2,1,5,162.0,-0.806,-1.328
513,2,2,5,162.0,-2.1,-4.875
513,2,3,5,162.0,-3.295,-2.456
513,2,4,5,162.0,-4.679,0.175
513,2,5,5,162.0,-5.764,-3.746
513,3,1,6,355.7,-9.119,5.878
513,3,2,6,355.7,-8.93,8.075
513,3,3,6,355.7,-8.575,10.035
513,3,4,6,355.7,-5.156,5.479
513,3,5,6,355.7,-4.796,7.566
513,3,6,6,355.7,-4.734,9.458
514,1,1,1,4.9,-12.181,-7.622
514,2,1,5,52.4,-0.677,3.241
514,2,2,5,52.4,-3.954,5.745
514,2,3,5,52.4,-1.181,5.903
514,2,4,5,52.4,1.64,6.449
514,2,5,5,52.4,-1.509,8.948
514,3,1,3,243.4,-6.601,16.479
514,3,2,3,243.4,-5.628,13.909
514,3,3,3,243.4,-4.931,11.279
515,1,1,1,1.4,0.426,10.466
515,2,1,5,241.1,-2.678,-0.723
515,2,2,5,241.1,0.77,-2.648
515,2,3,5,241.1,-1.917,-3.395
515,2,4,5,241.1,-4.531,-4.074
515,2,5,5,241.1,-0.984,-6.086
515,3,1,2,29.7,5.345,-1.626
515,3,2,2,29.7,6.758,3.835
516,1,1,2,286.5,-4.246,-1.336
516,1,2,2,286.5,0.941,-3.949
516,2,1,1,108.6,-14.308,-3.799
516,3,1,3,79.9,-2.072,-14.338
516,3,2,3,79.9,-3.778,-11.958
516,3,3,3,79.9,-5.365,-9.537
517,1,1,3,199.0,-9.004,8.552
517,1,2,3,199.0,-10.245,5.749
517,1,3,3,199.0,-11.385,3.36
517,2,1,4,188.3,-1.346,-10.262
517,2,2,4,188.3,-0.812,-14.085
517,2,3,4,188.3,-5.389,-10.819
517,2,4,4,188.3,-4.718,-14.764
517,3,1,4,211.3,-1.016,1.38
517,3,2,4,211.3,1.201,-1.842
517,3,3,4,211.3,-4.436,-0.897
517,3,4,4,211.3,-2.342,-3.995
518,1,1,5,358.6,10.507,7.475
518,1,2,5,358.6,10.599,11.413
518,1,3,5,358.6,12.461,9.536
518,1,4,5,358.6,14.404,7.342
518,1,5,5,358.6,14.528,11.578
518,2,1,2,125.6,1.892,-12.84
518,2,2,2,125.6,-3.421,-11.857
518,3,1,6,42.1,-8.559,1.021
518,3,2,6,42.1,-9.746,2.717
518,3,3,6,42.1,-11.151,3.909
518,3,4,6,42.1,-5.723,3.874
518,3,5,6,42.1,-6.926,5.285
518,3,6,6,42.1,-8.118,6.746
519,1,1,2,357.2,-6.471,-9.255
519,1,2,2,357.2,-2.228,-5.578
519,2,1,3,263.3,11.024,6.015
519,2,2,3,263.3,12.791,3.674
519,2,3,3,263.3,14.563,1.574
519,3,1,2,194.3,-10.523,0.2
519,3,2,2,194.3,-13.162,-4.679
520,1,1,1,337.2,-8.446,12.695
520,2,1,6,1.6,5.719,7.074
520,2,2,6,1.6,5.747,9.076
520,2,3,6,1.6,5.651,11.118
520,2,4,6,1.6,9.646,7.12
520,2,5,6,1.6,9.535,9.165
520,2,6,6,1.6,9.577,11.107
520,3,1,6,306.1,-13.244,-2.941
520,3,2,6,306.1,-11.852,-1.749
520,3,3,6,306.1,-10.107,-0.637
520,3,4,6,306.1,-11.186,-6.092
520,3,5,6,306.1,-9.322,-5.211
520,3,6,6,306.1,-7.886,-3.957
521,1,1,6,175.7,-7.354,8.512
521,1,2,6,175.7,-7.386,6.43
521,1,3,6,175.7,-7.641,4.424
521,1,4,6,175.7,-11.344,8.589
521,1,5,6,175.7,-11.505,6.681
521,1,6,6,175.7,-11.725,4.69
521,2,1,1,72.5,-2.841,-4.713
521,3,1,4,264.2,1.522,9.814
521,3,2,4,264.2,5.666,9.285
521,3,3,4,264.2,1.071,5.836
521,3,4,4,264.2,5.189,5.3
522,1,1,1,74.8,2.958,11.333
522,2,1,3,144.0,-5.872,11.944
522,2,2,3,144.0,-8.644,11.303
522,2,3,3,144.0,-11.503,11.148
522,3,1,6,23.6,-8.851,-14.424
522,3,2,6,23.6,-9.676,-12.54
522,3,3,6,23.6,-10.48,-10.946
522,3,4,6,23.6,-5.244,-12.818
522,3,5,6,23.6,-5.738,-10.974
522,3,6,6,23.6,-6.798,-9.135
523,1,1,5,42.1,-5.603,-10.652
523,1,2,5,42.1,-8.477,-7.861
523,1,3,5,42.1,-5.711,-7.805
523,1,4,5,42.1,-2.666,-8.128
523,1,5,5,42.1,-5.268,-5.161
523,2,1,4,327.8,-1.787,3.839
523,2,2,4,327.8,0.216,7.155
523,2,3,4,327.8,1.633,1.665
523,2,4,4,327.8,3.743,5.163
523,3,1,4,187.2,11.476,1.987
523,3,2,4,187.2,11.98,-1.927
523,3,3,4,187.2,7.301,1.604
523,3,4,4,187.2,8.258,-2.67
524,1,1,6,250.5,12.927,6.746
524,1,2,6,250.5,14.603,5.953
524,1,3,6,250.5,16.437,5.22
524,1,4,6,250.5,11.274,2.96
524,1,5,6,250.5,13.259,2.166
524,1,6,6,250.5,15.03,1.45
524,2,1,1,188.1,-13.698,6.082
524,3,1,6,159.5,10.131,-6.992
524,3,2,6,159.5,9.424,-8.819
524,3,3,6,159.5,8.596,-10.689
524,3,4,6,159.5,6.353,-5.718
524,3,5,6,159.5,5.938,-7.334
524,3,6,6,159.5,4.978,-9.227
525,1,1,1,48.6,8.183,-7.993
525,2,1,6,211.4,4.589,15.258
525,2,2,6,211.4,5.71,13.374
525,2,3,6,211.4,6.925,11.813
525,2,4,6,211.4,1.305,12.951
525,2,5,6,211.4,2.156,11.496
525,2,6,6,211.4,3.338,9.541
525,3,1,5,96.9,-0.057,-4.618
525,3,2,5,96.9,-4.034,-4.832
525,3,3,5,96.9,-2.393,-2.617
525,3,4,5,96.9,-0.617,-0.487
525,3,5,5,96.9,-4.561,-0.957
526,1,1,2,16.3,-3.524,11.176
526,1,2,2,16.3,-0.805,16.139
526,2,1,5,220.1,-10.766,11.236
526,2,2,5,220.1,-8.115,8.199
526,2,3,5,220.1,-10.959,8.37
526,2,4,5,220.1,-13.767,8.616
526,2,5,5,220.1,-11.246,5.726
526,3,1,3,297.8,-10.09,2.002
526,3,2,3,297.8,-7.29,1.303
526,3,3,3,297.8,-4.732,0.226
527,1,1,4,251.5,5.561,2.48
527,1,2,4,251.5,9.417,1.163
527,1,3,4,251.5,4.334,-1.474
527,1,4,4,251.5,8.287,-2.877
527,2,1,5,93.8,1.774,6.397
527,2,2,5,93.8,-2.274,6.228
527,2,3,5,93.8,-0.329,8.256
527,2,4,5,93.8,1.338,10.364
527,2,5,5,93.8,-2.651,10.143
527,3,1,2,347.7,2.454,-11.188
527,3,2,2,347.7,7.149,-8.18
528,1,1,2,145.3,7.433,-13.53
528,1,2,2,145.3,1.801,-14.614
528,2,1,4,122.7,3.077,2.339
528,2,2,4,122.7,-0.227,-0.018
528,2,3,4,122.7,1.031,5.488
528,2,4,4,122.7,-2.278,3.337
528,3,1,6,70.9,0.603,-9.726
528,3,2,6,70.9,-1.587,-9.07
528,3,3,6,70.9,-3.268,-8.576
528,3,4,6,70.9,1.813,-6.082
528,3,5,6,70.9,-0.037,-5.349
528,3,6,6,70.9,-1.98,-4.73
529,1,1,6,19.8,-7.574,8.286
529,1,2,6,19.8,-8.122,10.078
529,1,3,6,19.8,-8.91,12.023
529,1,4,6,19.8,-3.78,9.599
529,1,5,6,19.8,-4.291,11.506
529,1,6,6,19.8,-5.183,13.542
529,2,1,3,71.2,16.118,-1.824
529,2,2,3,71.2,14.813,0.575
529,2,3,3,71.2,13.648,3.17
529,3,1,2,21.3,2.502,-8.834
529,3,2,2,21.3,4.762,-3.591
530,1,1,5,328.6,10.911,-1.308
530,1,2,5,328.6,12.867,2.14
530,1,3,5,328.6,13.538,-0.554
530,1,4,5,328.6,14.113,-3.39
530,1,5,5,328.6,16.339,-0.038
530,2,1,3,207.3,5.973,3.318
530,2,2,3,207.3,5.09,0.57
530,2,3,3,207.3,4.156,-2.159
530,3,1,3,80.0,-1.081,13.391
530,3,2,3,80.0,-2.74,15.56
530,3,3,3,80.0,-4.312,17.896
531,1,1,6,183.3,6.909,-2.44
531,1,2,6,183.3,7.025,-4.512
531,1,3,6,183.3,7.057,-6.586
531,1,4,6,183.3,2.874,-2.819
531,1,5,6,183.3,2.998,-4.888
531,1,6,6,183.3,3.252,-6.802
531,2,1,2,67.1,-8.452,-3.681
531,2,2,2,67.1,-10.701,1.577
531,3,1,4,355.3,-3.136,-0.937
531,3,2,4,355.3,-3.075,3.097
531,3,3,4,355.3,0.716,-1.424
531,3,4,4,355.3,1.003,2.701
532,1,1,2,181.5,-3.809,-0.424
532,1,2,2,181.5,-7.855,-4.68
532,2,1,5,20.3,2.468,-9.885
532,2,2,5,20.3,1.154,-5.929
532,2,3,5,20.3,3.523,-7.2
532,2,4,5,20.3,6.034,-8.57
532,2,5,5,20.3,4.671,-4.708
532,3,1,1,285.2,-8.162,12.965
533,1,1,3,28.3,13.699,-7.727
533,1,2,3,28.3,14.619,-5.083
533,1,3,3,28.3,15.353,-2.36
533,2,1,2,186.2,-8.461,-6.338
533,2,2,2,186.2,-12.122,-10.668
533,3,1,1,50.2,0.222,-7.706
534,1,1,6,167.0,-10.737,3.494
534,1,2,6,167.0,-11.065,1.385
534,1,3,6,167.0,-11.683,-0.64
534,1,4,6,167.0,-14.667,4.094
534,1,5,6,167.0,-15.039,2.142
534,1,6,6,167.0,-15.735,0.42
534,2,1,3,352.3,2.384,-11.775
534,2,2,3,352.3,4.603,-10.041
534,2,3,3,352.3,7.033,-8.306
534,3,1,5,271.7,4.713,13.273
534,3,2,5,271.7,8.884,13.741
534,3,3,5,271.7,6.681,11.694
534,3,4,5,271.7,4.812,9.583
534,3,5,5,271.7,8.774,9.742
535,1,1,2,37.5,-9.302,-6.015
535,1,2,2,37.5,-8.322,-0.539
535,2,1,2,127.6,10.446,-8.215
535,2,2,2,127.6,4.926,-7.596
535,3,1,1,101.1,-10.058,5.204
536,1,1,4,327.0,6.05,-10.412
536,1,2,4,327.0,8.041,-7.157
536,1,3,4,327.0,9.428,-12.621
536,1,4,4,327.0,11.21,-9.255
536,2,1,1,212.1,0.71,-1.491
536,3,1,5,263.7,4.324,15.405
536,3,2,5,263.7,8.34,15.152
536,3,3,5,263.7,6.132,13.422
536,3,4,5,263.7,3.829,11.443
536,3,5,5,263.7,7.99,11.102
537,1,1,3,110.9,-3.303,4.536
537,1,2,3,110.9,-5.904,5.619
537,1,3,3,110.9,-8.737,6.712
537,2,1,1,133.5,-1.694,15.082
537,3,1,2,267.8,13.092,1.823
537,3,2,2,267.8,16.94,-2.22
538,1,1,5,225.8,-6.474,-6.522
538,1,2,5,225.8,-3.606,-9.286
538,1,3,5,225.8,-6.415,-9.448
538,1,4,5,225.8,-9.43,-9.447
538,1,5,5,225.8,-6.53,-11.978
538,2,1,1,29.5,-7.271,12.306
538,3,1,1,76.8,8.569,-6.17
539,1,1,3,329.3,-2.272,-0.675
539,1,2,3,329.3,0.34,0.102
539,1,3,3,329.3,3.155,0.933
539,2,1,6,9.6,-0.922,-14.453
539,2,2,6,9.6,-1.341,-12.269
539,2,3,6,9.6,-1.581,-10.314
539,2,4,6,9.6,2.95,-13.763
539,2,5,6,9.6,2.743,-11.946
539,2,6,6,9.6,2.356,-9.822
539,3,1,2,289.9,-6.134,12.65
539,3,2,2,289.9,-1.002,10.235
540,1,1,6,201.4,-9.337,-7.808
540,1,2,6,201.4,-8.836,-9.612
540,1,3,6,201.4,-8.12,-11.664
540,1,4,6,201.4,-13.2,-9.092
540,1,5,6,201.4,-12.511,-11.298
540,1,6,6,201.4,-12.031,-13.018
540,2,1,3,16.5,6.507,8.489
540,2,2,3,16.5,7.831,11.102
540,2,3,3,16.5,9.172,13.391
540,3,1,4,267.5,-6.858,7.481
540,3,2,4,267.5,-2.996,7.392
540,3,3,4,267.5,-7.162,3.631
540,3,4,4,267.5,-3.125,3.42
541,1,1,1,9.0,7.844,-0.316
541,2,1,6,72.8,-4.259,6.825
541,2,2,6,72.8,-6.185,7.381
541,2,3,6,72.8,-8.205,8.166
541,2,4,6,72.8,-3.135,10.535
541,2,5,6,72.8,-4.844,11.451
541,2,6,6,72.8,-6.742,11.89
541,3,1,3,274.9,5.779,14.006
541,3,2,3,274.9,8.199,12.23
541,3,3,3,274.9,10.193,10.316
542,1,1,5,123.1,-11.931,2.921
542,1,2,5,123.1,-15.121,0.84
542,1,3,5,123.1,-14.717,3.375
542,1,4,5,123.1,-13.898,6.224
542,1,5,5,123.1,-17.486,4.041
542,2,1,1,176.1,0.811,-1.566
542,3,1,1,281.0,13.728,-8.15
543,1,1,3,36.4,15.592,-2.201
543,1,2,3,36.4,15.874,0.746
543,1,3,3,36.4,16.366,3.452
543,2,1,4,94.5,-9.986,-6.182
543,2,2,4,94.5,-13.949,-6.688
543,2,3,4,94.5,-10.263,-2.315
543,2,4,4,94.5,-14.428,-2.519
543,3,1,1,132.8,-5.363,4.471
544,1,1,2,80.1,-0.013,-13.023
544,1,2,2,80.1,-3.414,-8.334
544,2,1,5,326.6,-2.367,-0.29
544,2,2,5,326.6,-0.045,3.176
544,2,3,5,326.6,0.304,0.427
544,2,4,5,326.6,0.84,-2.533
544,2,5,5,326.6,3.054,0.767
544,3,1,2,110.5,15.023,-10.777
544,3,2,2,110.5,9.477,-8.695
545,1,1,6,108.4,-9.451,-10.802
545,1,2,6,108.4,-11.338,-11.431
545,1,3,6,108.4,-13.368,-12.082
545,1,4,6,108.4,-10.887,-7.007
545,1,5,6,108.4,-12.759,-7.834
545,1,6,6,108.4,-14.728,-8.323
545,2,1,1,205.5,-3.574,1.876
545,3,1,2,194.7,7.183,-10.791
545,3,2,2,194.7,4.354,-15.695
546,1,1,3,121.8,5.796,13.205
546,1,2,3,121.8,2.969,13.665
546,1,3,3,121.8,0.342,14.56
546,2,1,1,192.4,-4.431,-12.749
546,3,1,6,279.2,10.205,0.752
546,3,2,6,279.2,12.185,1.072
546,3,3,6,279.2,14.08,1.442
546,3,4,6,279.2,10.979,-3.233
546,3,5,6,279.2,12.677,-2.921
546,3,6,6,279.2,14.814,-2.62
547,1,1,2,316.5,1.266,14.499
547,1,2,2,316.5,6.95,14.421
547,2,1,2,232.5,10.033,-1.726
547,2,2,2,232.5,10.797,-7.335
547,3,1,3,16.6,-3.819,-5.988
547,3,2,3,16.6,-2.693,-3.606
547,3,3,3,16.6,-1.235,-0.827
548,1,1,1,234.7,7.467,5.023
548,2,1,5,49.4,-0.561,1.892
548,2,2,5,49.4,-3.708,4.562
548,2,3,5,49.4,-0.866,4.754
548,2,4,5,49.4,2.042,5.038
548,2,5,5,49.4,-0.906,7.536
548,3,1,4,131.5,-2.209,-11.67
548,3,2,4,131.5,-5.2,-14.23
548,3,3,4,131.5,-4.813,-8.524
548,3,4,4,131.5,-7.934,-11.189
549,1,1,1,50.5,15.293,1.988
549,2,1,5,107.2,-11.721,1.404
549,2,2,5,107.2,-15.535,0.192
549,2,3,5,107.2,-14.2,2.742
549,2,4,5,107.2,-12.936,5.113
549,2,5,5,107.2,-16.704,3.976
549,3,1,1,144.5,6.86,7.528
550,1,1,3,63.6,12.817,-5.79
550,1,2,3,63.6,11.938,-3.271
550,1,3,3,63.6,11.063,-0.479
550,2,1,3,21.9,-7.729,-0.353
550,2,2,3,21.9,-6.931,2.265
550,2,3,3,21.9,-5.429,4.712
550,3,1,4,250.2,1.336,16.612
550,3,2,4,250.2,5.134,15.291
550,3,3,4,250.2,0.189,12.822
550,3,4,4,250.2,3.754,11.536
551,1,1,4,51.8,5.72,-11.033
551,1,2,4,51.8,2.452,-8.511
551,1,3,4,51.8,8.086,-7.922
551,1,4,4,51.8,4.848,-5.191
551,2,1,2,165.8,2.521,3.143
551,2,2,2,165.8,-2.281,0.391
551,3,1,2,115.7,-7.591,1.592
551,3,2,2,115.7,-12.987,3.255
552,1,1,1,65.6,-11.912,-5.36
552,2,1,4,264.6,-4.521,-2.714
552,2,2,4,264.6,-0.641,-2.864
552,2,3,4,264.6,-4.933,-6.52
552,2,4,4,264.6,-1.056,-7.0
552,3,1,2,131.4,11.989,-7.398
552,3,2,2,131.4,6.4,-6.926
553,1,1,1,341.9,-7.609,6.146
553,2,1,4,225.1,-4.417,-3.143
553,2,2,4,225.1,-1.685,-5.876
553,2,3,4,225.1,-7.428,-5.946
553,2,4,4,225.1,-4.284,-8.671
553,3,1,3,347.7,10.024,6.032
553,3,2,3,347.7,12.351,7.491
553,3,3,3,347.7,14.732,9.119
554,1,1,5,109.8,-6.297,-7.396
554,1,2,5,109.8,-9.814,-8.907
554,1,3,5,109.8,-8.764,-6.381
554,1,4,5,109.8,-7.652,-3.451
554,1,5,5,109.8,-11.51,-4.989
554,2,1,5,318.9,8.82,10.233
554,2,2,5,318.9,11.796,13.178
554,2,3,5,318.9,11.724,10.496
554,2,4,5,318.9,12.114,7.837
554,2,5,5,318.9,14.766,10.655
554,3,1,6,160.2,5.303,5.236
554,3,2,6,160.2,4.791,3.224
554,3,3,6,160.2,4.054,1.525
554,3,4,6,160.2,1.762,6.527
554,3,5,6,160.2,1.073,4.539
554,3,6,6,160.2,0.548,2.738
555,1,1,5,88.1,4.766,13.398
555,1,2,5,88.1,0.825,13.667
555,1,3,5,88.1,2.881,15.555
555,1,4,5,88.1,4.958,17.374
555,1,5,5,88.1,1.189,17.687
555,2,1,4,264.3,-16.3,3.237
555,2,2,4,264.3,-12.212,2.856
555,2,3,4,264.3,-16.837,-0.639
555,2,4,4,264.3,-12.537,-1.256
555,3,1,6,63.8,9.068,0.56
555,3,2,6,63.8,7.109,1.495
555,3,3,6,63.8,5.27,2.524
555,3,4,6,63.8,10.518,4.28
555,3,5,6,63.8,8.815,5.179
555,3,6,6,63.8,7.157,6.048
556,1,1,6,246.7,-0.499,3.979
556,1,2,6,246.7,1.297,3.153
556,1,3,6,246.7,3.006,2.514
556,1,4,6,246.7,-2.108,0.386
556,1,5,6,246.7,-0.246,-0.621
556,1,6,6,246.7,1.503,-1.199
556,2,1,2,199.4,-12.221,-1.526
556,2,2,2,199.4,-14.404,-6.678
556,3,1,2,93.4,-7.845,1.92
556,3,2,2,93.4,-11.955,5.927
557,1,1,6,247.8,-3.141,-3.958
557,1,2,6,247.8,-1.396,-4.755
557,1,3,6,247.8,0.235,-5.467
557,1,4,6,247.8,-4.761,-7.745
557,1,5,6,247.8,-3.027,-8.386
557,1,6,6,247.8,-1.172,-9.207
557,2,1,6,138.6,-3.173,6.702
557,2,2,6,138.6,-4.657,5.123
557,2,3,6,138.6,-5.963,3.646
557,2,4,6,138.6,-6.423,9.535
557,2,5,6,138.6,-7.424,7.818
557,2,6,6,138.6,-8.937,6.364
557,3,1,6,285.8,-2.859,13.841
557,3,2,6,285.8,-0.919,14.094
557,3,3,6,285.8,1.159,14.946
557,3,4,6,285.8,-1.837,10.001
557,3,5,6,285.8,0.131,10.603
557,3,6,6,285.8,2.126,10.949
558,1,1,2,341.5,-17.918,-3.103
558,1,2,2,341.5,-12.905,-0.487
558,2,1,3,236.7,5.086,-11.912
558,2,2,3,236.7,5.572,-14.481
558,2,3,3,236.7,6.178,-17.149
558,3,1,3,299.7,-3.684,7.545
558,3,2,3,299.7,-0.992,6.942
558,3,3,3,299.7,1.505,6.016
559,1,1,5,342.7,-13.263,6.71
559,1,2,5,342.7,-12.096,10.516
559,1,3,5,342.7,-10.799,8.018
559,1,4,5,342.7,-9.459,5.487
559,1,5,5,342.7,-8.325,9.375
559,2,1,2,32.2,-9.991,-12.918
559,2,2,2,32.2,-8.776,-7.375
559,3,1,3,251.9,5.006,9.384
559,3,2,3,251.9,6.353,6.912
559,3,3,3,251.9,7.675,4.426
560,1,1,3,229.9,15.44,4.105
560,1,2,3,229.9,15.698,1.088
560,1,3,3,229.9,15.818,-1.8
560,2,1,5,58.1,-7.076,-4.234
560,2,2,5,58.1,-10.632,-2.013
560,2,3,5,58.1,-7.675,-1.379
560,2,4,5,58.1,-5.092,-0.63
560,2,5,5,58.1,-8.539,1.299
560,3,1,6,227.4,-3.645,-9.007
560,3,2,6,227.4,-2.118,-10.44
560,3,3,6,227.4,-0.572,-11.944
560,3,4,6,227.4,-6.392,-12.107
560,3,5,6,227.4,-5.089,-13.458
560,3,6,6,227.4,-3.618,-14.797
561,1,1,6,14.2,1.406,-2.516
561,1,2,6,14.2,0.862,-0.555
561,1,3,6,14.2,0.353,1.264
561,1,4,6,14.2,5.304,-1.604
561,1,5,6,14.2,4.915,0.4
561,1,6,6,14.2,4.249,2.429
561,2,1,6,318.8,-7.524,-13.132
561,2,2,6,318.8,-6.349,-11.671
561,2,3,6,318.8,-4.923,-10.25
561,2,4,6,318.8,-4.583,-15.983
561,2,5,6,318.8,-3.245,-14.564
561,2,6,6,318.8,-1.954,-12.911
561,3,1,6,335.8,-6.836,13.281
561,3,2,6,335.8,-6.243,15.117
561,3,3,6,335.8,-5.154,16.864
561,3,4,6,335.8,-3.356,11.816
561,3,5,6,335.8,-2.528,13.753
561,3,6,6,335.8,-1.831,15.406
562,1,1,4,195.6,-6.407,-7.379
562,1,2,4,195.6,-5.463,-11.245
562,1,3,4,195.6,-10.188,-8.57
562,1,4,4,195.6,-9.057,-12.169
562,2,1,3,350.8,9.235,-12.611
562,2,2,3,350.8,11.621,-10.8
562,2,3,3,350.8,13.993,-9.187
562,3,1,6,280.0,-13.899,5.53
562,3,2,6,280.0,-11.789,6.011
562,3,3,6,280.0,-9.917,6.32
562,3,4,6,280.0,-13.222,1.551
562,3,5,6,280.0,-11.338,2.031
562,3,6,6,280.0,-9.3,2.234
563,1,1,5,152.3,-8.466,-1.853
563,1,2,5,152.3,-10.145,-5.164
563,1,3,5,152.3,-11.166,-2.513
563,1,4,5,152.3,-11.881,-0.087
563,1,5,5,152.3,-13.795,-3.475
563,2,1,5,18.8,-2.188,4.995
563,2,2,5,18.8,-3.641,8.843
563,2,3,5,18.8,-1.126,7.575
563,2,4,5,18.8,1.522,6.223
563,2,5,5,18.8,0.115,10.041
563,3,1,4,225.4,-10.868,11.549
563,3,2,4,225.4,-8.079,8.758
563,3,3,4,225.4,-13.635,8.525
563,3,4,4,225.4,-10.683,5.899
564,1,1,4,212.9,9.528,10.562
564,1,2,4,212.9,11.722,7.271
564,1,3,4,212.9,6.122,8.536
564,1,4,4,212.9,8.526,4.966
564,2,1,3,74.9,-11.615,3.932
564,2,2,3,74.9,-13.039,6.457
564,2,3,3,74.9,-14.374,8.993
564,3,1,4,101.9,-1.674,-15.793
564,3,2,4,101.9,-5.419,-16.649
564,3,3,4,101.9,-2.437,-11.938
564,3,4,4,101.9,-6.347,-12.669
565,1,1,1,56.8,-4.085,-4.461
565,2,1,5,261.9,3.366,15.098
565,2,2,5,261.9,7.132,14.489
565,2,3,5,261.9,5.171,12.663
565,2,4,5,261.9,2.82,11.053
565,2,5,5,261.9,6.77,10.602
565,3,1,3,355.7,-15.776,5.806
565,3,2,3,355.7,-13.486,8.081
565,3,3,3,355.7,-11.709,9.782
566,1,1,4,275.7,-6.543,6.084
566,1,2,4,275.7,-2.567,6.352
566,1,3,4,275.7,-6.086,2.048
566,1,4,4,275.7,-1.938,2.481
566,2,1,6,224.5,6.864,3.48
566,2,2,6,224.5,8.454,2.154
566,2,3,6,224.5,9.898,0.671
566,2,4,6,224.5,3.911,0.835
566,2,5,6,224.5,5.353,-0.629
566,2,6,6,224.5,6.833,-2.196
566,3,1,1,25.8,6.456,-8.731
567,1,1,4,145.5,-5.156,12.312
567,1,2,4,145.5,-7.465,8.731
567,1,3,4,145.5,-8.703,14.582
567,1,4,4,145.5,-10.847,11.04
567,2,1,4,124.3,-2.68,-9.051
567,2,2,4,124.3,-5.851,-11.228
567,2,3,4,124.3,-4.83,-5.705
567,2,4,4,124.3,-8.139,-8.073
567,3,1,3,332.8,11.655,4.384
567,3,2,3,332.8,14.302,5.238
567,3,3,3,332.8,17.209,6.34
568,1,1,1,106.7,-7.624,1.294
568,2,1,4,113.0,5.238,-16.163
568,2,2,4,113.0,1.732,-17.966
568,2,3,4,113.0,3.689,-12.633
568,2,4,4,113.0,-0.114,-14.236
568,3,1,4,145.5,3.428,2.763
568,3,2,4,145.5,1.304,-0.386
568,3,3,4,145.5,0.117,5.159
568,3,4,4,145.5,-2.059,2.0
569,1,1,1,176.6,-14.36,-2.672
569,2,1,5,276.0,-11.005,5.65
569,2,2,5,276.0,-7.088,6.03
569,2,3,5,276.0,-8.906,3.776
569,2,4,5,276.0,-10.695,1.645
569,2,5,5,276.0,-6.499,2.056
569,3,1,1,175.4,11.526,-1.77
570,1,1,4,99.0,12.772,-12.117
570,1,2,4,99.0,8.794,-12.847
570,1,3,4,99.0,12.191,-8.293
570,1,4,4,99.0,8.146,-9.015
570,2,1,5,39.9,-10.1,-11.164
570,2,2,5,39.9,-12.673,-8.065
570,2,3,5,39.9,-9.806,-8.305
570,2,4,5,39.9,-6.923,-8.56
570,2,5,5,39.9,-9.613,-5.548
570,3,1,4,14.5,-2.922,9.714
570,3,2,4,14.5,-3.794,13.584
570,3,3,4,14.5,1.11,10.858
570,3,4,4,14.5,0.063,14.596
571,1,1,5,109.6,8.211,-15.43
571,1,2,5,109.6,4.457,-16.903
571,1,3,5,109.6,5.837,-14.166
571,1,4,5,109.6,6.933,-11.671
571,1,5,5,109.6,3.176,-12.881
571,2,1,3,71.7,-1.294,-2.425
571,2,2,3,71.7,-2.477,0.063
571,2,3,3,71.7,-3.726,2.432
571,3,1,1,295.2,-7.036,-11.476
572,1,1,1,29.1,-4.132,-7.703
572,2,1,3,254.4,7.603,8.771
572,2,2,3,254.4,9.097,6.39
572,2,3,3,254.4,10.545,4.083
572,3,1,5,86.5,8.581,-14.831
572,3,2,5,86.5,4.543,-14.506
572,3,3,5,86.5,6.594,-12.53
572,3,4,5,86.5,8.672,-10.779
572,3,5,5,86.5,4.569,-10.624
573,1,1,1,75.4,-11.782,8.565
573,2,1,3,227.5,0.095,3.037
573,2,2,3,227.5,0.056,0.233
573,2,3,3,227.5,0.289,-2.528
573,3,1,1,52.4,11.418,-5.354
574,1,1,6,289.1,-0.061,-10.3
574,1,2,6,289.1,1.856,-9.567
574,1,3,6,289.1,3.869,-9.156
574,1,4,6,289.1,1.074,-14.236
574,1,5,6,289.1,3.258,-13.466
574,1,6,6,289.1,5.171,-12.671
574,2,1,1,47.3,-11.205,10.521
574,3,1,5,278.9,7.895,9.111
574,3,2,5,278.9,11.855,9.906
574,3,3,5,278.9,10.323,7.394
574,3,4,5,278.9,8.337,4.98
574,3,5,5,278.9,12.315,5.788
575,1,1,3,89.7,-9.373,6.053
575,1,2,3,89.7,-11.145,8.036
575,1,3,3,89.7,-13.149,10.024
575,2,1,1,185.2,15.603,1.762
575,3,1,2,216.1,-11.909,-4.078
575,3,2,2,216.1,-12.828,-9.759
576,1,1,6,190.5,-5.47,8.83
576,1,2,6,190.5,-4.935,6.974
576,1,3,6,190.5,-4.564,5.063
576,1,4,6,190.5,-9.182,8.209
576,1,5,6,190.5,-8.709,6.436
576,1,6,6,190.5,-8.437,4.148
576,2,1,5,202.4,-7.807,-1.763
576,2,2,5,202.4,-6.047,-5.385
576,2,3,5,202.4,-8.71,-4.439
576,2,4,5,202.4,-11.337,-3.41
576,2,5,5,202.4,-9.859,-7.096
576,3,1,3,171.8,10.229,13.829
576,3,2,3,171.8,8.073,12.105
576,3,3,3,171.8,5.772,10.424
577,1,1,5,324.0,-11.242,2.766
577,1,2,5,324.0,-8.675,5.846
577,1,3,5,324.0,-8.365,3.035
577,1,4,5,324.0,-7.974,0.379
577,1,5,5,324.0,-5.403,3.61
577,2,1,2,109.5,-2.963,-15.239
577,2,2,2,109.5,-8.172,-12.723
577,3,1,6,245.2,0.759,-1.145
577,3,2,6,245.2,2.722,-2.013
577,3,3,6,245.2,4.291,-2.791
577,3,4,6,245.2,-0.915,-4.805
577,3,5,6,245.2,0.979,-5.617
577,3,6,6,245.2,2.675,-6.325
578,1,1,1,244.3,6.978,10.067
578,2,1,1,289.8,3.565,-3.28
578,3,1,6,206.6,-10.045,5.587
578,3,2,6,206.6,-9.361,3.785
578,3,3,6,206.6,-8.295,1.885
578,3,4,6,206.6,-13.759,3.772
578,3,5,6,206.6,-12.898,1.925
578,3,6,6,206.6,-11.926,0.179
579,1,1,4,170.8,6.599,-8.165
579,1,2,4,170.8,5.876,-12.17
579,1,3,4,170.8,2.599,-7.48
579,1,4,4,170.8,1.966,-11.603
579,2,1,5,96.9,-6.231,-4.711
579,2,2,5,96.9,-10.046,-5.008
579,2,3,5,96.9,-8.414,-2.905
579,2,4,5,96.9,-6.468,-0.791
579,2,5,5,96.9,-10.73,-1.025
579,3,1,6,235.2,5.546,8.927
579,3,2,6,235.2,7.205,7.601
579,3,3,6,235.2,8.727,6.607
579,3,4,6,235.2,3.007,5.378
579,3,5,6,235.2,4.839,4.489
579,3,6,6,235.2,6.308,3.255
580,1,1,4,104.1,12.463,-2.064
580,1,2,4,104.1,8.506,-3.298
580,1,3,4,104.1,11.536,1.663
580,1,4,4,104.1,7.641,0.46
580,2,1,5,90.5,-1.201,-8.579
580,2,2,5,90.5,-5.319,-8.958
580,2,3,5,90.5,-3.123,-6.639
580,2,4,5,90.5,-1.305,-4.597
580,2,5,5,90.5,-5.22,-4.512
580,3,1,2,161.2,4.137,6.808
580,3,2,2,161.2,-0.876,4.215
581,1,1,5,297.7,7.407,7.841
581,1,2,5,297.7,11.072,9.787
581,1,3,5,297.7,10.038,7.26
581,1,4,5,297.7,9.28,4.363
581,1,5,5,297.7,12.741,6.145
581,2,1,3,25.0,-1.273,0.993
581,2,2,3,25.0,-0.348,3.807
581,2,3,3,25.0,0.869,6.527
581,3,1,6,319.8,-15.923,0.104
581,3,2,6,319.8,-14.315,1.599
581,3,3,6,319.8,-13.159,3.015
581,3,4,6,319.8,-12.7,-2.612
581,3,5,6,319.8,-11.239,-0.705
581,3,6,6,319.8,-9.9,0.487
582,1,1,1,180.2,2.251,0.449
582,2,1,2,157.9,-8.905,-1.356
582,2,2,2,157.9,-14.398,-3.458
582,3,1,3,306.7,1.66,-12.822
582,3,2,3,306.7,4.519,-13.046
582,3,3,3,306.7,6.988,-13.355
583,1,1,1,291.0,1.173,-15.668
583,2,1,4,291.1,7.682,2.796
583,2,2,4,291.1,11.559,4.287
583,2,3,4,291.1,9.203,-0.926
583,2,4,4,291.1,13.057,0.53
583,3,1,1,189.2,-14.677,0.635
584,1,1,4,252.6,12.24,1.26
584,1,2,4,252.6,16.182,0.015
584,1,3,4,252.6,11.131,-2.697
584,1,4,4,252.6,14.787,-3.692
584,2,1,1,271.2,3.982,7.486
584,3,1,3,103.4,-4.386,-2.798
584,3,2,3,103.4,-6.795,-1.627
584,3,3,3,103.4,-9.219,0.072
585,1,1,1,20.0,-6.792,6.494
585,2,1,5,261.8,11.267,8.416
585,2,2,5,261.8,15.253,7.858
585,2,3,5,261.8,13.187,6.425
585,2,4,5,261.8,10.856,4.379
585,2,5,5,261.8,14.699,4.167
585,3,1,5,151.8,-2.997,-5.802
585,3,2,5,151.8,-4.912,-9.054
585,3,3,5,151.8,-5.663,-6.421
585,3,4,5,151.8,-6.397,-3.726
585,3,5,5,151.8,-8.471,-7.315
586,1,1,6,289.1,-1.82,15.213
586,1,2,6,289.1,0.211,15.744
586,1,3,6,289.1,2.006,16.314
586,1,4,6,289.1,-0.362,11.278
586,1,5,6,289.1,1.52,12.025
586,1,6,6,289.1,3.376,12.748
586,2,1,1,136.1,5.469,1.51
586,3,1,3,214.6,7.188,-6.897
586,3,2,3,214.6,6.473,-9.904
586,3,3,3,214.6,6.11,-12.512
587,1,1,2,75.7,-11.042,-6.139
587,1,2,2,75.7,-13.985,-1.441
587,2,1,6,295.2,12.977,1.399
587,2,2,6,295.2,14.795,2.254
587,2,3,6,295.2,16.494,3.12
587,2,4,6,295.2,14.74,-2.39
587,2,5,6,295.2,16.363,-1.44
587,2,6,6,295.2,18.141,-0.657
587,3,1,2,339.3,-7.932,-9.076
587,3,2,2,339.3,-2.797,-6.635
588,1,1,6,126.9,7.507,-4.728
588,1,2,6,126.9,6.089,-6.159
588,1,3,6,126.9,4.366,-7.341
588,1,4,6,126.9,5.215,-1.505
588,1,5,6,126.9,3.487,-2.981
588,1,6,6,126.9,2.143,-4.094
588,2,1,1,204.6,-7.521,-9.959
588,3,1,6,123.9,-10.67,2.702
588,3,2,6,123.9,-12.25,1.691
588,3,3,6,123.9,-13.943,0.639
588,3,4,6,123.9,-12.823,6.267
588,3,5,6,123.9,-14.507,5.006
588,3,6,6,123.9,-16.127,4.022
589,1,1,2,10.1,-4.647,-3.512
589,1,2,2,10.1,-1.279,1.172
589,2,1,3,107.6,2.264,9.272
589,2,2,3,107.6,-0.171,10.51
589,2,3,3,107.6,-2.549,12.097
589,3,1,6,192.0,12.257,2.421
589,3,2,6,192.0,12.846,0.241
589,3,3,6,192.0,13.246,-1.738
589,3,4,6,192.0,8.334,1.324
589,3,5,6,192.0,8.803,-0.349
589,3,6,6,192.0,9.106,-2.365
590,1,1,5,294.1,-11.622,-7.295
590,1,2,5,294.1,-8.183,-5.504
590,1,3,5,294.1,-8.811,-8.465
590,1,4,5,294.1,-10.115,-10.897
590,1,5,5,294.1,-6.415,-9.207
590,2,1,6,24.7,1.489,11.005
590,2,2,6,24.7,0.739,12.957
590,2,3,6,24.7,0.018,14.774
590,2,4,6,24.7,5.215,12.82
590,2,5,6,24.7,4.202,14.592
590,2,6,6,24.7,3.583,16.5
590,3,1,3,225.0,-5.385,15.554
590,3,2,3,225.0,-5.389,12.964
590,3,3,3,225.0,-5.632,10.011
591,1,1,5,281.4,-1.071,2.12
591,1,2,5,281.4,2.689,3.03
591,1,3,5,281.4,1.291,0.617
591,1,4,5,281.4,-0.381,-1.732
591,1,5,5,281.4,3.628,-0.79
591,2,1,6,326.4,-4.99,-12.542
591,2,2,6,326.4,-3.994,-10.837
591,2,3,6,326.4,-2.711,-9.374
591,2,4,6,326.4,-1.637,-14.895
591,2,5,6,326.4,-0.659,-13.233
591,2,6,6,326.4,0.432,-11.468
591,3,1,5,334.5,-15.67,-5.476
591,3,2,5,334.5,-13.849,-1.771
591,3,3,5,334.5,-12.761,-4.43
591,3,4,5,334.5,-11.733,-7.104
591,3,5,5,334.5,-10.329,-3.405
592,1,1,6,277.7,-15.305,10.911
592,1,2,6,277.7,-13.129,11.188
592,1,3,6,277.7,-11.117,11.418
592,1,4,6,277.7,-14.618,6.76
592,1,5,6,277.7,-12.734,7.217
592,1,6,6,277.7,-10.793,7.432
592,2,1,4,235.5,10.823,12.146
592,2,2,4,235.5,14.056,10.071
592,2,3,4,235.5,8.61,8.846
592,2,4,4,235.5,11.9,6.607
592,3,1,3,334.9,-6.35,-16.259
592,3,2,3,334.9,-3.721,-15.128
592,3,3,3,334.9,-1.047,-14.628
593,1,1,6,263.7,1.803,-7.26
593,1,2,6,263.7,3.741,-7.178
593,1,3,6,263.7,5.798,-7.417
593,1,4,6,263.7,1.641,-10.998
593,1,5,6,263.7,3.425,-11.216
593,1,6,6,263.7,5.518,-11.478
593,2,1,1,332.6,0.209,13.729
593,3,1,4,13.6,13.567,0.865
593,3,2,4,13.6,12.586,4.824
593,3,3,4,13.6,17.37,1.726
593,3,4,4,13.6,16.736,5.694
594,1,1,3,9.9,-7.735,1.725
594,1,2,3,9.9,-6.019,4.043
594,1,3,3,9.9,-4.478,6.268
594,2,1,2,52.0,-9.721,-8.736
594,2,2,2,52.0,-10.214,-3.435
594,3,1,3,261.5,2.656,12.138
594,3,2,3,261.5,4.462,9.83
594,3,3,3,261.5,6.418,7.374
595,1,1,4,39.5,-7.359,-17.208
595,1,2,4,39.5,-9.636,-13.969
595,1,3,4,39.5,-4.279,-14.614
595,1,4,4,39.5,-6.875,-11.586
595,2,1,2,325.3,10.0,-0.738
595,2,2,2,325.3,15.443,0.276
595,3,1,1,44.0,5.136,3.743
596,1,1,6,352.8,-13.188,8.044
596,1,2,6,352.8,-12.868,10.203
596,1,3,6,352.8,-12.848,11.986
596,1,4,6,352.8,-9.254,7.808
596,1,5,6,352.8,-8.931,9.755
596,1,6,6,352.8,-8.664,11.486
596,2,1,1,99.6,3.586,-2.378
596,3,1,6,319.2,-14.025,-6.009
596,3,2,6,319.2,-12.768,-4.474
596,3,3,6,319.2,-11.525,-2.911
596,3,4,6,319.2,-10.805,-8.352
596,3,5,6,319.2,-9.615,-7.22
596,3,6,6,319.2,-8.29,-5.412
597,1,1,6,138.4,8.643,0.851
597,1,2,6,138.4,7.488,-0.465
597,1,3,6,138.4,5.877,-1.823
597,1,4,6,138.4,5.67,3.72
597,1,5,6,138.4,4.256,2.114
597,1,6,6,138.4,2.899,0.662
597,2,1,2,281.1,-2.913,14.375
597,2,2,2,281.1,1.799,11.016
597,3,1,1,36.1,-10.57,4.806
598,1,1,1,46.6,4.939,-13.735
598,2,1,3,102.3,-3.456,7.642
598,2,2,3,102.3,-5.478,9.185
598,2,3,3,102.3,-8.007,10.758
598,3,1,1,339.0,-2.458,-0.403
599,1,1,4,93.7,12.935,-1.808
599,1,2,4,93.7,8.935,-2.108
599,1,3,4,93.7,12.383,2.277
599,1,4,4,93.7,8.662,2.032
599,2,1,5,332.8,-9.035,10.03
599,2,2,5,332.8,-7.073,13.554
599,2,3,5,332.8,-6.352,11.048
599,2,4,5,332.8,-5.466,8.0
599,2,5,5,332.8,-3.534,11.766
599,3,1,3,352.8,1.036,5.538
599,3,2,3,352.8,3.324,7.19
599,3,3,3,352.8,5.581,8.895
600,1,1,1,140.3,3.019,4.204
600,2,1,2,145.7,-4.335,-9.244
600,2,2,2,145.7,-9.63,-10.448
600,3,1,4,88.9,-1.912,-2.075
600,3,2,4,88.9,-5.995,-1.82
600,3,3,4,88.9,-2.03,2.179
600,3,4,4,88.9,-5.712,2.212
601,1,1,6,91.5,-3.362,-16.668
601,1,2,6,91.5,-5.24,-16.869
601,1,3,6,91.5,-7.27,-16.705
601,1,4,6,91.5,-3.466,-12.736
601,1,5,6,91.5,-5.407,-12.917
601,1,6,6,91.5,-7.32,-12.718
601,2,1,1,179.9,-5.5,3.317
601,3,1,4,194.4,-13.367,3.466
601,3,2,4,194.4,-12.35,-0.519
601,3,3,4,194.4,-17.171,2.408
601,3,4,4,194.4,-16.047,-1.696
602,1,1,5,105.7,12.606,-8.004
602,1,2,5,105.7,8.543,-8.805
602,1,3,5,105.7,10.081,-6.533
602,1,4,5,105.7,11.468,-4.044
602,1,5,5,105.7,7.57,-5.1
602,2,1,6,353.4,2.558,9.661
602,2,2,6,353.4,3.024,11.5
602,2,3,6,353.4,3.006,13.594
602,2,4,6,353.4,6.716,9.25
602,2,5,6,353.4,6.956,11.05
602,2,6,6,353.4,7.308,13.043
602,3,1,6,322.0,-9.286,7.674
602,3,2,6,322.0,-7.997,9.224
602,3,3,6,322.0,-6.701,10.797
602,3,4,6,322.0,-6.121,5.313
602,3,5,6,322.0,-4.972,6.948
602,3,6,6,322.0,-3.478,8.694
603,1,1,2,126.9,1.047,3.461
603,1,2,2,126.9,-4.288,3.956
603,2,1,4,138.4,10.161,11.173
603,2,2,4,138.4,7.746,8.08
603,2,3,4,138.4,7.233,13.7
603,2,4,4,138.4,4.593,10.868
603,3,1,5,239.3,-10.87,10.148
603,3,2,5,239.3,-7.317,8.052
603,3,3,5,239.3,-10.095,7.294
603,3,4,5,239.3,-12.611,6.493
603,3,5,5,239.3,-9.382,4.331
604,1,1,3,339.8,-4.456,12.372
604,1,2,3,339.8,-1.659,13.525
604,1,3,3,339.8,0.881,14.814
604,2,1,1,221.3,-0.893,0.325
604,3,1,4,53.7,5.888,-9.38
604,3,2,4,53.7,2.547,-6.969
604,3,3,4,53.7,8.23,-6.083
604,3,4,4,53.7,4.948,-3.692
605,1,1,5,50.4,7.332,-1.34
605,1,2,5,50.4,4.249,1.317
605,1,3,5,50.4,7.018,1.505
605,1,4,5,50.4,9.844,1.774
605,1,5,5,50.4,6.736,4.473
605,2,1,1,118.6,-3.084,-3.779
605,3,1,3,271.4,5.235,-6.586
605,3,2,3,271.4,7.231,-8.422
605,3,3,3,271.4,9.423,-10.381
606,1,1,4,101.6,-2.422,5.096
606,1,2,4,101.6,-6.295,4.118
606,1,3,4,101.6,-3.21,8.926
606,1,4,4,101.6,-7.3,7.884
606,2,1,1,307.9,9.968,-6.139
606,3,1,1,322.5,-3.61,-5.293
607,1,1,1,220.7,7.549,-13.093
607,2,1,2,112.3,5.561,-3.646
607,2,2,2,112.3,0.542,-1.333
607,3,1,2,37.0,0.794,4.328
607,3,2,2,37.0,1.729,10.012
608,1,1,6,338.3,-8.429,-14.915
608,1,2,6,338.3,-7.67,-12.914
608,1,3,6,338.3,-6.786,-11.17
608,1,4,6,338.3,-4.651,-16.375
608,1,5,6,338.3,-3.85,-14.559
608,1,6,6,338.3,-3.287,-12.787
608,2,1,1,310.5,9.628,-4.604
608,3,1,1,288.5,-0.611,5.097
609,1,1,4,301.9,0.042,9.889
609,1,2,4,301.9,3.299,12.14
609,1,3,4,301.9,2.031,6.553
609,1,4,4,301.9,5.329,8.697
609,2,1,4,339.3,-6.958,14.016
609,2,2,4,339.3,-5.585,17.676
609,2,3,4,339.3,-3.143,12.608
609,2,4,4,339.3,-1.762,16.415
609,3,1,1,241.6,-4.744,-8.195
610,1,1,5,277.5,-6.948,-12.856
610,1,2,5,277.5,-3.094,-12.582
610,1,3,5,277.5,-4.699,-14.568
610,1,4,5,277.5,-6.29,-17.185
610,1,5,5,277.5,-2.491,-16.389
610,2,1,2,167.1,2.483,-3.542
610,2,2,2,167.1,-2.387,-6.674
610,3,1,3,171.0,12.518,10.248
610,3,2,3,171.0,10.134,8.428
610,3,3,3,171.0,7.895,6.952
611,1,1,5,310.1,-7.742,1.317
611,1,2,5,310.1,-4.711,3.869
611,1,3,5,310.1,-5.029,1.183
611,1,4,5,310.1,-5.198,-1.599
611,1,5,5,310.1,-2.114,0.845
611,2,1,6,57.2,-13.278,3.666
611,2,2,6,57.2,-15.122,4.609
611,2,3,6,57.2,-16.78,5.813
611,2,4,6,57.2,-11.169,6.846
611,2,5,6,57.2,-12.836,8.013
611,2,6,6,57.2,-14.425,9.116
611,3,1,6,125.0,6.649,-4.661
611,3,2,6,125.0,4.883,-5.824
611,3,3,6,125.0,3.141,-6.948
611,3,4,6,125.0,4.274,-1.446
611,3,5,6,125.0,2.697,-2.579
611,3,6,6,125.0,0.939,-3.551
612,1,1,6,232.9,-7.192,15.613
612,1,2,6,232.9,-5.557,14.407
612,1,3,6,232.9,-4.238,13.06
612,1,4,6,232.9,-9.473,12.479
612,1,5,6,232.9,-7.926,11.182
612,1,6,6,232.9,-6.342,9.837
612,2,1,4,292.7,-13.819,2.091
612,2,2,4,292.7,-10.227,3.731
612,2,3,4,292.7,-12.458,-1.635
612,2,4,4,292.7,-8.615,0.009
612,3,1,4,226.1,7.802,-10.574
612,3,2,4,226.1,10.626,-13.326
612,3,3,4,226.1,5.02,-13.562
612,3,4,4,226.1,7.675,-16.321
613,1,1,6,152.9,-0.546,-12.806
613,1,2,6,152.9,-1.458,-14.597
613,1,3,6,152.9,-2.601,-16.386
613,1,4,6,152.9,-4.188,-10.898
613,1,5,6,152.9,-5.138,-12.729
613,1,6,6,152.9,-6.044,-14.448
613,2,1,1,345.4,9.295,0.976
613,3,1,5,235.1,-12.646,-6.973
613,3,2,5,235.1,-9.187,-9.327
613,3,3,5,235.1,-11.888,-9.798
613,3,4,5,235.1,-15.032,-10.303
613,3,5,5,235.1,-11.49,-12.6
614,1,1,1,48.2,-6.946,6.502
614,2,1,2,186.9,6.932,5.671
614,2,2,2,186.9,3.477,0.912
614,3,1,6,300.1,9.642,-5.747
614,3,2,6,300.1,11.215,-4.76
614,3,3,6,300.1,12.996,-3.635
614,3,4,6,300.1,11.599,-9.142
614,3,5,6,300.1,13.364,-8.22
614,3,6,6,300.1,15.065,-7.21
615,1,1,5,207.6,3.966,-2.768
615,1,2,5,207.6,6.002,-6.193
615,1,3,5,207.6,3.502,-5.245
615,1,4,5,207.6,0.771,-4.351
615,1,5,5,207.6,2.6,-8.092
615,2,1,5,56.8,-12.342,1.447
615,2,2,5,56.8,-15.698,3.807
615,2,3,5,56.8,-12.9,4.334
615,2,4,5,56.8,-10.097,4.959
615,2,5,5,56.8,-13.477,6.941
615,3,1,1,62.4,8.442,1.265
616,1,1,5,207.8,-7.057,7.244
616,1,2,5,207.8,-5.052,3.663
616,1,3,5,207.8,-7.949,4.561
616,1,4,5,207.8,-10.607,5.305
616,1,5,5,207.8,-8.753,1.733
616,2,1,6,309.9,-7.592,14.963
616,2,2,6,309.9,-6.027,16.248
616,2,3,6,309.9,-4.328,17.435
616,2,4,6,309.9,-4.913,11.786
616,2,5,6,309.9,-3.462,13.171
616,2,6,6,309.9,-1.859,14.23
616,3,1,6,289.3,-4.895,-11.033
616,3,2,6,289.3,-2.902,-10.461
616,3,3,6,289.3,-1.053,-9.778
616,3,4,6,289.3,-3.497,-14.844
616,3,5,6,289.3,-1.61,-14.068
616,3,6,6,289.3,0.35,-13.41
617,1,1,6,251.9,-7.148,16.539
617,1,2,6,251.9,-5.424,15.993
617,1,3,6,251.9,-3.218,15.38
617,1,4,6,251.9,-8.492,12.625
617,1,5,6,251.9,-6.523,12.028
617,1,6,6,251.9,-4.582,11.422
617,2,1,6,305.1,7.579,1.078
617,2,2,6,305.1,9.059,2.044
617,2,3,6,305.1,10.791,3.325
617,2,4,6,305.1,9.839,-2.23
617,2,5,6,305.1,11.432,-1.034
617,2,6,6,305.1,13.283,0.034
617,3,1,5,167.6,-10.473,-2.614
617,3,2,5,167.6,-11.36,-6.415
617,3,3,5,167.6,-13.052,-4.001
617,3,4,5,167.6,-14.537,-1.702
617,3,5,5,167.6,-15.193,-5.495
618,1,1,5,127.9,3.721,7.107
618,1,2,5,127.9,0.37,4.64
618,1,3,5,127.9,0.776,7.358
618,1,4,5,127.9,1.15,10.221
618,1,5,5,127.9,-1.995,7.764
618,2,1,2,151.5,16.351,8.955
618,2,2,2,151.5,10.794,7.298
618,3,1,2,45.6,-2.964,-13.888
618,3,2,2,45.6,-3.111,-8.121
619,1,1,2,298.6,-12.075,-2.478
619,1,2,2,298.6,-6.549,-3.874
619,2,1,6,195.7,0.394,3.618
619,2,2,6,195.7,0.9,1.743
619,2,3,6,195.7,1.494,-0.056
619,2,4,6,195.7,-3.516,2.636
619,2,5,6,195.7,-2.888,0.684
619,2,6,6,195.7,-2.333,-1.076
619,3,1,2,227.3,11.041,2.771
619,3,2,2,227.3,11.672,-2.796
620,1,1,2,14.0,12.872,-2.763
620,1,2,2,14.0,15.85,1.851
620,2,1,2,190.6,7.387,-8.979
620,2,2,2,190.6,4.072,-13.596
620,3,1,4,92.0,-3.545,-9.565
620,3,2,4,92.0,-7.421,-9.796
620,3,3,4,92.0,-3.569,-5.419
620,3,4,4,92.0,-7.734,-5.676
621,1,1,1,135.6,-1.717,-15.745
621,2,1,1,43.2,-3.442,-2.241
621,3,1,1,283.4,-15.239,1.862
622,1,1,6,119.9,-7.763,9.645
622,1,2,6,119.9,-9.533,8.565
622,1,3,6,119.9,-11.345,7.309
622,1,4,6,119.9,-9.805,13.163
622,1,5,6,119.9,-11.71,12.149
622,1,6,6,119.9,-13.366,11.108
622,2,1,1,120.5,-7.683,-12.209
622,3,1,6,232.9,3.995,9.981
622,3,2,6,232.9,5.385,8.768
622,3,3,6,232.9,6.982,7.549
622,3,4,6,232.9,1.61,6.681
622,3,5,6,232.9,3.192,5.427
622,3,6,6,232.9,4.678,4.417
623,1,1,3,209.4,-7.089,12.07
623,1,2,3,209.4,-7.931,9.365
623,1,3,3,209.4,-8.733,6.516
623,2,1,1,127.5,8.246,-6.176
623,3,1,1,25.2,7.151,9.327
624,1,1,5,276.8,5.893,6.5
624,1,2,5,276.8,9.924,7.018
624,1,3,5,276.8,8.137,4.84
624,1,4,5,276.8,6.25,2.749
624,1,5,5,276.8,10.383,2.974
624,2,1,4,189.1,-5.361,0.768
624,2,2,4,189.1,-4.769,-3.256
624,2,3,4,189.1,-9.24,-0.102
624,2,4,4,189.1,-8.655,-3.741
624,3,1,6,275.5,6.424,-4.162
624,3,2,6,275.5,8.5,-3.827
624,3,3,6,275.5,10.322,-3.807
624,3,4,6,275.5,6.745,-8.229
624,3,5,6,275.5,8.681,-7.854
624,3,6,6,275.5,10.756,-7.795
625,1,1,4,110.7,-4.612,-13.581
625,1,2,4,110.7,-8.283,-14.871
625,1,3,4,110.7,-5.942,-9.826
625,1,4,4,110.7,-9.87,-11.148
625,2,1,3,63.1,2.375,-14.602
625,2,2,3,63.1,1.429,-12.022
625,2,3,3,63.1,0.612,-9.229
625,3,1,4,211.6,-5.602,7.581
625,3,2,4,211.6,-3.511,4.315
625,3,3,4,211.6,-8.899,5.494
625,3,4,4,211.6,-7.023,2.134
626,1,1,3,168.3,15.244,-5.255
626,1,2,3,168.3,13.001,-6.814
626,1,3,3,168.3,10.496,-8.487
626,2,1,2,339.0,-12.359,-6.074
626,2,2,2,339.0,-7.095,-3.709
626,3,1,3,174.9,8.359,9.683
626,3,2,3,174.9,5.855,8.163
626,3,3,3,174.9,3.832,6.161
627,1,1,6,52.8,1.033,-13.573
627,1,2,6,52.8,-0.611,-12.295
627,1,3,6,52.8,-2.209,-10.992
627,1,4,6,52.8,3.336,-10.253
627,1,5,6,52.8,1.569,-9.12
627,1,6,6,52.8,0.202,-7.824
627,2,1,6,263.3,1.94,15.592
627,2,2,6,263.3,4.018,15.15
627,2,3,6,263.3,5.994,15.27
627,2,4,6,263.3,1.571,11.686
627,2,5,6,263.3,3.626,11.606
627,2,6,6,263.3,5.478,11.439
627,3,1,6,272.3,11.118,6.493
627,3,2,6,272.3,12.902,6.555
627,3,3,6,272.3,14.958,6.664
627,3,4,6,272.3,11.219,2.526
627,3,5,6,272.3,13.066,2.311
627,3,6,6,272.3,15.208,2.471
628,1,1,3,50.4,13.534,-9.429
628,1,2,3,50.4,13.336,-6.707
628,1,3,3,50.4,13.031,-3.848
628,2,1,2,67.3,-5.593,-5.064
628,2,2,2,67.3,-7.644,0.014
628,3,1,3,93.7,7.261,12.044
628,3,2,3,93.7,5.01,13.747
628,3,3,3,93.7,2.976,15.805
629,1,1,2,303.1,12.023,-3.443
629,1,2,2,303.1,17.715,-4.566
629,2,1,4,247.8,11.613,7.407
629,2,2,4,247.8,15.432,6.069
629,2,3,4,247.8,10.149,3.947
629,2,4,4,247.8,14.011,2.324
629,3,1,1,189.8,-13.617,0.904
630,1,1,3,17.9,-2.454,10.547
630,1,2,3,17.9,-1.229,13.0
630,1,3,3,17.9,0.128,15.592
630,2,1,3,119.4,15.404,-7.099
630,2,2,3,119.4,12.685,-6.452
630,2,3,3,119.4,9.95,-5.596
630,3,1,2,75.5,-7.408,7.79
630,3,2,2,75.5,-10.469,12.709
631,1,1,6,337.6,1.928,-3.713
631,1,2,6,337.6,2.464,-2.228
631,1,3,6,337.6,3.469,-0.054
631,1,4,6,337.6,5.566,-5.178
631,1,5,6,337.6,6.416,-3.498
631,1,6,6,337.6,7.057,-1.525
631,2,1,4,88.0,-13.073,3.228
631,2,2,4,88.0,-16.933,3.272
631,2,3,4,88.0,-13.024,7.399
631,2,4,4,88.0,-16.82,7.221
631,3,1,2,339.6,9.667,-7.099
631,3,2,2,339.6,14.851,-4.741
632,1,1,2,27.6,-10.536,-13.677
632,1,2,2,27.6,-8.646,-8.32
632,2,1,3,157.1,7.066,-1.874
632,2,2,3,157.1,4.473,-3.09
632,2,3,3,157.1,1.711,-3.929
632,3,1,3,39.8,-6.296,5.046
632,3,2,3,39.8,-6.131,7.803
632,3,3,3,39.8,-5.61,10.692
633,1,1,3,137.9,0.068,9.399
633,1,2,3,137.9,-2.81,9.103
633,1,3,3,137.9,-5.655,9.006
633,2,1,4,349.0,11.899,-2.372
633,2,2,4,349.0,12.521,1.439
633,2,3,4,349.0,15.504,-3.224
633,2,4,4,349.0,16.536,0.777
633,3,1,4,0.0,-9.757,-9.492
633,3,2,4,0.0,-9.837,-5.32
633,3,3,4,0.0,-5.572,-9.609
633,3,4,4,0.0,-5.647,-5.485
634,1,1,4,113.2,13.721,-3.742
634,1,2,4,113.2,9.964,-5.434
634,1,3,4,113.2,12.355,-0.028
634,1,4,4,113.2,8.463,-1.705
634,2,1,2,19.4,9.461,4.05
634,2,2,2,19.4,11.97,9.084
634,3,1,2,265.9,-7.555,5.272
634,3,2,2,265.9,-3.754,0.982
635,1,1,3,307.1,-14.622,-9.093
635,1,2,3,307.1,-11.601,-9.424
635,1,3,3,307.1,-8.916,-9.84
635,2,1,5,231.8,2.222,-10.596
635,2,2,5,231.8,5.137,-13.155
635,2,3,5,231.8,2.513,-13.289
635,2,4,5,231.8,-0.473,-13.567
635,2,5,5,231.8,2.734,-16.161
635,3,1,5,118.5,-0.703,1.477
635,3,2,5,118.5,-4.006,-0.639
635,3,3,5,118.5,-3.005,2.113
635,3,4,5,118.5,-2.245,4.869
635,3,5,5,118.5,-5.981,2.877
636,1,1,3,325.4,0.021,9.993
636,1,2,3,325.4,2.846,10.316
636,1,3,3,325.4,5.77,10.813
636,2,1,5,213.0,-1.616,3.657
636,2,2,5,213.0,0.576,0.145
636,2,3,5,213.0,-2.133,0.721
636,2,4,5,213.0,-4.908,1.263
636,2,5,5,213.0,-2.712,-2.039
636,3,1,1,243.9,12.689,-4.038
637,1,1,6,126.3,-1.728,11.133
637,1,2,6,126.3,-3.083,10.156
637,1,3,6,126.3,-4.783,9.168
637,1,4,6,126.3,-3.79,14.506
637,1,5,6,126.3,-5.417,13.188
637,1,6,6,126.3,-7.108,12.241
637,2,1,5,144.1,-7.37,4.767
637,2,2,5,144.1,-9.672,1.861
637,2,3,5,144.1,-10.233,4.43
637,2,4,5,144.1,-10.559,7.402
637,2,5,5,144.1,-13.009,3.958
637,3,1,2,153.0,-6.218,-9.004
637,3,2,2,153.0,-11.384,-10.972
638,1,1,3,318.6,-12.11,4.954
638,1,2,3,318.6,-9.099,5.132
638,1,3,3,318.6,-6.457,5.219
638,2,1,2,257.1,2.601,15.395
638,2,2,2,257.1,5.592,10.538
638,3,1,6,253.5,4.251,-3.676
638,3,2,6,253.5,6.171,-4.254
638,3,3,6,253.5,7.962,-4.959
638,3,4,6,253.5,3.222,-7.569
638,3,5,6,253.5,5.14,-8.174
638,3,6,6,253.5,7.016,-8.474
639,1,1,5,11.6,11.161,1.229
639,1,2,5,11.6,10.294,4.959
639,1,3,5,11.6,12.544,3.562
639,1,4,5,11.6,14.783,2.057
639,1,5,5,11.6,14.103,5.931
639,2,1,3,176.7,-6.925,-1.239
639,2,2,3,176.7,-9.243,-3.015
639,2,3,3,176.7,-11.366,-4.991
639,3,1,3,316.0,-5.222,13.937
639,3,2,3,316.0,-2.271,14.189
639,3,3,3,316.0,0.454,14.137
640,1,1,6,332.4,-5.678,1.81
640,1,2,6,332.4,-4.782,3.886
640,1,3,6,332.4,-3.827,5.299
640,1,4,6,332.4,-2.116,-0.023
640,1,5,6,332.4,-1.196,1.963
640,1,6,6,332.4,-0.322,3.442
640,2,1,3,0.8,11.148,5.412
640,2,2,3,0.8,13.189,7.41
640,2,3,3,0.8,14.932,9.508
640,3,1,2,352.8,-15.532,-2.477
640,3,2,2,352.8,-11.01,1.343
641,1,1,5,49.5,-0.488,-15.616
641,1,2,5,49.5,-3.89,-12.961
641,1,3,5,49.5,-0.958,-12.849
641,1,4,5,49.5,1.759,-12.629
641,1,5,5,49.5,-1.128,-10.088
641,2,1,2,36.5,8.401,-12.785
641,2,2,2,36.5,9.071,-7.154
641,3,1,2,156.2,-0.475,16.535
641,3,2,2,156.2,-5.797,14.339
642,1,1,6,171.6,-8.888,-4.078
642,1,2,6,171.6,-9.259,-6.128
642,1,3,6,171.6,-9.59,-8.128
642,1,4,6,171.6,-13.113,-3.298
642,1,5,6,171.6,-13.207,-5.49
642,1,6,6,171.6,-13.675,-7.235
642,2,1,1,139.6,-4.078,7.734
642,3,1,4,266.2,9.65,-1.328
642,3,2,4,266.2,13.551,-1.685
642,3,3,4,266.2,9.245,-5.56
642,3,4,4,266.2,13.171,-5.722
643,1,1,2,63.5,0.528,2.77
643,1,2,2,63.5,-1.172,7.997
643,2,1,6,226.4,-14.878,7.241
643,2,2,6,226.4,-13.443,5.891
643,2,3,6,226.4,-11.988,4.552
643,2,4,6,226.4,-17.63,4.486
643,2,5,6,226.4,-16.335,3.18
643,2,6,6,226.4,-14.853,1.62
643,3,1,1,70.8,5.139,-10.804
644,1,1,1,336.2,11.716,-8.989
644,2,1,5,185.0,-11.872,3.09
644,2,2,5,185.0,-11.471,-0.919
644,2,3,5,185.0,-13.763,0.916
644,2,4,5,185.0,-15.874,2.67
644,2,5,5,185.0,-15.5,-1.225
644,3,1,6,14.1,7.831,-1.782
644,3,2,6,14.1,7.299,0.18
644,3,3,6,14.1,6.697,2.204
644,3,4,6,14.1,11.707,-0.773
644,3,5,6,14.1,11.149,1.265
644,3,6,6,14.1,10.63,3.225
645,1,1,3,82.2,-14.201,-2.627
645,1,2,3,82.2,-15.846,-0.522
645,1,3,3,82.2,-17.392,1.952
645,2,1,1,191.3,7.266,5.048
645,3,1,6,65.8,0.282,9.955
645,3,2,6,65.8,-1.809,10.78
645,3,3,6,65.8,-3.302,11.672
645,3,4,6,65.8,1.812,13.674
645,3,5,6,65.8,-0.102,14.611
645,3,6,6,65.8,-1.862,15.151
646,1,1,1,150.0,13.506,2.001
646,2,1,6,269.8,-12.361,4.073
646,2,2,6,269.8,-10.506,4.04
646,2,3,6,269.8,-8.558,3.865
646,2,4,6,269.8,-12.441,-0.002
646,2,5,6,269.8,-10.509,0.017
646,2,6,6,269.8,-8.507,-0.175
646,3,1,3,334.3,-9.054,12.558
646,3,2,3,334.3,-6.478,13.399
646,3,3,3,334.3,-3.765,14.456
647,1,1,4,187.8,15.282,7.971
647,1,2,4,187.8,15.786,3.965
647,1,3,4,187.8,11.377,7.214
647,1,4,4,187.8,11.96,3.407
647,2,1,3,246.3,1.382,-12.34
647,2,2,3,246.3,2.494,-15.172
647,2,3,3,246.3,3.313,-17.591
647,3,1,6,151.7,-2.746,-6.649
647,3,2,6,151.7,-3.826,-8.738
647,3,3,6,151.7,-4.644,-10.487
647,3,4,6,151.7,-6.453,-4.965
647,3,5,6,151.7,-7.292,-6.729
647,3,6,6,151.7,-8.068,-8.356
648,1,1,5,306.2,-0.811,-15.071
648,1,2,5,306.2,2.256,-12.433
648,1,3,5,306.2,1.894,-15.212
648,1,4,5,306.2,1.456,-18.164
648,1,5,5,306.2,4.67,-15.815
648,2,1,5,285.5,-14.757,-5.285
648,2,2,5,285.5,-10.797,-4.04
648,2,3,5,285.5,-12.304,-6.54
648,2,4,5,285.5,-13.868,-9.109
648,2,5,5,285.5,-9.981,-7.859
648,3,1,2,259.6,-13.491,6.431
648,3,2,2,259.6,-10.133,1.762
649,1,1,3,226.8,-8.524,14.442
649,1,2,3,226.8,-8.54,11.391
649,1,3,3,226.8,-8.464,8.753
649,2,1,2,222.4,15.288,5.1
649,2,2,2,222.4,15.327,-0.58
649,3,1,3,356.9,-11.415,-6.335
649,3,2,3,356.9,-9.212,-4.389
649,3,3,3,356.9,-6.963,-2.481
650,1,1,6,174.8,6.85,-1.461
650,1,2,6,174.8,6.747,-3.372
650,1,3,6,174.8,6.567,-5.51
650,1,4,6,174.8,2.775,-1.253
650,1,5,6,174.8,2.569,-3.114
650,1,6,6,174.8,2.717,-5.166
650,2,1,3,156.8,-3.448,2.509
650,2,2,3,156.8,-6.073,1.325
650,2,3,3,156.8,-8.588,0.309
650,3,1,4,35.8,-10.63,-10.468
650,3,2,4,35.8,-12.92,-7.388
650,3,3,4,35.8,-7.285,-8.255
650,3,4,4,35.8,-9.722,-4.97
651,1,1,4,143.7,5.791,2.807
651,1,2,4,143.7,3.542,-0.414
651,1,3,4,143.7,2.839,5.236
651,1,4,4,143.7,0.419,1.897
651,2,1,4,300.8,-9.548,1.471
651,2,2,4,300.8,-6.045,3.654
651,2,3,4,300.8,-7.702,-1.854
651,2,4,4,300.8,-4.117,0.153
651,3,1,2,11.6,2.853,11.886
651,3,2,2,11.6,6.08,16.676
652,1,1,5,154.6,0.997,-11.019
652,1,2,5,154.6,-0.919,-14.635
652,1,3,5,154.6,-1.605,-12.266
652,1,4,5,154.6,-2.882,-9.38
652,1,5,5,154.6,-4.414,-13.094
652,2,1,4,203.2,-10.005,1.176
652,2,2,4,203.2,-8.263,-2.296
652,2,3,4,203.2,-13.621,-0.122
652,2,4,4,203.2,-11.981,-4.002
652,3,1,3,235.2,9.82,-5.09
652,3,2,3,235.2,10.249,-7.705
652,3,3,3,235.2,10.824,-10.654
653,1,1,3,238.6,-10.795,-0.562
653,1,2,3,238.6,-10.09,-3.195
653,1,3,3,238.6,-9.664,-6.171
653,2,1,3,74.0,14.772,-0.072
653,2,2,3,74.0,13.198,2.361
653,2,3,3,74.0,11.988,5.023
653,3,1,1,251.6,5.551,5.913
654,1,1,6,183.1,7.227,8.524
654,1,2,6,183.1,7.325,6.723
654,1,3,6,183.1,7.694,4.72
654,1,4,6,183.1,3.144,8.408
654,1,5,6,183.1,3.471,6.499
654,1,6,6,183.1,3.635,4.48
654,2,1,4,360.0,-11.254,8.996
654,2,2,4,360.0,-11.301,13.121
654,2,3,4,360.0,-7.353,9.155
654,2,4,4,360.0,-7.184,13.112
654,3,1,1,302.4,-5.528,-0.093
655,1,1,5,199.3,8.943,-1.54
655,1,2,5,199.3,10.315,-5.242
655,1,3,5,199.3,7.53,-4.134
655,1,4,5,199.3,5.223,-2.82
655,1,5,5,199.3,6.595,-6.681
655,2,1,3,278.9,12.216,2.287
655,2,2,3,278.9,14.403,0.544
655,2,3,3,278.9,16.911,-1.247
655,3,1,5,23.5,-4.013,-12.05
655,3,2,5,23.5,-5.606,-8.376
655,3,3,5,23.5,-3.091,-9.371
655,3,4,5,23.5,-0.279,-10.534
655,3,5,5,23.5,-1.871,-6.768
656,1,1,1,63.5,-15.675,0.792
656,2,1,2,171.9,3.6,13.454
656,2,2,2,171.9,-0.882,9.961
656,3,1,6,28.0,9.101,5.537
656,3,2,6,28.0,8.113,7.271
656,3,3,6,28.0,7.132,9.081
656,3,4,6,28.0,12.602,7.37
656,3,5,6,28.0,11.68,9.128
656,3,6,6,28.0,10.57,10.889
657,1,1,6,355.9,-11.444,6.5
657,1,2,6,355.9,-11.325,8.381
657,1,3,6,355.9,-11.414,10.549
657,1,4,6,355.9,-7.624,6.156
657,1,5,6,355.9,-7.519,8.249
657,1,6,6,355.9,-7.269,10.039
657,2,1,3,198.0,5.901,-10.049
657,2,2,3,198.0,4.649,-12.618
657,2,3,3,198.0,3.307,-15.147
657,3,1,4,186.1,16.134,0.49
657,3,2,4,186.1,16.615,-3.511
657,3,3,4,186.1,12.206,0.022
657,3,4,4,186.1,12.47,-4.133
658,1,1,2,143.5,14.628,2.864
658,1,2,2,143.5,8.821,2.165
658,2,1,3,302.0,4.168,-6.23
658,2,2,3,302.0,6.972,-6.932
658,2,3,3,302.0,9.574,-7.534
658,3,1,2,193.0,-7.76,-5.452
658,3,2,2,193.0,-10.575,-10.353
659,1,1,3,16.9,0.505,0.129
659,1,2,3,16.9,1.894,2.418
659,1,3,3,16.9,3.284,4.97
659,2,1,1,148.9,3.845,-12.091
659,3,1,5,245.3,11.045,2.056
659,3,2,5,245.3,14.867,0.373
659,3,3,5,245.3,11.998,-0.499
659,3,4,5,245.3,9.478,-1.485
659,3,5,5,245.3,13.147,-3.207
660,1,1,5,151.3,-8.663,-2.365
660,1,2,5,151.3,-10.82,-5.797
660,1,3,5,151.3,-11.62,-3.11
660,1,4,5,151.3,-12.22,-0.38
660,1,5,5,151.3,-13.99,-3.97
660,2,1,6,120.4,9.091,-14.298
660,2,2,6,120.4,7.248,-15.26
660,2,3,6,120.4,5.726,-16.14
660,2,4,6,120.4,7.035,-10.808
660,2,5,6,120.4,5.377,-11.822
660,2,6,6,120.4,3.756,-12.678
660,3,1,3,47.5,-6.127,1.293
660,3,2,3,47.5,-6.262,3.872
660,3,3,3,47.5,-6.385,6.759
661,1,1,5,87.3,7.029,-15.458
661,1,2,5,87.3,2.881,-15.286
661,1,3,5,87.3,4.838,-13.302
661,1,4,5,87.3,6.968,-11.393
661,1,5,5,87.3,3.146,-11.112
661,2,1,6,196.2,0.105,4.669
661,2,2,6,196.2,0.506,2.868
661,2,3,6,196.2,0.86,0.978
661,2,4,6,196.2,-3.929,3.499
661,2,5,6,196.2,-3.463,1.634
661,2,6,6,196.2,-2.867,-0.24
661,3,1,5,173.4,5.66,-3.547
661,3,2,5,173.4,5.059,-7.42
661,3,3,5,173.4,3.295,-5.13
661,3,4,5,173.4,1.586,-2.995
661,3,5,5,173.4,0.821,-6.993
662,1,1,2,118.2,15.278,-10.252
662,1,2,2,118.2,10.068,-8.797
662,2,1,1,158.9,-3.77,6.166
662,3,1,2,96.8,4.422,-15.41
662,3,2,2,96.8,0.043,-11.912
663,1,1,6,75.5,2.974,-4.88
663,1,2,6,75.5,1.142,-4.342
663,1,3,6,75.5,-0.702,-4.143
663,1,4,6,75.5,4.079,-1.176
663,1,5,6,75.5,2.141,-0.776
663,1,6,6,75.5,0.119,-0.159
663,2,1,6,85.9,-11.222,6.749
663,2,2,6,85.9,-13.541,6.79
663,2,3,6,85.9,-15.294,7.146
663,2,4,6,85.9,-11.119,10.754
663,2,5,6,85.9,-13.085,10.865
663,2,6,6,85.9,-15.125,11.04
663,3,1,3,109.4,1.921,-14.17
663,3,2,3,109.4,-0.66,-12.956
663,3,3,3,109.4,-3.166,-11.606
664,1,1,6,317.1,-5.321,-0.783
664,1,2,6,317.1,-3.831,0.724
664,1,3,6,317.1,-2.709,2.182
664,1,4,6,317.1,-2.419,-3.526
664,1,5,6,317.1,-1.013,-2.288
664,1,6,6,317.1,0.203,-0.608
664,2,1,2,226.6,4.21,14.709
664,2,2,2,226.6,4.235,9.014
664,3,1,4,217.9,6.633,6.46
664,3,2,4,217.9,8.959,3.241
664,3,3,4,217.9,3.372,4.134
664,3,4,4,217.9,5.785,0.94
665,1,1,2,69.7,-7.251,9.763
665,1,2,2,69.7,-9.491,15.096
665,2,1,5,210.2,-13.709,6.418
665,2,2,5,210.2,-11.771,3.103
665,2,3,5,210.2,-14.435,3.687
665,2,4,5,210.2,-17.334,4.58
665,2,5,5,210.2,-15.255,1.047
665,3,1,6,310.6,-13.247,-6.322
665,3,2,6,310.6,-11.923,-5.279
665,3,3,6,310.6,-10.401,-3.814
665,3,4,6,310.6,-10.85,-9.491
665,3,5,6,310.6,-9.169,-8.11
665,3,6,6,310.6,-7.76,-7.029
666,1,1,5,194.5,-0.521,-7.616
666,1,2,5,194.5,0.358,-11.43
666,1,3,5,194.5,-1.915,-9.838
666,1,4,5,194.5,-4.316,-8.49
666,1,5,5,194.5,-3.475,-12.436
666,2,1,1,292.2,8.449,6.815
666,3,1,2,271.2,-13.785,-4.695
666,3,2,2,271.2,-10.03,-8.58
667,1,1,2,320.6,-1.492,15.354
667,1,2,2,320.6,4.199,15.967
667,2,1,6,123.3,8.259,-9.678
667,2,2,6,123.3,6.659,-10.618
667,2,3,6,123.3,5.002,-11.899
667,2,4,6,123.3,6.072,-6.196
667,2,5,6,123.3,4.427,-7.587
667,2,6,6,123.3,2.852,-8.529
667,3,1,6,8.8,-7.295,3.639
667,3,2,6,8.8,-7.705,5.549
667,3,3,6,8.8,-7.809,7.437
667,3,4,6,8.8,-3.325,4.172
667,3,5,6,8.8,-3.741,6.315
667,3,6,6,8.8,-3.793,8.209
668,1,1,5,212.8,6.007,7.94
668,1,2,5,212.8,8.19,4.782
668,1,3,5,212.8,5.545,5.227
668,1,4,5,212.8,2.868,5.764
668,1,5,5,212.8,5.112,2.612
668,2,1,2,249.3,7.395,-3.82
668,2,2,2,249.3,9.75,-8.744
668,3,1,3,258.2,-7.924,-7.128
668,3,2,3,258.2,-6.306,-9.375
668,3,3,3,258.2,-4.698,-11.834
669,1,1,5,28.2,10.803,2.987
669,1,2,5,28.2,9.035,6.585
669,1,3,5,28.2,11.675,5.794
669,1,4,5,28.2,14.211,4.789
669,1,5,5,28.2,12.415,8.39
669,2,1,2,22.8,-8.699,-6.958
669,2,2,2,22.8,-6.494,-1.55
669,3,1,5,142.9,4.924,-12.78
669,3,2,5,142.9,2.571,-15.845
669,3,3,5,142.9,2.104,-12.847
669,3,4,5,142.9,1.583,-10.18
669,3,5,5,142.9,-0.753,-13.284
670,1,1,4,198.3,-1.757,16.778
670,1,2,4,198.3,-0.618,12.988
670,1,3,4,198.3,-5.642,15.524
670,1,4,4,198.3,-4.529,11.862
670,2,1,1,183.1,12.404,-7.856
670,3,1,1,152.5,-6.11,-5.306
671,1,1,1,25.0,-8.528,-0.449
671,2,1,1,254.8,5.12,-10.464
671,3,1,5,181.1,15.193,-4.293
671,3,2,5,181.1,15.311,-8.61
671,3,3,5,181.1,13.203,-6.455
671,3,4,5,181.1,11.119,-4.58
671,3,5,5,181.1,11.244,-8.423
672,1,1,5,304.4,-14.52,4.183
672,1,2,5,304.4,-11.316,6.477
672,1,3,5,304.4,-11.83,3.668
672,1,4,5,304.4,-12.457,0.935
672,1,5,5,304.4,-8.955,3.14
672,2,1,5,178.1,0.52,-4.182
672,2,2,5,178.1,0.456,-7.995
672,2,3,5,178.1,-1.56,-6.069
672,2,4,5,178.1,-3.329,-4.011
672,2,5,5,178.1,-3.474,-8.093
672,3,1,2,145.1,2.075,5.445
672,3,2,2,145.1,-3.739,4.564
673,1,1,6,171.3,-10.849,9.333
673,1,2,6,171.3,-11.1,7.297
673,1,3,6,171.3,-11.574,5.432
673,1,4,6,171.3,-15.008,9.992
673,1,5,6,171.3,-15.296,7.996
673,1,6,6,171.3,-15.362,5.798
673,2,1,2,254.7,-12.371,1.304
673,2,2,2,254.7,-9.334,-3.742
673,3,1,5,326.9,7.894,-9.207
673,3,2,5,326.9,9.816,-5.736
673,3,3,5,326.9,10.415,-8.722
673,3,4,5,326.9,11.236,-11.346
673,3,5,5,326.9,13.195,-8.144
674,1,1,1,237.5,-4.755,-2.028
674,2,1,4,261.6,-0.574,-9.755
674,2,2,4,261.6,3.444,-10.386
674,2,3,4,261.6,-0.939,-13.83
674,2,4,4,261.6,3.02,-14.45
674,3,1,6,345.8,-17.734,0.326
674,3,2,6,345.8,-17.278,2.24
674,3,3,6,345.8,-16.965,4.201
674,3,4,6,345.8,-14.029,-0.567
674,3,5,6,345.8,-13.427,1.526
674,3,6,6,345.8,-12.913,3.262
675,1,1,5,145.4,10.03,0.833
675,1,2,5,145.4,7.755,-2.469
675,1,3,5,145.4,7.253,0.264
675,1,4,5,145.4,6.833,3.158
675,1,5,5,145.4,4.38,-0.131
675,2,1,4,235.1,6.978,13.239
675,2,2,4,235.1,10.197,10.997
675,2,3,4,235.1,4.756,9.808
675,2,4,4,235.1,7.988,7.462
675,3,1,2,67.0,6.42,-12.476
675,3,2,2,67.0,4.323,-7.478
676,1,1,2,230.2,-7.147,-3.402
676,1,2,2,230.2,-6.502,-9.084
676,2,1,5,70.7,-3.665,10.808
676,2,2,5,70.7,-7.663,12.02
676,2,3,5,70.7,-5.021,13.359
676,2,4,5,70.7,-2.265,14.623
676,2,5,5,70.7,-6.192,15.919
676,3,1,2,332.1,11.43,-1.193
676,3,2,2,332.1,16.883,0.355
677,1,1,1,215.4,13.036,-8.721
677,2,1,1,120.6,-12.227,8.548
677,3,1,2,177.3,10.212,-0.475
677,3,2,2,177.3,6.104,-4.105
678,1,1,6,11.4,-8.786,-11.469
678,1,2,6,11.4,-9.238,-9.367
678,1,3,6,11.4,-9.874,-7.315
678,1,4,6,11.4,-5.024,-10.51
678,1,5,6,11.4,-5.317,-8.727
678,1,6,6,11.4,-5.853,-6.76
678,2,1,3,59.8,11.522,-2.406
678,2,2,3,59.8,10.633,0.412
678,2,3,3,59.8,9.973,3.35
678,3,1,6,29.9,0.555,-12.825
678,3,2,6,29.9,-0.356,-11.219
678,3,3,6,29.9,-1.442,-9.256
678,3,4,6,29.9,3.987,-10.971
678,3,5,6,29.9,2.978,-9.151
678,3,6,6,29.9,2.121,-7.369
679,1,1,1,299.8,-12.082,-2.846
679,2,1,5,83.5,9.082,-14.831
679,2,2,5,83.5,5.13,-14.371
679,2,3,5,83.5,7.41,-12.53
679,2,4,5,83.5,9.236,-10.847
679,2,5,5,83.5,5.446,-10.331
679,3,1,1,164.9,13.586,-2.673
680,1,1,2,178.2,7.873,1.269
680,1,2,2,178.2,3.652,-2.756
680,2,1,3,150.5,-4.223,5.288
680,2,2,3,150.5,-7.185,4.815
680,2,3,3,150.5,-10.02,3.974
680,3,1,6,278.4,-16.722,-2.918
680,3,2,6,278.4,-14.748,-2.669
680,3,3,6,278.4,-12.641,-2.275
680,3,4,6,278.4,-16.187,-6.825
680,3,5,6,278.4,-14.15,-6.685
680,3,6,6,278.4,-12.504,-6.183
681,1,1,1,182.5,-0.894,-8.086
681,2,1,1,179.8,-4.719,4.181
681,3,1,2,98.5,4.707,9.311
681,3,2,2,98.5,0.313,12.934
682,1,1,5,244.9,7.994,13.898
682,1,2,5,244.9,11.645,12.17
682,1,3,5,244.9,9.041,11.159
682,1,4,5,244.9,6.389,10.297
682,1,5,5,244.9,9.864,8.351
682,2,1,3,53.3,8.307,-0.558
682,2,2,3,53.3,7.896,2.328
682,2,3,3,53.3,7.532,5.039
682,3,1,2,336.0,-3.271,-5.629
682,3,2,2,336.0,2.193,-3.486
683,1,1,4,243.5,5.385,-9.402
683,1,2,4,243.5,8.88,-11.18
683,1,3,4,243.5,3.685,-12.958
683,1,4,4,243.5,7.267,-14.961
683,2,1,3,107.6,-3.766,-9.173
683,2,2,3,107.6,-6.353,-7.999
683,2,3,3,107.6,-8.841,-6.465
683,3,1,3,247.3,0.604,-2.069
683,3,2,3,247.3,1.581,-4.694
683,3,3,3,247.3,2.688,-7.526
684,1,1,4,244.0,-16.483,5.812
684,1,2,4,244.0,-12.732,4.167
684,1,3,4,244.0,-18.165,2.131
684,1,4,4,244.0,-14.659,0.571
684,2,1,1,143.9,11.355,-3.159
684,3,1,6,45.2,6.477,-14.154
684,3,2,6,45.2,5.169,-12.856
684,3,3,6,45.2,3.689,-11.402
684,3,4,6,45.2,9.485,-11.334
684,3,5,6,45.2,7.948,-9.939
684,3,6,6,45.2,6.404,-8.58
685,1,1,3,124.7,6.755,-7.59
685,1,2,3,124.7,4.017,-6.92
685,1,3,3,124.7,1.374,-6.734
685,2,1,6,334.2,-10.018,-11.016
685,2,2,6,334.2,-9.039,-9.682
685,2,3,6,334.2,-8.154,-7.647
685,2,4,6,334.2,-6.298,-13.138
685,2,5,6,334.2,-5.478,-11.327
685,2,6,6,334.2,-4.588,-9.554
685,3,1,3,321.7,4.337,6.726
685,3,2,3,321.7,7.234,7.01
685,3,3,3,321.7,10.011,7.428
686,1,1,3,271.2,-3.2,-6.553
686,1,2,3,271.2,-1.127,-8.612
686,1,3,3,271.2,0.685,-10.645
686,2,1,1,10.2,-10.995,4.121
686,3,1,2,246.3,-0.542,4.6
686,3,2,2,246.3,1.61,-0.528
687,1,1,5,73.7,4.483,-12.717
687,1,2,5,73.7,0.63,-11.508
687,1,3,5,73.7,3.054,-10.266
687,1,4,5,73.7,5.689,-8.819
687,1,5,5,73.7,1.61,-7.799
687,2,1,3,43.0,-8.438,8.369
687,2,2,3,43.0,-8.355,11.341
687,2,3,3,43.0,-8.142,14.027
687,3,1,4,112.2,-0.866,-0.396
687,3,2,4,112.2,-4.536,-1.888
687,3,3,4,112.2,-2.48,3.057
687,3,4,4,112.2,-6.179,1.877
688,1,1,1,27.2,-8.833,-12.44
688,2,1,2,111.3,-0.898,-5.269
688,2,2,2,111.3,-6.224,-3.266
688,3,1,3,196.7,6.178,11.305
688,3,2,3,196.7,4.802,8.64
688,3,3,3,196.7,3.498,6.412
689,1,1,1,254.5,9.251,3.287
689,2,1,2,349.8,-3.308,1.447
689,2,2,2,349.8,1.308,4.588
689,3,1,6,346.8,0.554,-5.92
689,3,2,6,346.8,0.864,-3.649
689,3,3,6,346.8,1.48,-1.907
689,3,4,6,346.8,4.394,-6.765
689,3,5,6,346.8,4.933,-4.667
689,3,6,6,346.8,5.355,-2.786
690,1,1,5,203.4,10.214,-3.036
690,1,2,5,203.4,11.92,-6.355
690,1,3,5,203.4,9.214,-5.356
690,1,4,5,203.4,6.573,-4.365
690,1,5,5,203.4,8.239,-7.948
690,2,1,4,206.1,3.506,12.944
690,2,2,4,206.1,5.478,9.241
690,2,3,4,206.1,0.134,11.169
690,2,4,4,206.1,1.68,7.566
690,3,1,5,332.2,-6.612,-8.9
690,3,2,5,332.2,-4.931,-5.627
690,3,3,5,332.2,-3.945,-8.143
690,3,4,5,332.2,-3.23,-10.836
690,3,5,5,332.2,-1.416,-7.495
691,1,1,2,64.6,-3.196,-5.408
691,1,2,2,64.6,-4.851,-0.08
691,2,1,4,173.3,9.38,-11.042
691,2,2,4,173.3,8.92,-14.869
691,2,3,4,173.3,5.237,-10.537
691,2,4,4,173.3,5.06,-14.592
691,3,1,3,122.5,16.054,1.46
691,3,2,3,122.5,13.455,2.222
691,3,3,3,122.5,10.589,2.933
692,1,1,1,303.6,4.814,5.28
692,2,1,2,302.4,0.005,15.299
692,2,2,2,302.4,5.481,13.981
692,3,1,6,66.9,5.722,-16.238
692,3,2,6,66.9,3.934,-15.445
692,3,3,6,66.9,2.217,-14.65
692,3,4,6,66.9,7.4,-12.61
692,3,5,6,66.9,5.643,-11.984
692,3,6,6,66.9,3.609,-11.015
693,1,1,6,54.3,-2.327,-12.871
693,1,2,6,54.3,-4.09,-11.763
693,1,3,6,54.3,-5.738,-10.495
693,1,4,6,54.3,-0.061,-9.581
693,1,5,6,54.3,-1.628,-8.433
693,1,6,6,54.3,-3.55,-7.125
693,2,1,3,314.4,-3.764,-1.827
693,2,2,3,314.4,-1.083,-1.848
693,2,3,3,314.4,1.911,-1.921
693,3,1,5,146.2,16.277,3.506
693,3,2,5,146.2,14.151,0.188
693,3,3,5,146.2,13.521,2.945
693,3,4,5,146.2,12.857,5.783
693,3,5,5,146.2,10.58,2.253
694,1,1,1,37.0,-13.863,5.279
694,2,1,4,244.6,-3.76,5.307
694,2,2,4,244.6,-0.272,3.567
694,2,3,4,244.6,-5.386,1.565
694,2,4,4,244.6,-2.062,-0.002
694,3,1,3,332.0,-6.518,-15.247
694,3,2,3,332.0,-4.177,-14.62
694,3,3,3,332.0,-1.286,-13.741
695,1,1,2,354.5,-0.256,-1.178
695,1,2,2,354.5,4.138,2.403
695,2,1,4,351.9,-3.033,-11.732
695,2,2,4,351.9,-2.496,-7.604
695,2,3,4,351.9,0.926,-12.386
695,2,4,4,351.9,1.474,-8.409
695,3,1,4,262.2,-12.523,-7.871
695,3,2,4,262.2,-8.623,-8.257
695,3,3,4,262.2,-13.121,-11.934
695,3,4,4,262.2,-9.03,-12.493
696,1,1,5,228.5,-7.423,15.359
696,1,2,5,228.5,-4.147,12.734
696,1,3,5,228.5,-7.108,12.518
696,1,4,5,228.5,-9.935,12.507
696,1,5,5,228.5,-6.802,9.795
696,2,1,2,226.2,-11.404,-2.654
696,2,2,2,226.2,-11.341,-8.546
696,3,1,1,124.9,2.595,-13.179
697,1,1,3,152.7,9.954,8.588
697,1,2,3,152.7,7.413,7.69
697,1,3,3,152.7,4.757,6.792
697,2,1,6,185.2,-1.12,4.845
697,2,2,6,185.2,-0.779,2.971
697,2,3,6,185.2,-0.766,0.957
697,2,4,6,185.2,-5.162,4.533
697,2,5,6,185.2,-5.031,2.536
697,2,6,6,185.2,-4.566,0.632
697,3,1,5,324.8,-0.782,-7.635
697,3,2,5,324.8,1.581,-4.313
697,3,3,5,324.8,2.266,-7.282
697,3,4,5,324.8,2.592,-10.027
697,3,5,5,324.8,4.721,-6.69
698,1,1,2,86.2,-13.144,-4.966
698,1,2,2,86.2,-16.758,-0.332
698,2,1,2,165.1,0.301,-1.843
698,2,2,2,165.1,-4.627,-4.861
698,3,1,4,101.1,-5.331,8.112
698,3,2,4,101.1,-9.379,7.471
698,3,3,4,101.1,-6.244,12.297
698,3,4,4,101.1,-9.802,11.516
699,1,1,2,169.5,12.962,-9.729
699,1,2,2,169.5,8.423,-12.971
699,2,1,4,74.1,1.245,-12.986
699,2,2,4,74.1,-2.797,-11.959
699,2,3,4,74.1,2.297,-9.189
699,2,4,4,74.1,-1.723,-8.009
699,3,1,1,285.2,-5.682,7.79
700,1,1,5,68.6,-6.623,9.536
700,1,2,5,68.6,-10.247,11.161
700,1,3,5,68.6,-7.679,12.273
700,1,4,5,68.6,-5.116,13.303
700,1,5,5,68.6,-8.597,14.708
700,2,1,5,44.2,7.311,2.633
700,2,2,5,44.2,4.38,5.668
700,2,3,5,44.2,7.446,5.898
700,2,4,5,44.2,10.346,5.65
700,2,5,5,44.2,7.458,8.393
700,3,1,4,356.2,-10.76,-14.621
700,3,2,4,356.2,-10.801,-10.415
700,3,3,4,356.2,-6.807,-14.567
700,3,4,4,356.2,-6.634,-10.719
701,1,1,4,197.6,4.86,17.221
701,1,2,4,197.6,6.081,13.25
701,1,3,4,197.6,1.301,15.856
701,1,4,4,197.6,2.503,12.193
701,2,1,1,16.5,0.921,-13.853
701,3,1,5,326.2,-17.715,-2.116
701,3,2,5,326.2,-15.354,1.274
701,3,3,5,326.2,-14.852,-1.597
701,3,4,5,326.2,-14.31,-4.518
701,3,5,5,326.2,-11.996,-0.922
702,1,1,2,230.6,-15.373,1.457
702,1,2,2,230.6,-14.865,-4.264
702,2,1,2,223.7,11.661,13.992
702,2,2,2,223.7,11.439,8.264
702,3,1,6,77.2,5.711,3.263
702,3,2,6,77.2,3.646,3.718
702,3,3,6,77.2,1.804,4.206
702,3,4,6,77.2,6.65,7.282
702,3,5,6,77.2,4.428,7.765
702,3,6,6,77.2,2.567,8.045
703,1,1,3,309.4,-13.595,7.949
703,1,2,3,309.4,-10.856,7.547
703,1,3,3,309.4,-7.937,7.246
703,2,1,2,185.8,-3.859,-0.845
703,2,2,2,185.8,-7.668,-5.529
703,3,1,1,202.2,6.435,5.705
704,1,1,2,322.2,-5.647,13.393
704,1,2,2,322.2,-0.07,14.092
704,2,1,6,321.0,12.307,-4.349
704,2,2,6,321.0,13.63,-2.813
704,2,3,6,321.0,14.789,-1.083
704,2,4,6,321.0,15.436,-6.915
704,2,5,6,321.0,16.729,-5.128
704,2,6,6,321.0,18.104,-3.59
704,3,1,1,354.0,-10.936,-7.605
705,1,1,2,226.9,11.843,-1.125
705,1,2,2,226.9,12.086,-6.726
705,2,1,5,213.7,4.22,-11.986
705,2,2,5,213.7,6.537,-15.527
705,2,3,5,213.7,3.725,-15.017
705,2,4,5,213.7,0.837,-14.451
705,2,5,5,213.7,3.254,-17.701
705,3,1,1,10.4,-11.231,2.733
706,1,1,4,220.8,8.865,4.756
706,1,2,4,220.8,11.345,1.805
706,1,3,4,220.8,5.552,2.155
706,1,4,4,220.8,8.382,-0.921
706,2,1,5,57.8,6.622,8.441
706,2,2,5,57.8,3.053,10.355
706,2,3,5,57.8,5.995,11.198
706,2,4,5,57.8,8.897,11.771
706,2,5,5,57.8,5.317,14.051
706,3,1,6,256.8,-0.376,-1.769
706,3,2,6,256.8,1.554,-2.161
706,3,3,6,256.8,3.462,-2.693
706,3,4,6,256.8,-1.453,-5.394
706,3,5,6,256.8,0.499,-6.062
706,3,6,6,256.8,2.585,-6.366
707,1,1,2,271.7,-17.232,0.662
707,1,2,2,271.7,-13.326,-3.396
707,2,1,4,170.2,8.611,-11.37
707,2,2,4,170.2,8.06,-15.119
707,2,3,4,170.2,4.68,-10.629
707,2,4,4,170.2,4.02,-14.597
707,3,1,1,41.7,11.813,4.385
708,1,1,4,359.2,-2.678,-4.385
708,1,2,4,359.2,-2.764,-0.569
708,1,3,4,359.2,1.054,-4.544
708,1,4,4,359.2,1.168,-0.441
708,2,1,1,292.0,9.801,4.285
708,3,1,2,66.6,-2.729,5.435
708,3,2,2,66.6,-5.187,10.468
709,1,1,3,267.4,-5.913,8.371
709,1,2,3,267.4,-3.833,6.136
709,1,3,3,267.4,-2.105,4.238
709,2,1,5,264.7,7.809,-7.011
709,2,2,5,264.7,11.866,-7.382
709,2,3,5,264.7,9.621,-9.256
709,2,4,5,264.7,7.389,-11.081
709,2,5,5,264.7,11.499,-11.522
709,3,1,6,77.9,14.404,5.524
709,3,2,6,77.9,12.329,6.074
709,3,3,6,77.9,10.465,6.194
709,3,4,6,77.9,15.286,9.317
709,3,5,6,77.9,13.454,9.729
709,3,6,6,77.9,11.318,10.364
710,1,1,4,345.8,7.563,2.928
710,1,2,4,345.8,8.491,6.591
710,1,3,4,345.8,11.494,1.793
710,1,4,4,345.8,12.53,5.609
710,2,1,5,87.1,-5.142,5.4
710,2,2,5,87.1,-9.063,5.541
710,2,3,5,87.1,-6.815,7.602
710,2,4,5,87.1,-4.96,9.41
710,2,5,5,87.1,-8.858,9.52
710,3,1,3,75.5,6.774,-14.041
710,3,2,3,75.5,5.367,-11.751
710,3,3,3,75.5,3.774,-9.187
711,1,1,2,326.6,-9.479,5.015
711,1,2,2,326.6,-4.198,6.177
711,2,1,5,38.3,-2.967,-8.364
711,2,2,5,38.3,-5.396,-5.265
711,2,3,5,38.3,-2.527,-5.616
711,2,4,5,38.3,0.239,-5.97
711,2,5,5,38.3,-2.447,-2.78
711,3,1,1,121.4,1.334,2.796
712,1,1,1,187.6,6.545,-4.426
712,2,1,3,348.0,12.363,-5.043
712,2,2,3,348.0,14.782,-3.656
712,2,3,3,348.0,16.881,-2.031
712,3,1,2,354.1,-4.959,1.309
712,3,2,2,354.1,-0.546,4.967
713,1,1,5,6.0,7.846,-10.432
713,1,2,5,6.0,7.419,-6.533
713,1,3,5,6.0,9.69,-8.331
713,1,4,5,6.0,11.91,-10.181
713,1,5,5,6.0,11.363,-6.036
713,2,1,6,195.4,6.796,9.121
713,2,2,6,195.4,7.533,6.903
713,2,3,6,195.4,8.182,5.116
713,2,4,6,195.4,3.197,7.951
713,2,5,6,195.4,3.622,6.13
713,2,6,6,195.4,4.049,4.29
713,3,1,5,33.1,0.768,10.922
713,3,2,5,33.1,-1.401,14.371
713,3,3,5,33.1,1.373,13.848
713,3,4,5,33.1,4.038,13.08
713,3,5,5,33.1,1.886,16.544
714,1,1,4,347.6,-5.543,0.497
714,1,2,4,347.6,-4.633,4.494
714,1,3,4,347.6,-1.626,-0.559
714,1,4,4,347.6,-0.892,3.348
714,2,1,6,79.7,5.806,-7.428
714,2,2,6,79.7,3.932,-7.061
714,2,3,6,79.7,1.836,-6.66
714,2,4,6,79.7,6.468,-3.474
714,2,5,6,79.7,4.475,-3.36
714,2,6,6,79.7,2.52,-2.631
714,3,1,1,241.4,0.578,13.282
715,1,1,2,7.2,-6.442,-4.464
715,1,2,2,7.2,-2.878,-0.203
715,2,1,2,351.7,-4.736,-16.578
715,2,2,2,351.7,-0.289,-13.244
715,3,1,4,245.3,7.067,-7.345
715,3,2,4,245.3,10.649,-8.966
715,3,3,4,245.3,5.393,-10.885
715,3,4,4,245.3,9.145,-12.679
716,1,1,4,278.1,-8.053,4.239
716,1,2,4,278.1,-4.045,4.715
716,1,3,4,278.1,-7.649,0.297
716,1,4,4,278.1,-3.417,0.747
716,2,1,5,289.6,7.753,-10.915
716,2,2,5,289.6,11.609,-9.585
716,2,3,5,289.6,10.194,-12.132
716,2,4,5,289.6,9.071,-14.655
716,2,5,5,289.6,12.851,-13.414
716,3,1,6,232.2,-12.027,-2.453
716,3,2,6,232.2,-10.229,-3.625
716,3,3,6,232.2,-8.709,-4.831
716,3,4,6,232.2,-14.198,-5.482
716,3,5,6,232.2,-12.493,-6.935
716,3,6,6,232.2,-11.167,-8.132
717,1,1,5,160.4,-4.879,-8.179
717,1,2,5,160.4,-6.462,-11.924
717,1,3,5,160.4,-7.594,-9.404
717,1,4,5,160.4,-8.676,-6.903
717,1,5,5,160.4,-10.142,-10.562
717,2,1,4,335.8,-1.595,-11.875
717,2,2,4,335.8,0.444,-8.257
717,2,3,4,335.8,2.038,-13.515
717,2,4,4,335.8,3.737,-9.778
717,3,1,5,24.9,-0.795,13.21
717,3,2,5,24.9,-2.412,16.831
717,3,3,5,24.9,0.362,15.62
717,3,4,5,24.9,2.897,14.576
717,3,5,5,24.9,1.099,18.074
718,1,1,2,228.8,-3.22,-11.82
718,1,2,2,228.8,-2.767,-17.572
718,2,1,6,165.3,-2.42,-4.919
718,2,2,6,165.3,-3.055,-6.878
718,2,3,6,165.3,-3.58,-8.732
718,2,4,6,165.3,-6.398,-3.824
718,2,5,6,165.3,-6.932,-5.779
718,2,6,6,165.3,-7.363,-7.779
718,3,1,2,337.7,-15.59,-5.495
718,3,2,2,337.7,-10.337,-3.402
719,1,1,2,106.7,4.195,0.171
719,1,2,2,106.7,-0.695,2.769
719,2,1,2,109.9,16.07,-3.057
719,2,2,2,109.9,11.048,-0.522
719,3,1,5,245.4,4.842,-2.961
719,3,2,5,245.4,8.506,-4.811
719,3,3,5,245.4,5.966,-5.75
719,3,4,5,245.4,3.083,-6.861
719,3,5,5,245.4,6.854,-8.496
720,1,1,2,56.0,3.448,5.581
720,1,2,2,56.0,2.661,11.021
720,2,1,1,336.7,-11.549,-8.659
720,3,1,3,79.5,-13.877,-2.783
720,3,2,3,79.5,-15.624,-0.598
720,3,3,3,79.5,-17.121,1.789
721,1,1,2,98.9,6.998,-1.321
721,1,2,2,98.9,2.155,2.003
721,2,1,5,196.9,-13.022,3.05
721,2,2,5,196.9,-11.882,-0.811
721,2,3,5,196.9,-14.414,0.553
721,2,4,5,196.9,-17.086,1.896
721,2,5,5,196.9,-15.774,-2.019
721,3,1,1,223.3,-0.884,-8.611
722,1,1,1,322.4,-7.979,12.259
722,2,1,2,98.8,13.705,-12.612
722,2,2,2,98.8,9.136,-9.329
722,3,1,1,351.1,13.545,5.758
723,1,1,6,338.7,8.191,1.75
723,1,2,6,338.7,9.027,3.631
723,1,3,6,338.7,9.607,5.622
723,1,4,6,338.7,11.975,0.451
723,1,5,6,338.7,12.511,2.394
723,1,6,6,338.7,13.449,4.026
723,2,1,2,301.2,-4.928,11.06
723,2,2,2,301.2,0.639,9.859
723,3,1,2,320.4,0.34,-4.784
723,3,2,2,320.4,6.056,-4.245
724,1,1,5,105.2,8.392,3.349
724,1,2,5,105.2,4.545,2.233
724,1,3,5,105.2,5.807,4.67
724,1,4,5,105.2,7.24,7.289
724,1,5,5,105.2,3.26,6.059
724,2,1,3,111.3,-2.165,-5.147
724,2,2,3,111.3,-4.736,-3.791
724,2,3,3,111.3,-7.037,-2.768
724,3,1,1,183.6,-1.928,7.043
725,1,1,6,218.7,-4.309,-8.134
725,1,2,6,218.7,-3.126,-9.775
725,1,3,6,218.7,-1.774,-11.261
725,1,4,6,218.7,-7.511,-10.554
725,1,5,6,218.7,-6.152,-12.156
725,1,6,6,218.7,-4.881,-13.876
725,2,1,1,340.5,-7.326,11.282
725,3,1,3,292.4,4.864,-12.082
725,3,2,3,292.4,7.585,-13.255
725,3,3,3,292.4,10.2,-14.385
726,1,1,5,357.3,-12.325,-4.03
726,1,2,5,357.3,-12.289,0.012
726,1,3,5,357.3,-10.263,-1.996
726,1,4,5,357.3,-8.366,-4.05
726,1,5,5,357.3,-8.492,-0.145
726,2,1,6,50.2,4.579,9.45
726,2,2,6,50.2,2.891,10.86
726,2,3,6,50.2,1.452,12.182
726,2,4,6,50.2,7.057,12.606
726,2,5,6,50.2,5.625,13.895
726,2,6,6,50.2,4.02,15.178
726,3,1,4,341.2,-12.944,7.731
726,3,2,4,341.2,-11.714,11.778
726,3,3,4,341.2,-9.254,6.45
726,3,4,4,341.2,-7.831,10.266
727,1,1,5,22.3,-11.869,7.999
727,1,2,5,22.3,-13.719,11.732
727,1,3,5,22.3,-11.06,10.646
727,1,4,5,22.3,-8.496,9.352
727,1,5,5,22.3,-9.966,13.14
727,2,1,5,134.8,2.702,15.444
727,2,2,5,134.8,-0.331,12.504
727,2,3,5,134.8,-0.222,15.469
727,2,4,5,134.8,-0.155,18.299
727,2,5,5,134.8,-3.029,15.403
727,3,1,5,242.3,-3.949,-0.462
727,3,2,5,242.3,-0.531,-2.534
727,3,3,5,242.3,-3.011,-3.336
727,3,4,5,242.3,-5.827,-4.311
727,3,5,5,242.3,-2.445,-5.946
728,1,1,1,9.3,-0.128,5.4
728,2,1,2,153.3,1.738,-6.639
728,2,2,2,153.3,-3.699,-8.367
728,3,1,4,152.4,-11.42,6.128
728,3,2,4,152.4,-13.578,2.556
728,3,3,4,152.4,-15.198,7.872
728,3,4,4,152.4,-16.987,4.598
729,1,1,6,90.1,1.257,-8.022
729,1,2,6,90.1,-0.749,-8.119
729,1,3,6,90.1,-2.662,-8.061
729,1,4,6,90.1,1.356,-4.036
729,1,5,6,90.1,-0.843,-4.056
729,1,6,6,90.1,-2.804,-3.856
729,2,1,6,29.9,-8.571,-13.446
729,2,2,6,29.9,-9.514,-11.653
729,2,3,6,29.9,-10.7,-9.922
729,2,4,6,29.9,-5.089,-11.382
729,2,5,6,29.9,-6.105,-9.693
729,2,6,6,29.9,-7.12,-7.802
729,3,1,4,207.9,-0.55,5.106
729,3,2,4,207.9,1.323,1.839
729,3,3,4,207.9,-4.181,3.467
729,3,4,4,207.9,-2.132,-0.162
730,1,1,6,127.8,3.094,10.217
730,1,2,6,127.8,1.525,9.038
730,1,3,6,127.8,0.052,7.787
730,1,4,6,127.8,0.679,13.513
730,1,5,6,127.8,-1.097,12.041
730,1,6,6,127.8,-2.601,10.99
730,2,1,3,13.4,-10.123,7.156
730,2,2,3,13.4,-8.746,9.494
730,2,3,3,13.4,-7.042,11.944
730,3,1,3,14.1,0.713,-7.69
730,3,2,3,14.1,2.241,-5.277
730,3,3,3,14.1,3.693,-2.905
731,1,1,3,137.4,-3.643,10.196
731,1,2,3,137.4,-6.503,10.3
731,1,3,3,137.4,-9.319,9.927
731,2,1,6,243.2,5.732,4.216
731,2,2,6,243.2,7.408,3.102
731,2,3,6,243.2,9.213,2.282
731,2,4,6,243.2,3.879,0.686
731,2,5,6,243.2,5.681,-0.335
731,2,6,6,243.2,7.435,-1.248
731,3,1,3,130.3,-1.01,-8.678
731,3,2,3,130.3,-3.911,-8.569
731,3,3,3,130.3,-6.851,-8.072
732,1,1,1,118.4,-4.313,8.57
732,2,1,4,127.4,6.392,-14.564
732,2,2,4,127.4,2.939,-16.885
732,2,3,4,127.4,3.882,-11.365
732,2,4,4,127.4,0.732,-13.888
732,3,1,6,293.2,-12.94,-4.434
732,3,2,6,293.2,-10.887,-3.63
732,3,3,6,293.2,-9.235,-2.847
732,3,4,6,293.2,-11.385,-7.916
732,3,5,6,293.2,-9.476,-7.467
732,3,6,6,293.2,-7.738,-6.438
733,1,1,6,13.2,8.7,1.451
733,1,2,6,13.2,8.491,3.351
733,1,3,6,13.2,7.897,5.231
733,1,4,6,13.2,12.512,2.345
733,1,5,6,13.2,12.215,4.375
733,1,6,6,13.2,11.63,6.395
733,2,1,6,217.9,-6.927,-5.388
733,2,2,6,217.9,-5.826,-7.224
733,2,3,6,217.9,-4.487,-8.762
733,2,4,6,217.9,-10.229,-8.088
733,2,5,6,217.9,-8.899,-9.595
733,2,6,6,217.9,-7.841,-11.109
733,3,1,3,247.3,-12.902,9.827
733,3,2,3,247.3,-12.031,7.223
733,3,3,3,247.3,-10.935,4.592
734,1,1,5,103.3,-3.076,-4.969
734,1,2,5,103.3,-6.812,-6.023
734,1,3,5,103.3,-5.354,-3.31
734,1,4,5,103.3,-3.824,-1.363
734,1,5,5,103.3,-7.708,-2.015
734,2,1,1,196.1,4.91,-1.518
734,3,1,2,288.3,-4.77,6.603
734,3,2,2,288.3,-0.051,4.048
735,1,1,5,72.7,-2.652,4.405
735,1,2,5,72.7,-6.668,5.564
735,1,3,5,72.7,-3.842,6.79
735,1,4,5,72.7,-1.511,8.3
735,1,5,5,72.7,-5.396,9.444
735,2,1,3,292.0,2.748,3.955
735,2,2,3,292.0,5.403,2.919
735,2,3,3,292.0,7.99,1.878
735,3,1,4,244.9,-8.992,1.12
735,3,2,4,244.9,-5.341,-0.548
735,3,3,4,244.9,-10.695,-2.506
735,3,4,4,244.9,-7.097,-4.127
736,1,1,3,321.0,-8.248,-6.498
736,1,2,3,321.0,-5.362,-6.232
736,1,3,3,321.0,-2.537,-5.837
736,2,1,2,300.1,-6.285,10.41
736,2,2,2,300.1,-0.752,9.09
736,3,1,2,87.2,10.461,-4.928
736,3,2,2,87.2,6.619,-0.667
737,1,1,1,351.8,11.247,0.486
737,2,1,4,146.3,8.371,-8.579
737,2,2,4,146.3,6.249,-11.81
737,2,3,4,146.3,5.275,-6.178
737,2,4,4,146.3,2.944,-9.531
737,3,1,5,60.6,-10.837,-10.532
737,3,2,5,60.6,-14.309,-8.571
737,3,3,5,60.6,-11.723,-7.952
737,3,4,5,60.6,-8.848,-7.25
737,3,5,5,60.6,-12.187,-5.285
738,1,1,6,299.2,-16.357,2.888
738,1,2,6,299.2,-14.481,3.829
738,1,3,6,299.2,-12.787,4.542
738,1,4,6,299.2,-14.237,-0.826
738,1,5,6,299.2,-12.579,0.158
738,1,6,6,299.2,-10.74,1.122
738,2,1,4,63.1,12.971,-5.029
738,2,2,4,63.1,9.365,-3.313
738,2,3,4,63.1,14.927,-1.434
738,2,4,4,63.1,11.263,0.298
738,3,1,1,353.6,5.354,-12.297
739,1,1,3,302.5,10.576,3.121
739,1,2,3,302.5,13.423,2.418
739,1,3,3,302.5,16.076,1.928
739,2,1,6,170.2,8.236,-7.283
739,2,2,6,170.2,8.087,-9.136
739,2,3,6,170.2,7.514,-11.045
739,2,4,6,170.2,4.245,-6.458
739,2,5,6,170.2,3.691,-8.347
739,2,6,6,170.2,3.684,-10.366
739,3,1,5,336.3,-1.03,1.692
739,3,2,5,336.3,0.516,5.336
739,3,3,5,336.3,1.707,2.653
739,3,4,5,336.3,2.646,-0.014
739,3,5,5,336.3,4.264,3.685
740,1,1,3,55.4,1.714,3.445
740,1,2,3,55.4,1.028,6.506
740,1,3,3,55.4,0.512,8.773
740,2,1,6,172.1,14.216,3.938
740,2,2,6,172.1,13.975,1.912
740,2,3,6,172.1,13.818,0.121
740,2,4,6,172.1,10.34,4.579
740,2,5,6,172.1,10.091,2.657
740,2,6,6,172.1,9.831,0.844
740,3,1,2,86.0,-4.259,-15.339
740,3,2,2,86.0,-8.075,-11.076
741,1,1,5,30.7,8.217,-2.778
741,1,2,5,30.7,6.24,0.623
741,1,3,5,30.7,8.894,-0.043
741,1,4,5,30.7,11.627,-0.899
741,1,5,5,30.7,9.535,2.671
741,2,1,5,212.2,-0.996,-11.096
741,2,2,5,212.2,1.0,-14.453
741,2,3,5,212.2,-1.636,-13.687
741,2,4,5,212.2,-4.464,-12.988
741,2,5,5,212.2,-2.202,-16.621
741,3,1,4,348.3,-13.48,-12.254
741,3,2,4,348.3,-12.815,-8.351
741,3,3,4,348.3,-9.549,-13.075
741,3,4,4,348.3,-8.754,-9.261
742,1,1,2,219.6,13.542,10.884
742,1,2,2,219.6,12.967,5.303
742,2,1,5,140.2,3.301,11.714
742,2,2,5,140.2,0.866,8.378
742,2,3,5,140.2,0.4,11.316
742,2,4,5,140.2,0.17,14.061
742,2,5,5,140.2,-2.334,11.077
742,3,1,3,203.9,-10.186,-2.78
742,3,2,3,203.9,-11.257,-5.201
742,3,3,3,203.9,-12.066,-7.951
743,1,1,1,57.6,-5.001,-6.233
743,2,1,1,10.5,3.475,13.72
743,3,1,3,69.1,6.632,1.179
743,3,2,3,69.1,5.713,3.553
743,3,3,3,69.1,4.364,6.497
744,1,1,3,183.0,-0.74,-2.702
744,1,2,3,183.0,-2.607,-4.788
744,1,3,3,183.0,-4.572,-6.775
744,2,1,3,322.6,-14.055,10.614
744,2,2,3,322.6,-11.256,10.842
744,2,3,3,322.6,-8.588,11.021
744,3,1,2,116.4,4.171,12.535
744,3,2,2,116.4,-1.234,14.384
745,1,1,4,324.5,1.76,11.87
745,1,2,4,324.5,3.901,14.997
745,1,3,4,324.5,4.881,9.446
745,1,4,4,324.5,7.102,12.776
745,2,1,1,53.1,-2.804,-6.404
745,3,1,3,190.4,7.191,-8.249
745,3,2,3,190.4,5.717,-10.632
745,3,3,3,190.4,4.114,-12.886
746,1,1,1,54.9,3.155,2.392
746,2,1,5,334.9,-5.853,12.98
746,2,2,5,334.9,-4.091,16.663
746,2,3,5,334.9,-3.134,13.747
746,2,4,5,334.9,-2.048,11.293
746,2,5,5,334.9,-0.51,15.102
746,3,1,2,253.5,-2.791,-8.311
746,3,2,2,253.5,-0.081,-13.186
747,1,1,3,77.3,4.092,-9.453
747,1,2,3,77.3,2.604,-7.046
747,1,3,3,77.3,1.203,-4.609
747,2,1,5,43.6,-11.52,2.64
747,2,2,5,43.6,-14.382,5.67
747,2,3,5,43.6,-11.464,5.603
747,2,4,5,43.6,-8.64,5.682
747,2,5,5,43.6,-11.353,8.491
747,3,1,6,227.4,12.694,10.652
747,3,2,6,227.4,14.295,9.354
747,3,3,6,227.4,15.608,8.037
747,3,4,6,227.4,9.846,7.574
747,3,5,6,227.4,11.45,6.448
747,3,6,6,227.4,12.882,5.229
748,1,1,4,356.2,-9.783,-1.01
748,1,2,4,356.2,-9.606,2.957
748,1,3,4,356.2,-5.779,-1.202
748,1,4,4,356.2,-5.642,2.798
748,2,1,6,142.2,10.915,9.947
748,2,2,6,142.2,9.77,8.206
748,2,3,6,142.2,8.564,6.457
748,2,4,6,142.2,7.832,12.279
748,2,5,6,142.2,6.759,10.801
748,2,6,6,142.2,5.306,9.218
748,3,1,3,42.7,14.686,1.051
748,3,2,3,42.7,14.635,3.918
748,3,3,3,42.7,14.898,6.658
749,1,1,6,236.3,14.513,7.042
749,1,2,6,236.3,16.171,5.978
749,1,3,6,236.3,17.94,5.002
749,1,4,6,236.3,12.356,3.814
749,1,5,6,236.3,13.88,2.854
749,1,6,6,236.3,15.409,1.685
749,2,1,5,338.4,-16.1,-1.869
749,2,2,5,338.4,-14.798,2.007
749,2,3,5,338.4,-13.69,-0.763
749,2,4,5,338.4,-12.328,-3.088
749,2,5,5,338.4,-10.929,0.457
749,3,1,2,76.9,-2.187,-16.191
749,3,2,2,76.9,-5.104,-11.531
750,1,1,4,196.3,7.027,4.99
750,1,2,4,196.3,8.363,0.964
750,1,3,4,196.3,3.399,3.785
750,1,4,4,196.3,4.386,0.035
750,2,1,1,33.3,-11.376,2.024
750,3,1,5,69.5,16.398,-1.642
750,3,2,5,69.5,12.653,-0.087
750,3,3,5,69.5,15.271,0.934
750,3,4,5,69.5,17.779,2.255
750,3,5,5,69.5,14.008,3.692
751,1,1,4,147.5,-5.19,-12.393
751,1,2,4,147.5,-7.259,-15.813
751,1,3,4,147.5,-8.493,-10.133
751,1,4,4,147.5,-10.647,-13.447
751,2,1,4,101.5,12.579,-5.922
751,2,2,4,101.5,8.643,-6.696
751,2,3,4,101.5,11.77,-2.117
751,2,4,4,101.5,7.707,-2.793
751,3,1,2,282.1,-9.17,-2.658
751,3,2,2,282.1,-4.612,-5.521
752,1,1,2,101.7,-5.431,3.699
752,1,2,2,101.7,-10.327,6.985
752,2,1,3,14.2,5.048,-3.707
752,2,2,3,14.2,6.425,-1.443
752,2,3,3,14.2,7.846,1.032
752,3,1,1,246.0,1.693,5.881
753,1,1,1,139.1,14.096,1.419
753,2,1,5,148.8,1.753,-9.217
753,2,2,5,148.8,-0.129,-12.495
753,2,3,5,148.8,-0.9,-9.971
753,2,4,5,148.8,-1.797,-7.163
753,2,5,5,148.8,-3.804,-10.632
753,3,1,6,206.2,-2.286,9.521
753,3,2,6,206.2,-1.444,7.624
753,3,3,6,206.2,-0.692,5.884
753,3,4,6,206.2,-5.93,7.886
753,3,5,6,206.2,-5.261,6.012
753,3,6,6,206.2,-4.243,4.173
754,1,1,6,39.9,3.948,-5.126
754,1,2,6,39.9,2.641,-3.679
754,1,3,6,39.9,1.396,-2.036
754,1,4,6,39.9,6.941,-2.608
754,1,5,6,39.9,5.517,-0.98
754,1,6,6,39.9,4.321,0.488
754,2,1,6,144.6,-5.799,-8.987
754,2,2,6,144.6,-7.041,-10.434
754,2,3,6,144.6,-8.106,-12.058
754,2,4,6,144.6,-9.082,-6.68
754,2,5,6,144.6,-10.099,-8.397
754,2,6,6,144.6,-11.391,-9.952
754,3,1,2,202.7,15.855,8.702
754,3,2,2,202.7,13.674,3.565
755,1,1,4,113.8,-1.462,-1.257
755,1,2,4,113.8,-5.205,-2.902
755,1,3,4,113.8,-3.177,2.397
755,1,4,4,113.8,-6.835,0.735
755,2,1,1,129.1,-4.562,-12.043
755,3,1,4,156.4,14.88,-3.737
755,3,2,4,156.4,13.14,-7.183
755,3,3,4,156.4,11.238,-2.023
755,3,4,4,156.4,9.591,-5.843
756,1,1,2,351.9,-9.514,10.765
756,1,2,2,351.9,-5.189,14.161
756,2,1,5,264.6,3.915,9.351
756,2,2,5,264.6,7.894,8.879
756,2,3,5,264.6,6.024,7.114
756,2,4,5,264.6,3.417,5.512
756,2,5,5,264.6,7.628,4.884
756,3,1,1,346.1,-11.965,2.975
757,1,1,2,6.4,11.597,-2.061
757,1,2,2,6.4,14.876,2.368
757,2,1,5,41.8,-10.883,0.054
757,2,2,5,41.8,-13.589,2.76
757,2,3,5,41.8,-10.656,2.91
757,2,4,5,41.8,-7.897,2.586
757,2,5,5,41.8,-10.608,5.402
757,3,1,2,122.4,-6.385,-8.324
757,3,2,2,122.4,-11.966,-7.145
758,1,1,4,208.4,10.365,5.709
758,1,2,4,208.4,12.46,1.927
758,1,3,4,208.4,7.136,3.621
758,1,4,4,208.4,8.952,-0.038
758,2,1,4,84.4,0.698,-11.727
758,2,2,4,84.4,-3.119,-11.613
758,2,3,4,84.4,1.208,-8.026
758,2,4,4,84.4,-2.96,-7.626
758,3,1,4,333.4,6.327,-13.752
758,3,2,4,333.4,8.288,-9.963
758,3,3,4,333.4,9.853,-15.174
758,3,4,4,333.4,11.595,-11.91
759,1,1,3,271.8,11.257,10.259
759,1,2,3,271.8,13.276,8.313
759,1,3,3,271.8,15.31,6.543
759,2,1,5,340.4,-9.085,-2.224
759,2,2,5,340.4,-7.874,1.215
759,2,3,5,340.4,-6.622,-1.092
759,2,4,5,340.4,-5.404,-3.589
759,2,5,5,340.4,-4.221,0.141
759,3,1,1,252.8,-11.089,7.679
760,1,1,2,71.9,-2.926,-13.256
760,1,2,2,71.9,-5.728,-8.185
760,2,1,1,93.5,15.625,-3.244
760,3,1,1,63.4,-10.353,-0.387
761,1,1,5,58.2,-10.705,-13.195
761,1,2,5,58.2,-13.818,-11.023
761,1,3,5,58.2,-11.357,-10.532
761,1,4,5,58.2,-8.338,-9.846
761,1,5,5,58.2,-11.77,-7.836
761,2,1,3,253.0,-2.153,1.494
761,2,2,3,253.0,-0.683,-0.918
761,2,3,3,253.0,0.381,-3.54
761,3,1,3,263.6,-10.479,5.14
761,3,2,3,263.6,-8.787,2.85
761,3,3,3,263.6,-7.104,0.917
762,1,1,4,251.7,9.397,-7.811
762,1,2,4,251.7,13.112,-9.123
762,1,3,4,251.7,8.142,-11.506
762,1,4,4,251.7,11.77,-12.937
762,2,1,3,293.2,1.323,-0.669
762,2,2,3,293.2,4.105,-1.771
762,2,3,3,293.2,6.55,-2.97
762,3,1,6,201.4,-9.756,6.761
762,3,2,6,201.4,-9.015,5.052
762,3,3,6,201.4,-8.175,3.041
762,3,4,6,201.4,-13.196,5.349
762,3,5,6,201.4,-12.768,3.479
762,3,6,6,201.4,-11.959,1.621
763,1,1,6,328.3,1.59,-14.503
763,1,2,6,328.3,2.528,-13.025
763,1,3,6,328.3,3.822,-11.118
763,1,4,6,328.3,4.842,-16.607
763,1,5,6,328.3,5.718,-14.981
763,1,6,6,328.3,6.951,-13.347
763,2,1,3,206.3,4.541,12.521
763,2,2,3,206.3,3.757,9.811
763,2,3,3,206.3,2.638,6.885
763,3,1,6,337.7,-0.747,-0.03
763,3,2,6,337.7,0.311,1.855
763,3,3,6,337.7,0.801,3.752
763,3,4,6,337.7,3.187,-1.353
763,3,5,6,337.7,3.863,0.505
763,3,6,6,337.7,4.683,2.302
764,1,1,6,280.8,-15.629,-1.612
764,1,2,6,280.8,-13.681,-1.138
764,1,3,6,280.8,-11.741,-0.703
764,1,4,6,280.8,-15.009,-5.43
764,1,5,6,280.8,-12.9,-4.908
764,1,6,6,280.8,-10.955,-4.615
764,2,1,4,137.2,2.446,7.065
764,2,2,4,137.2,-0.261,4.15
764,2,3,4,137.2,-0.507,9.696
764,2,4,4,137.2,-3.293,6.665
764,3,1,1,83.8,8.239,-2.534
765,1,1,1,26.1,-10.991,1.21
765,2,1,5,115.2,3.702,14.98
765,2,2,5,115.2,0.084,13.333
765,2,3,5,115.2,0.816,15.81
765,2,4,5,115.2,1.925,18.677
765,2,5,5,115.2,-1.758,16.963
765,3,1,3,302.3,0.009,-1.737
765,3,2,3,302.3,2.73,-2.623
765,3,3,3,302.3,5.392,-3.308
766,1,1,5,292.2,-14.525,-8.726
766,1,2,5,292.2,-10.827,-7.097
766,1,3,5,292.2,-11.84,-9.52
766,1,4,5,292.2,-13.064,-12.326
766,1,5,5,292.2,-9.589,-10.843
766,2,1,3,142.6,17.591,-1.015
766,2,2,3,142.6,14.504,-1.575
766,2,3,3,142.6,11.587,-1.844
766,3,1,2,125.5,0.267,10.717
766,3,2,2,125.5,-5.553,11.683
767,1,1,3,86.7,-4.536,-5.214
767,1,2,3,86.7,-6.537,-3.155
767,1,3,3,86.7,-8.159,-1.086
767,2,1,6,64.0,3.933,12.397
767,2,2,6,64.0,2.121,13.229
767,2,3,6,64.0,0.186,14.166
767,2,4,6,64.0,5.541,15.895
767,2,5,6,64.0,3.751,16.911
767,2,6,6,64.0,1.959,17.777
767,3,1,2,24.5,-5.745,-13.702
767,3,2,2,24.5,-3.628,-8.582
768,1,1,4,72.2,-10.679,-4.688
768,1,2,4,72.2,-14.453,-3.121
768,1,3,4,72.2,-9.295,-0.585
768,1,4,4,72.2,-13.406,0.52
768,2,1,4,102.3,15.466,6.399
768,2,2,4,102.3,11.525,5.506
768,2,3,4,102.3,14.537,10.363
768,2,4,4,102.3,10.849,9.337
768,3,1,6,73.1,-5.434,1.931
768,3,2,6,73.1,-7.239,2.497
768,3,3,6,73.1,-9.059,3.139
768,3,4,6,73.1,-4.198,5.574
768,3,5,6,73.1,-6.105,6.36
768,3,6,6,73.1,-8.12,6.834
769,1,1,1,5.1,5.07,12.297
769,2,1,6,114.6,-1.309,-1.843
769,2,2,6,114.6,-2.942,-2.997
769,2,3,6,114.6,-4.808,-3.602
769,2,4,6,114.6,-2.989,1.479
769,2,5,6,114.6,-4.833,0.889
769,2,6,6,114.6,-6.428,0.207
769,3,1,1,132.4,11.093,-3.316
770,1,1,6,125.0,0.947,0.315
770,1,2,6,125.0,-0.94,-0.77
770,1,3,6,125.0,-2.57,-1.869
770,1,4,6,125.0,-1.282,3.663
770,1,5,6,125.0,-3.144,2.499
770,1,6,6,125.0,-4.569,1.368
770,2,1,6,226.8,-1.311,18.486
770,2,2,6,226.8,-0.152,17.22
770,2,3,6,226.8,1.651,15.828
770,2,4,6,226.8,-4.17,15.599
770,2,5,6,226.8,-2.615,14.237
770,2,6,6,226.8,-1.159,12.893
770,3,1,3,79.1,12.301,1.452
770,3,2,3,79.1,10.51,3.697
770,3,3,3,79.1,8.992,5.922
771,1,1,6,39.9,6.832,-12.646
771,1,2,6,39.9,5.575,-11.028
771,1,3,6,39.9,4.368,-9.556
771,1,4,6,39.9,9.825,-9.979
771,1,5,6,39.9,8.738,-8.435
771,1,6,6,39.9,7.39,-6.918
771,2,1,6,184.0,3.01,15.096
771,2,2,6,184.0,3.321,13.145
771,2,3,6,184.0,3.662,10.982
771,2,4,6,184.0,-0.776,14.648
771,2,5,6,184.0,-0.562,12.82
771,2,6,6,184.0,-0.349,10.702
771,3,1,2,183.2,-0.08,7.141
771,3,2,2,183.2,-3.666,2.913
772,1,1,3,221.7,1.786,16.459
772,1,2,3,221.7,1.544,13.429
772,1,3,3,221.7,1.256,10.517
772,2,1,3,105.1,0.427,-8.584
772,2,2,3,105.1,-1.976,-7.359
772,2,3,3,105.1,-4.511,-6.19
772,3,1,5,344.2,7.917,-8.428
772,3,2,5,344.2,8.871,-4.594
772,3,3,5,344.2,10.362,-6.848
772,3,4,5,344.2,11.756,-9.563
772,3,5,5,344.2,12.8,-5.727
773,1,1,5,328.6,-18.54,-2.151
773,1,2,5,328.6,-16.345,1.179
773,1,3,5,328.6,-15.967,-1.348
773,1,4,5,328.6,-15.245,-4.345
773,1,5,5,328.6,-13.171,-0.97
773,2,1,3,252.0,10.094,-7.407
773,2,2,3,252.0,11.384,-10.179
773,2,3,3,252.0,12.557,-12.36
773,3,1,1,55.5,-6.102,4.638
774,1,1,2,120.6,17.402,1.359
774,1,2,2,120.6,11.889,2.631
774,2,1,4,187.0,-1.402,-5.465
774,2,2,4,187.0,-1.033,-9.276
774,2,3,4,187.0,-5.72,-5.9
774,2,4,4,187.0,-5.086,-9.889
774,3,1,6,111.7,-1.429,12.416
774,3,2,6,111.7,-3.29,12.294
774,3,3,6,111.7,-5.064,11.38
774,3,4,6,111.7,-2.924,16.723
774,3,5,6,111.7,-4.698,15.717
774,3,6,6,111.7,-6.684,15.008
775,1,1,4,334.8,-1.119,-13.828
775,1,2,4,334.8,0.635,-10.445
775,1,3,4,334.8,2.372,-15.656
775,1,4,4,334.8,4.115,-12.041
775,2,1,3,117.3,-0.936,3.618
775,2,2,3,117.3,-3.67,4.615
775,2,3,3,117.3,-6.578,5.44
775,3,1,4,236.9,7.824,0.145
775,3,2,4,236.9,11.063,-1.927
775,3,3,4,236.9,5.618,-3.153
775,3,4,4,236.9,8.902,-5.164
776,1,1,6,2.8,-4.424,-12.759
776,1,2,6,2.8,-4.466,-10.959
776,1,3,6,2.8,-4.603,-8.912
776,1,4,6,2.8,-0.372,-12.726
776,1,5,6,2.8,-0.394,-10.77
776,1,6,6,2.8,-0.58,-8.565
776,2,1,4,342.0,4.793,-15.171
776,2,2,4,342.0,5.98,-11.135
776,2,3,4,342.0,8.627,-15.923
776,2,4,4,342.0,9.759,-12.13
776,3,1,1,7.2,-15.248,0.291
777,1,1,1,213.9,14.254,-3.385
777,2,1,5,261.3,-12.368,2.174
777,2,2,5,261.3,-8.784,1.678
777,2,3,5,261.3,-10.91,-0.124
777,2,4,5,261.3,-13.008,-1.718
777,2,5,5,261.3,-9.433,-2.541
777,3,1,5,308.7,0.727,-7.261
777,3,2,5,308.7,3.586,-4.795
777,3,3,5,308.7,3.519,-7.44
777,3,4,5,308.7,3.25,-10.397
777,3,5,5,308.7,6.275,-7.879
778,1,1,3,349.4,-6.083,3.117
778,1,2,3,349.4,-3.631,4.728
778,1,3,3,349.4,-1.434,6.149
778,2,1,2,333.0,-16.563,-0.662
778,2,2,2,333.0,-11.102,1.123
778,3,1,5,62.9,10.49,-6.623
778,3,2,5,62.9,6.929,-4.779
778,3,3,5,62.9,9.691,-4.007
778,3,4,5,62.9,12.338,-3.032
778,3,5,5,62.9,8.78,-1.085
779,1,1,2,73.4,5.864,-13.496
779,1,2,2,73.4,3.218,-8.511
779,2,1,1,148.8,0.046,9.201
779,3,1,1,9.9,-9.745,-7.326
780,1,1,1,81.5,-9.945,2.779
780,2,1,2,7.6,1.388,6.41
780,2,2,2,7.6,4.86,10.937
780,3,1,5,314.6,1.585,-9.575
780,3,2,5,314.6,4.471,-6.77
780,3,3,5,314.6,4.452,-9.586
780,3,4,5,314.6,4.35,-12.501
780,3,5,5,314.6,7.216,-9.653
781,1,1,3,339.6,4.836,-14.218
781,1,2,3,339.6,7.603,-13.091
781,1,3,3,339.6,9.98,-11.967
781,2,1,3,172.0,-7.488,9.739
781,2,2,3,172.0,-9.75,7.918
781,2,3,3,172.0,-12.069,6.288
781,3,1,4,257.6,5.838,2.499
781,3,2,4,257.6,9.856,1.841
781,3,3,4,257.6,4.844,-1.053
781,3,4,4,257.6,8.935,-2.14
782,1,1,4,193.1,-2.111,-8.963
782,1,2,4,193.1,-1.376,-12.89
782,1,3,4,193.1,-6.093,-10.009
782,1,4,4,193.1,-5.312,-13.865
782,2,1,6,256.8,12.234,-0.566
782,2,2,6,256.8,14.322,-1.122
782,2,3,6,256.8,16.354,-1.591
782,2,4,6,256.8,11.582,-4.573
782,2,5,6,256.8,13.485,-5.115
782,2,6,6,256.8,15.329,-5.345
782,3,1,6,227.6,3.007,16.638
782,3,2,6,227.6,4.599,15.311
782,3,3,6,227.6,5.897,13.864
782,3,4,6,227.6,0.413,13.687
782,3,5,6,227.6,1.647,12.589
782,3,6,6,227.6,3.228,11.111
783,1,1,2,354.8,-6.265,11.12
783,1,2,2,354.8,-1.932,14.726
783,2,1,3,34.4,-14.049,-3.625
783,2,2,3,34.4,-13.592,-0.926
783,2,3,3,34.4,-13.037,2.019
783,3,1,1,203.6,2.527,-6.754
784,1,1,5,218.0,7.085,2.047
784,1,2,5,218.0,9.666,-1.109
784,1,3,5,218.0,6.709,-0.74
784,1,4,5,218.0,4.01,-0.37
784,1,5,5,218.0,6.472,-3.568
784,2,1,3,250.2,-3.55,-4.204
784,2,2,3,250.2,-2.243,-6.59
784,2,3,3,250.2,-0.904,-9.161
784,3,1,5,77.0,17.329,-2.386
784,3,2,5,77.0,13.395,-1.519
784,3,3,5,77.0,15.776,-0.033
784,3,4,5,77.0,18.164,1.524
784,3,5,5,77.0,14.172,2.448
785,1,1,6,33.3,-3.504,-15.417
785,1,2,6,33.3,-4.572,-13.786
785,1,3,6,33.3,-5.707,-12.182
785,1,4,6,33.3,-0.183,-13.293
785,1,5,6,33.3,-1.276,-11.428
785,1,6,6,33.3,-2.364,-9.766
785,2,1,2,110.8,8.432,12.214
785,2,2,2,110.8,3.231,14.535
785,3,1,5,194.1,-8.53,5.985
785,3,2,5,194.1,-7.726,2.253
785,3,3,5,194.1,-10.143,3.622
785,3,4,5,194.1,-12.492,5.093
785,3,5,5,194.1,-11.501,1.067
786,1,1,5,249.8,1.687,7.726
786,1,2,5,249.8,5.453,6.128
786,1,3,5,249.8,3.101,5.096
786,1,4,5,249.8,0.298,3.957
786,1,5,5,249.8,3.963,2.684
786,2,1,3,252.2,-0.285,17.704
786,2,2,3,252.2,1.115,15.176
786,2,3,3,252.2,2.5,12.68
786,3,1,2,305.5,-12.132,3.324
786,3,2,2,305.5,-6.518,2.349
787,1,1,3,340.6,-12.499,3.185
787,1,2,3,340.6,-9.923,4.192
787,1,3,3,340.6,-7.327,5.498
787,2,1,6,209.1,2.581,1.732
787,2,2,6,209.1,3.483,0.145
787,2,3,6,209.1,4.535,-1.669
787,2,4,6,209.1,-0.785,-0.082
787,2,5,6,209.1,0.222,-1.866
787,2,6,6,209.1,1.196,-3.692
787,3,1,4,237.7,-8.249,-8.356
787,3,2,4,237.7,-4.871,-10.42
787,3,3,4,237.7,-10.469,-11.806
787,3,4,4,237.7,-7.142,-14.004
788,1,1,1,177.4,-9.325,-0.682
788,2,1,6,19.1,13.485,-3.613
788,2,2,6,19.1,12.791,-1.583
788,2,3,6,19.1,12.233,0.072
788,2,4,6,19.1,17.359,-2.333
788,2,5,6,19.1,16.568,-0.399
788,2,6,6,19.1,15.99,1.581
788,3,1,1,162.8,3.532,-0.695
789,1,1,3,208.0,11.842,11.368
789,1,2,3,208.0,11.006,8.614
789,1,3,3,208.0,10.126,6.165
789,2,1,3,193.1,-8.764,-6.743
789,2,2,3,193.1,-10.594,-9.098
789,2,3,3,193.1,-12.086,-11.547
789,3,1,3,232.4,-4.436,-12.321
789,3,2,3,232.4,-4.152,-15.193
789,3,3,3,232.4,-3.572,-17.906
790,1,1,5,143.2,13.031,4.086
790,1,2,5,143.2,10.473,1.022
790,1,3,5,143.2,10.018,3.744
790,1,4,5,143.2,9.771,6.427
790,1,5,5,143.2,7.386,3.133
790,2,1,5,15.1,-1.38,11.251
790,2,2,5,15.1,-2.361,15.02
790,2,3,5,15.1,0.027,13.811
790,2,4,5,15.1,2.43,12.389
790,2,5,5,15.1,1.541,16.145
790,3,1,1,195.5,2.315,0.778
791,1,1,5,118.5,11.507,-0.217
791,1,2,5,118.5,8.147,-2.265
791,1,3,5,118.5,8.951,0.7
791,1,4,5,118.5,9.683,3.345
791,1,5,5,118.5,6.329,1.473
791,2,1,6,259.8,-6.361,13.676
791,2,2,6,259.8,-4.507,13.239
791,2,3,6,259.8,-2.493,12.967
791,2,4,6,259.8,-6.934,9.585
791,2,5,6,259.8,-5.297,9.283
791,2,6,6,259.8,-3.139,8.94
791,3,1,6,92.9,6.877,11.95
791,3,2,6,92.9,5.14,11.609
791,3,3,6,92.9,2.982,11.569
791,3,4,6,92.9,7.013,15.723
791,3,5,6,92.9,4.754,15.574
791,3,6,6,92.9,2.752,15.697
792,1,1,1,159.2,1.913,-4.858
792,2,1,6,192.7,-3.454,1.9
792,2,2,6,192.7,-2.924,-0.201
792,2,3,6,192.7,-2.611,-1.966
792,2,4,6,192.7,-7.358,1.039
792,2,5,6,192.7,-6.693,-1.019
792,2,6,6,192.7,-6.466,-2.85
792,3,1,2,193.0,12.687,-7.966
792,3,2,2,193.0,9.627,-12.82
793,1,1,6,232.0,-12.173,2.02
793,1,2,6,232.0,-10.708,1.157
793,1,3,6,232.0,-8.778,-0.195
793,1,4,6,232.0,-14.616,-0.834
793,1,5,6,232.0,-13.225,-2.179
793,1,6,6,232.0,-11.584,-3.527
793,2,1,3,301.0,-5.116,0.04
793,2,2,3,301.0,-2.174,-0.35
793,2,3,3,301.0,0.378,-1.269
793,3,1,3,112.9,8.361,-10.656
793,3,2,3,112.9,5.617,-9.726
793,3,3,3,112.9,2.918,-8.669
794,1,1,2,222.3,-0.171,1.564
794,1,2,2,222.3,-0.411,-4.049
794,2,1,1,9.8,2.206,13.792
794,3,1,2,46.6,-11.522,-9.605
794,3,2,2,46.6,-11.698,-3.948
795,1,1,2,339.5,-2.443,-2.148
795,1,2,2,339.5,2.855,-0.05
795,2,1,1,324.7,8.445,11.492
795,3,1,3,197.1,0.246,14.115
795,3,2,3,197.1,-1.258,11.473
795,3,3,3,197.1,-2.528,8.849
796,1,1,5,300.7,1.053,-7.004
796,1,2,5,300.7,4.291,-4.981
796,1,3,5,300.7,3.829,-7.745
796,1,4,5,300.7,2.907,-10.48
796,1,5,5,300.7,6.479,-8.316
796,2,1,6,157.0,0.447,10.077
796,2,2,6,157.0,-0.318,8.553
796,2,3,6,157.0,-1.037,6.674
796,2,4,6,157.0,-3.127,11.776
796,2,5,6,157.0,-4.036,9.861
796,2,6,6,157.0,-4.987,8.097
796,3,1,1,39.8,9.682,9.742
797,1,1,3,322.0,-10.876,4.417
797,1,2,3,322.0,-8.115,4.683
797,1,3,3,322.0,-5.423,4.956
797,2,1,5,275.1,5.013,-7.519
797,2,2,5,275.1,8.88,-7.332
797,2,3,5,275.1,7.347,-9.278
797,2,4,5,275.1,5.401,-11.757
797,2,5,5,275.1,9.254,-11.341
797,3,1,4,332.1,-6.871,-8.047
797,3,2,4,332.1,-4.977,-4.552
797,3,3,4,332.1,-3.353,-9.827
797,3,4,4,332.1,-1.58,-6.373
798,1,1,6,3.5,-1.045,-5.18
798,1,2,6,3.5,-1.468,-3.206
798,1,3,6,3.5,-1.583,-1.381
798,1,4,6,3.5,2.725,-4.935
798,1,5,6,3.5,2.697,-3.061
798,1,6,6,3.5,2.588,-1.042
798,2,1,5,22.4,-10.147,10.029
798,2,2,5,22.4,-11.45,13.562
798,2,3,5,22.4,-8.969,12.484
798,2,4,5,22.4,-6.302,11.602
798,2,5,5,22.4,-7.855,15.196
798,3,1,2,126.3,12.651,-9.789
798,3,2,2,126.3,7.21,-8.993
799,1,1,6,336.0,-18.369,0.295
799,1,2,6,336.0,-17.445,2.19
799,1,3,6,336.0,-16.723,3.977
799,1,4,6,336.0,-14.579,-0.984
799,1,5,6,336.0,-13.802,0.413
799,1,6,6,336.0,-13.047,2.28
799,2,1,1,293.0,-7.817,3.946
799,3,1,2,218.2,12.44,-4.866
799,3,2,2,218.2,11.81,-10.492
800,1,1,1,153.3,-7.854,-1.72
800,2,1,6,17.9,9.48,8.409
800,2,2,6,17.9,8.938,9.977
800,2,3,6,17.9,8.048,11.817
800,2,4,6,17.9,13.243,9.539
800,2,5,6,17.9,12.648,11.353
800,2,6,6,17.9,12.206,13.022
800,3,1,2,45.0,13.537,-10.281
800,3,2,2,45.0,13.432,-4.646
801,1,1,4,47.4,11.065,8.439
801,1,2,4,47.4,8.167,11.12
801,1,3,4,47.4,13.855,11.248
801,1,4,4,47.4,10.869,14.19
801,2,1,1,160.0,-3.409,5.995
801,3,1,5,186.5,-10.661,11.145
801,3,2,5,186.5,-10.725,6.9
801,3,3,5,186.5,-12.687,8.784
801,3,4,5,186.5,-15.004,10.415
801,3,5,5,186.5,-14.302,6.598
802,1,1,6,39.5,5.83,-9.784
802,1,2,6,39.5,4.716,-8.097
802,1,3,6,39.5,3.455,-6.683
802,1,4,6,39.5,8.955,-7.221
802,1,5,6,39.5,7.657,-5.764
802,1,6,6,39.5,6.242,-4.067
802,2,1,6,113.2,-0.927,2.402
802,2,2,6,113.2,-2.697,1.527
802,2,3,6,113.2,-4.478,0.773
802,2,4,6,113.2,-2.531,5.891
802,2,5,6,113.2,-4.326,5.222
802,2,6,6,113.2,-6.109,4.249
802,3,1,1,180.9,-12.69,-7.774
803,1,1,6,263.7,4.17,4.22
803,1,2,6,263.7,6.072,3.858
803,1,3,6,263.7,8.062,3.864
803,1,4,6,263.7,3.651,0.173
803,1,5,6,263.7,5.503,0.092
803,1,6,6,263.7,7.55,-0.224
803,2,1,6,286.5,-16.688,-0.871
803,2,2,6,286.5,-14.821,-0.343
803,2,3,6,286.5,-12.873,0.179
803,2,4,6,286.5,-15.522,-4.886
803,2,5,6,286.5,-13.747,-4.216
803,2,6,6,286.5,-12.033,-3.788
803,3,1,1,347.1,7.41,-11.804
804,1,1,3,5.8,-3.553,6.95
804,1,2,3,5.8,-1.583,9.262
804,1,3,3,5.8,0.02,11.449
804,2,1,1,318.8,6.141,-12.76
804,3,1,2,268.3,-6.827,-2.869
804,3,2,2,268.3,-3.087,-6.909
805,1,1,6,216.2,-0.167,16.892
805,1,2,6,216.2,0.789,15.265
805,1,3,6,216.2,2.003,13.473
805,1,4,6,216.2,-3.477,14.389
805,1,5,6,216.2,-2.294,12.788
805,1,6,6,216.2,-1.189,11.207
805,2,1,3,54.0,3.651,-7.472
805,2,2,3,54.0,3.406,-4.793
805,2,3,3,54.0,2.923,-2.064
805,3,1,2,131.9,-5.674,0.111
805,3,2,2,131.9,-11.463,0.553
806,1,1,3,353.1,-17.101,-3.482
806,1,2,3,353.1,-14.711,-1.822
806,1,3,3,353.1,-12.496,-0.075
806,2,1,4,211.6,0.281,-4.001
806,2,2,4,211.6,2.475,-7.468
806,2,3,4,211.6,-3.007,-6.06
806,2,4,4,211.6,-0.776,-9.709
806,3,1,1,147.6,15.484,0.499
807,1,1,2,120.6,-12.21,-2.569
807,1,2,2,120.6,-17.593,-1.167
807,2,1,4,194.1,3.552,12.259
807,2,2,4,194.1,4.504,8.402
807,2,3,4,194.1,-0.305,11.359
807,2,4,4,194.1,0.709,7.399
807,3,1,2,282.3,-8.471,5.945
807,3,2,2,282.3,-3.733,2.686
808,1,1,5,197.9,5.506,10.483
808,1,2,5,197.9,6.966,6.953
808,1,3,5,197.9,4.259,8.061
808,1,4,5,197.9,1.771,9.512
808,1,5,5,197.9,2.957,5.781
808,2,1,1,208.5,14.372,3.069
808,3,1,4,224.3,-3.13,-5.2
808,3,2,4,224.3,-0.499,-7.903
808,3,3,4,224.3,-5.959,-7.887
808,3,4,4,224.3,-3.29,-10.804
809,1,1,3,74.9,-3.5,0.758
809,1,2,3,74.9,-4.881,3.344
809,1,3,3,74.9,-6.478,5.806
809,2,1,4,194.3,5.633,9.654
809,2,2,4,194.3,6.485,5.626
809,2,3,4,194.3,1.768,8.498
809,2,4,4,194.3,2.738,4.78
809,3,1,3,198.8,13.176,4.98
809,3,2,3,198.8,11.915,2.462
809,3,3,3,198.8,10.726,-0.018
810,1,1,5,61.5,1.852,1.434
810,1,2,5,61.5,-1.753,3.33
810,1,3,5,61.5,1.125,4.265
810,1,4,5,61.5,3.898,5.033
810,1,5,5,61.5,0.524,6.846
810,2,1,4,212.0,-7.424,6.933
810,2,2,4,212.0,-5.223,3.319
810,2,3,4,212.0,-10.611,4.697
810,2,4,4,212.0,-8.471,1.152
810,3,1,3,11.8,5.171,8.699
810,3,2,3,11.8,6.46,11.102
810,3,3,3,11.8,8.176,13.794
811,1,1,2,289.6,-6.687,12.827
811,1,2,2,289.6,-1.378,10.513
811,2,1,6,263.8,10.978,-4.642
811,2,2,6,263.8,13.124,-4.891
811,2,3,6,263.8,15.155,-5.275
811,2,4,6,263.8,10.721,-8.682
811,2,5,6,263.8,12.741,-8.899
811,2,6,6,263.8,14.864,-9.092
811,3,1,3,67.9,3.428,-18.284
811,3,2,3,67.9,2.413,-15.626
811,3,3,3,67.9,1.077,-12.976
812,1,1,3,157.9,4.89,0.865
812,1,2,3,157.9,2.251,-0.453
812,1,3,3,157.9,-0.203,-1.384
812,2,1,1,93.8,-8.994,1.587
812,3,1,3,247.8,7.187,-10.402
812,3,2,3,247.8,8.684,-13.223
812,3,3,3,247.8,9.459,-15.828
813,1,1,3,171.2,-0.581,-4.022
813,1,2,3,171.2,-2.948,-5.985
813,1,3,3,171.2,-5.026,-7.553
813,2,1,3,155.6,13.917,1.353
813,2,2,3,155.6,11.334,0.065
813,2,3,3,155.6,8.502,-0.804
813,3,1,5,122.9,-5.861,4.413
813,3,2,5,122.9,-9.021,2.122
813,3,3,5,122.9,-8.469,4.924
813,3,4,5,122.9,-8.091,7.722
813,3,5,5,122.9,-11.189,5.455
814,1,1,1,13.8,-14.781,4.329
814,2,1,6,69.9,-6.497,8.678
814,2,2,6,69.9,-8.562,9.631
814,2,3,6,69.9,-10.395,10.126
814,2,4,6,69.9,-5.36,12.397
814,2,5,6,69.9,-7.258,13.325
814,2,6,6,69.9,-8.987,14.061
814,3,1,5,221.9,3.888,9.649
814,3,2,5,221.9,6.558,6.541
814,3,3,5,221.9,3.735,7.036
814,3,4,5,221.9,0.938,6.999
814,3,5,5,221.9,3.606,4.031
815,1,1,2,180.2,-7.492,11.98
815,1,2,2,180.2,-11.456,8.193
815,2,1,2,110.1,-12.173,-4.425
815,2,2,2,110.1,-17.388,-2.058
815,3,1,3,111.9,6.651,14.252
815,3,2,3,111.9,4.138,15.514
815,3,3,3,111.9,1.442,16.477
816,1,1,3,25.8,-5.981,8.627
816,1,2,3,25.8,-5.074,11.402
816,1,3,3,25.8,-4.158,13.947
816,2,1,2,294.0,-6.869,0.177
816,2,2,2,294.0,-1.487,-1.947
816,3,1,6,77.7,8.067,8.789
816,3,2,6,77.7,5.826,9.278
816,3,3,6,77.7,3.974,9.476
816,3,4,6,77.7,8.644,12.738
816,3,5,6,77.7,6.953,12.947
816,3,6,6,77.7,4.946,13.47
817,1,1,6,66.9,-14.048,0.432
817,1,2,6,66.9,-15.686,1.263
817,1,3,6,66.9,-17.612,1.711
817,1,4,6,66.9,-12.388,4.094
817,1,5,6,66.9,-14.252,4.964
817,1,6,6,66.9,-16.106,5.79
817,2,1,2,305.5,0.92,12.416
817,2,2,2,305.5,6.473,11.323
817,3,1,6,109.5,11.422,-7.845
817,3,2,6,109.5,9.522,-8.343
817,3,3,6,109.5,7.738,-8.794
817,3,4,6,109.5,10.094,-3.788
817,3,5,6,109.5,8.136,-4.698
817,3,6,6,109.5,6.114,-5.393
818,1,1,4,254.3,-3.675,5.481
818,1,2,4,254.3,0.12,4.312
818,1,3,4,254.3,-4.973,1.548
818,1,4,4,254.3,-0.794,0.373
818,2,1,5,242.6,-7.876,-2.019
818,2,2,5,242.6,-4.211,-3.79
818,2,3,5,242.6,-6.878,-4.625
818,2,4,5,242.6,-9.575,-5.348
818,2,5,5,242.6,-6.033,-7.371
818,3,1,2,307.1,-18.146,-2.566
818,3,2,2,307.1,-12.593,-3.336
819,1,1,4,69.1,3.497,-15.99
819,1,2,4,69.1,-0.282,-14.714
819,1,3,4,69.1,4.976,-12.306
819,1,4,4,69.1,1.18,-10.823
819,2,1,1,325.9,-12.937,5.437
819,3,1,4,314.9,8.7,9.762
819,3,2,4,314.9,11.425,12.788
819,3,3,4,314.9,11.467,7.222
819,3,4,4,314.9,14.061,9.84
820,1,1,1,138.7,6.286,4.802
820,2,1,5,234.4,3.574,17.009
820,2,2,5,234.4,6.914,14.743
820,2,3,5,234.4,3.975,14.335
820,2,4,5,234.4,1.092,13.969
820,2,5,5,234.4,4.575,11.607
820,3,1,2,111.4,-0.764,-12.51
820,3,2,2,111.4,-5.894,-10.524
821,1,1,6,19.7,-11.414,-0.434
821,1,2,6,19.7,-12.247,1.507
821,1,3,6,19.7,-12.875,3.228
821,1,4,6,19.7,-7.818,0.919
821,1,5,6,19.7,-8.507,2.81
821,1,6,6,19.7,-9.032,4.688
821,2,1,2,124.5,6.185,-15.033
821,2,2,2,124.5,0.714,-13.923
821,3,1,2,150.5,10.448,0.689
821,3,2,2,150.5,4.751,-0.632
822,1,1,3,222.4,-11.716,12.524
822,1,2,3,222.4,-11.896,9.717
822,1,3,3,222.4,-12.106,6.697
822,2,1,6,69.9,15.406,0.698
822,2,2,6,69.9,13.445,1.467
822,2,3,6,69.9,11.714,2.136
822,2,4,6,69.9,16.801,4.6
822,2,5,6,69.9,14.99,5.337
822,2,6,6,69.9,13.122,5.944
822,3,1,4,93.1,4.861,11.966
822,3,2,4,93.1,0.899,11.769
822,3,3,4,93.1,4.597,16.013
822,3,4,4,93.1,0.595,15.805
823,1,1,5,296.4,-15.892,9.886
823,1,2,5,296.4,-12.108,11.736
823,1,3,5,296.4,-13.216,8.984
823,1,4,5,296.4,-14.146,6.426
823,1,5,5,296.4,-10.361,8.08
823,2,1,3,20.0,2.638,-6.002
823,2,2,3,20.0,3.806,-3.452
823,2,3,3,20.0,5.161,-0.967
823,3,1,5,189.6,1.948,16.937
823,3,2,5,189.6,2.563,12.983
823,3,3,5,189.6,0.356,14.539
823,3,4,5,189.6,-2.083,16.142
823,3,5,5,189.6,-1.409,12.133
824,1,1,3,243.0,-5.902,2.925
824,1,2,3,243.0,-5.238,0.292
824,1,3,3,243.0,-4.153,-2.494
824,2,1,2,292.9,-7.447,-13.762
824,2,2,2,292.9,-2.052,-15.893
824,3,1,4,116.6,-6.38,-7.774
824,3,2,4,116.6,-10.112,-9.856
824,3,3,4,116.6,-8.215,-4.237
824,3,4,4,116.6,-11.538,-6.088
825,1,1,4,115.5,-2.947,5.426
825,1,2,4,115.5,-6.73,3.654
825,1,3,4,115.5,-4.844,8.97
825,1,4,4,115.5,-8.537,7.071
825,2,1,1,186.0,-1.122,-8.313
825,3,1,1,230.1,12.656,-7.143
826,1,1,6,345.0,10.231,-10.017
826,1,2,6,345.0,10.904,-8.017
826,1,3,6,345.0,11.457,-5.956
826,1,4,6,345.0,14.303,-10.94
826,1,5,6,345.0,14.688,-9.07
826,1,6,6,345.0,15.012,-6.986
826,2,1,6,312.7,-17.905,1.328
826,2,2,6,312.7,-16.423,2.811
826,2,3,6,312.7,-14.806,3.89
826,2,4,6,312.7,-15.103,-1.561
826,2,5,6,312.7,-13.767,-0.359
826,2,6,6,312.7,-12.089,1.124
826,3,1,3,192.3,-0.723,3.365
826,3,2,3,192.3,-2.226,1.008
826,3,3,3,192.3,-3.762,-1.255
827,1,1,5,167.7,14.972,-0.875
827,1,2,5,167.7,13.956,-4.606
827,1,3,5,167.7,12.552,-2.31
827,1,4,5,167.7,11.0,0.007
827,1,5,5,167.7,10.34,-3.883
827,2,1,1,320.4,6.44,9.937
827,3,1,5,232.0,1.641,-1.294
827,3,2,5,232.0,4.876,-3.671
827,3,3,5,232.0,2.048,-4.05
827,3,4,5,232.0,-0.796,-4.385
827,3,5,5,232.0,2.232,-7.005
828,1,1,4,55.2,-3.284,-17.363
828,1,2,4,55.2,-6.675,-15.202
828,1,3,4,55.2,-1.09,-13.947
828,1,4,4,55.2,-4.387,-11.933
828,2,1,6,113.7,6.088,6.823
828,2,2,6,113.7,4.301,6.15
828,2,3,6,113.7,2.616,5.168
828,2,4,6,113.7,4.587,10.623
828,2,5,6,113.7,2.823,9.795
828,2,6,6,113.7,0.973,8.879
828,3,1,1,200.7,-6.737,-0.249
829,1,1,3,164.3,10.669,-3.8
829,1,2,3,164.3,8.325,-5.265
829,1,3,3,164.3,5.675,-6.737
829,2,1,6,279.4,-6.187,-0.243
829,2,2,6,279.4,-4.262,0.353
829,2,3,6,279.4,-2.283,0.509
829,2,4,6,279.4,-5.489,-3.972
829,2,5,6,279.4,-3.641,-3.711
829,2,6,6,279.4,-1.635,-3.163
829,3,1,4,279.1,-4.989,12.256
829,3,2,4,279.1,-1.173,12.812
829,3,3,4,279.1,-4.232,8.351
829,3,4,4,279.1,-0.395,8.939
830,1,1,4,276.5,-8.601,-12.788
830,1,2,4,276.5,-4.888,-12.316
830,1,3,4,276.5,-7.953,-16.807
830,1,4,4,276.5,-4.162,-16.32
830,2,1,6,104.0,5.775,5.986
830,2,2,6,104.0,3.785,5.541
830,2,3,6,104.0,1.643,4.931
830,2,4,6,104.0,4.581,9.741
830,2,5,6,104.0,2.608,9.222
830,2,6,6,104.0,0.955,8.765
830,3,1,2,18.5,-15.931,-2.899
830,3,2,2,18.5,-13.222,2.234
831,1,1,6,58.0,14.842,3.71
831,1,2,6,58.0,13.339,4.956
831,1,3,6,58.0,11.705,6.025
831,1,4,6,58.0,16.999,7.071
831,1,5,6,58.0,15.388,8.191
831,1,6,6,58.0,13.776,9.277
831,2,1,1,31.3,-2.973,11.371
831,3,1,3,317.1,-7.893,-10.457
831,3,2,3,317.1,-4.98,-10.161
831,3,3,3,317.1,-1.965,-10.284
832,1,1,6,141.7,13.967,6.517
832,1,2,6,141.7,12.556,4.677
832,1,3,6,141.7,11.366,3.246
832,1,4,6,141.7,10.796,8.941
832,1,5,6,141.7,9.43,7.471
832,1,6,6,141.7,8.365,5.585
832,2,1,4,352.5,-9.302,0.89
832,2,2,4,352.5,-8.761,4.915
832,2,3,4,352.5,-5.465,0.437
832,2,4,4,352.5,-4.813,4.461
832,3,1,6,103.3,3.251,-7.266
832,3,2,6,103.3,1.038,-7.546
832,3,3,6,103.3,-0.649,-8.125
832,3,4,6,103.3,2.505,-3.201
832,3,5,6,103.3,0.148,-3.672
832,3,6,6,103.3,-1.387,-4.275
833,1,1,4,110.4,15.767,-7.366
833,1,2,4,110.4,12.021,-8.881
833,1,3,4,110.4,14.393,-3.492
833,1,4,4,110.4,10.719,-5.012
833,2,1,3,225.7,-8.828,-3.616
833,2,2,3,225.7,-8.87,-6.538
833,2,3,3,225.7,-8.848,-9.15
833,3,1,4,106.5,1.795,-10.307
833,3,2,4,106.5,-2.115,-11.25
833,3,3,4,106.5,0.703,-6.416
833,3,4,4,106.5,-3.019,-7.483
834,1,1,2,137.8,-6.078,7.391
834,1,2,2,137.8,-11.674,7.256
834,2,1,1,319.3,-0.366,-12.706
834,3,1,4,346.0,-10.889,-3.426
834,3,2,4,346.0,-9.731,0.293
834,3,3,4,346.0,-6.876,-4.713
834,3,4,4,346.0,-5.91,-0.67
835,1,1,3,57.2,-1.944,2.238
835,1,2,3,57.2,-2.439,4.804
835,1,3,3,57.2,-3.308,7.719
835,2,1,4,225.4,-3.876,-0.808
835,2,2,4,225.4,-0.853,-3.569
835,2,3,4,225.4,-6.585,-3.608
835,2,4,4,225.4,-3.873,-6.291
835,3,1,3,268.7,-5.447,-10.097
835,3,2,3,268.7,-3.486,-11.985
835,3,3,3,268.7,-1.539,-14.112
836,1,1,2,223.2,-7.925,-6.469
836,1,2,2,223.2,-8.094,-12.216
836,2,1,3,313.5,-5.285,8.01
836,2,2,3,313.5,-2.309,8.088
836,2,3,3,313.5,0.459,7.792
836,3,1,3,317.2,3.844,5.692
836,3,2,3,317.2,6.745,5.641
836,3,3,3,317.2,9.478,5.967
837,1,1,3,217.5,-5.943,13.795
837,1,2,3,217.5,-6.289,10.808
837,1,3,3,217.5,-6.501,8.025
837,2,1,6,290.7,-4.418,2.029
837,2,2,6,290.7,-2.727,2.778
837,2,3,6,290.7,-0.642,3.698
837,2,4,6,290.7,-2.962,-1.664
837,2,5,6,290.7,-1.187,-0.779
837,2,6,6,290.7,0.743,-0.271
837,3,1,1,5.1,-12.193,-10.247
838,1,1,1,330.8,4.417,-0.243
838,2,1,4,3.6,-14.369,2.653
838,2,2,4,3.6,-14.57,6.8
838,2,3,4,3.6,-10.582,3.062
838,2,4,4,3.6,-10.573,6.944
838,3,1,2,127.1,10.113,7.135
838,3,2,2,127.1,4.528,7.784
839,1,1,5,170.7,11.548,-10.199
839,1,2,5,170.7,10.856,-14.185
839,1,3,5,170.7,9.361,-12.119
839,1,4,5,170.7,7.643,-9.551
839,1,5,5,170.7,6.954,-13.478
839,2,1,5,225.7,-3.567,-11.403
839,2,2,5,225.7,-0.78,-14.226
839,2,3,5,225.7,-3.378,-14.399
839,2,4,5,225.7,-6.39,-14.347
839,2,5,5,225.7,-3.595,-16.944
839,3,1,3,345.2,5.402,9.327
839,3,2,3,345.2,7.717,10.653
839,3,3,3,345.2,10.142,12.239
840,1,1,3,236.2,8.481,0.634
840,1,2,3,236.2,9.102,-2.38
840,1,3,3,236.2,9.434,-5.295
840,2,1,2,337.7,-7.692,-14.745
840,2,2,2,337.7,-2.569,-12.61
840,3,1,6,186.0,-10.594,-1.292
840,3,2,6,186.0,-10.382,-3.273
840,3,3,6,186.0,-10.33,-5.337
840,3,4,6,186.0,-14.639,-1.494
840,3,5,6,186.0,-14.419,-3.605
840,3,6,6,186.0,-14.12,-5.641
841,1,1,1,121.9,-5.243,-10.655
841,2,1,5,52.3,4.076,-15.085
841,2,2,5,52.3,0.723,-12.403
841,2,3,5,52.3,3.606,-12.214
841,2,4,5,52.3,6.482,-11.776
841,2,5,5,52.3,3.214,-9.34
841,3,1,1,230.2,-4.973,5.007
842,1,1,3,94.4,3.65,-1.476
842,1,2,3,94.4,1.635,0.135
842,1,3,3,94.4,-0.366,2.191
842,2,1,6,229.8,3.514,13.159
842,2,2,6,229.8,5.031,11.78
842,2,3,6,229.8,6.692,10.439
842,2,4,6,229.8,1.058,10.067
842,2,5,6,229.8,2.501,8.724
842,2,6,6,229.8,4.129,7.5
842,3,1,3,51.8,-4.426,9.796
842,3,2,3,51.8,-4.906,12.47
842,3,3,3,51.8,-5.328,15.173
843,1,1,1,329.8,7.339,-5.763
843,2,1,4,228.3,-8.373,7.524
843,2,2,4,228.3,-5.576,4.783
843,2,3,4,228.3,-11.226,4.459
843,2,4,4,228.3,-8.288,1.786
843,3,1,3,181.5,-5.413,15.73
843,3,2,3,181.5,-7.393,13.63
843,3,3,3,181.5,-9.346,11.725
844,1,1,6,19.3,-11.207,0.08
844,1,2,6,19.3,-11.898,1.984
844,1,3,6,19.3,-12.754,3.761
844,1,4,6,19.3,-7.626,1.303
844,1,5,6,19.3,-8.317,3.252
844,1,6,6,19.3,-8.847,5.516
844,2,1,2,338.6,-8.078,7.789
844,2,2,2,338.6,-2.93,10.258
844,3,1,5,68.1,-12.419,-8.522
844,3,2,5,68.1,-16.173,-6.902
844,3,3,5,68.1,-13.558,-5.886
844,3,4,5,68.1,-10.71,-4.843
844,3,5,5,68.1,-14.436,-3.098
845,1,1,4,29.9,5.858,-0.961
845,1,2,4,29.9,3.809,2.348
845,1,3,4,29.9,9.092,0.948
845,1,4,4,29.9,7.185,4.329
845,2,1,6,230.4,-11.776,6.783
845,2,2,6,230.4,-10.31,5.438
845,2,3,6,230.4,-8.723,4.133
845,2,4,6,230.4,-14.239,3.453
845,2,5,6,230.4,-12.55,2.317
845,2,6,6,230.4,-11.087,0.918
845,3,1,5,159.8,7.804,-12.045
845,3,2,5,159.8,6.384,-15.981
845,3,3,5,159.8,5.318,-13.338
845,3,4,5,159.8,4.06,-10.709
845,3,5,5,159.8,2.722,-14.32
846,1,1,1,14.0,1.502,8.782
846,2,1,1,244.7,-12.667,9.774
846,3,1,2,89.1,-0.157,-2.158
846,3,2,2,89.1,-3.86,1.931
847,1,1,6,145.3,-3.481,5.968
847,1,2,6,145.3,-4.537,4.187
847,1,3,6,145.3,-5.828,2.636
847,1,4,6,145.3,-7.03,8.064
847,1,5,6,145.3,-8.134,6.667
847,1,6,6,145.3,-9.127,4.921
847,2,1,2,173.8,-4.021,-2.827
847,2,2,2,173.8,-8.357,-6.501
847,3,1,3,245.5,-4.733,-9.975
847,3,2,3,245.5,-3.894,-12.51
847,3,3,3,245.5,-2.821,-15.212
848,1,1,4,260.6,1.337,8.087
848,1,2,4,260.6,5.362,7.339
848,1,3,4,260.6,0.863,4.173
848,1,4,4,260.6,4.704,3.452
848,2,1,1,161.1,0.965,-5.813
848,3,1,4,157.4,-4.64,-7.899
848,3,2,4,157.4,-6.239,-11.579
848,3,3,4,157.4,-8.455,-6.052
848,3,4,4,157.4,-10.069,-9.791
849,1,1,4,52.5,1.507,-8.326
849,1,2,4,52.5,-1.745,-5.707
849,1,3,4,52.5,3.867,-4.907
849,1,4,4,52.5,0.772,-2.655
849,2,1,5,203.0,-9.972,12.899
849,2,2,5,203.0,-8.414,9.337
849,2,3,5,203.0,-10.861,10.165
849,2,4,5,203.0,-13.563,11.482
849,2,5,5,203.0,-12.114,7.888
849,3,1,1,25.0,-5.133,0.505
850,1,1,2,280.9,-0.091,8.451
850,1,2,2,280.9,4.506,5.19
850,2,1,1,146.0,-2.726,-7.155
850,3,1,6,268.2,11.1,1.207
850,3,2,6,268.2,13.155,1.174
850,3,3,6,268.2,15.017,0.963
850,3,4,6,268.2,10.904,-3.098
850,3,5,6,268.2,12.833,-3.016
850,3,6,6,268.2,14.876,-3.346
851,1,1,3,290.5,12.344,1.958
851,1,2,3,290.5,14.969,0.768
851,1,3,3,290.5,17.636,-0.293
851,2,1,6,59.7,-1.732,0.821
851,2,2,6,59.7,-3.391,1.755
851,2,3,6,59.7,-5.019,2.508
851,2,4,6,59.7,0.43,4.151
851,2,5,6,59.7,-1.301,5.159
851,2,6,6,59.7,-3.047,6.147
851,3,1,4,149.7,11.421,12.656
851,3,2,4,149.7,9.566,9.339
851,3,3,4,149.7,8.165,14.699
851,3,4,4,149.7,6.264,11.403
852,1,1,2,202.4,-1.678,17.509
852,1,2,2,202.4,-3.953,11.939
852,2,1,3,142.7,6.345,-1.132
852,2,2,3,142.7,3.572,-1.422
852,2,3,3,142.7,0.583,-2.029
852,3,1,1,338.1,-8.949,-3.033
853,1,1,5,113.0,14.391,-0.318
853,1,2,5,113.0,10.584,-1.909
853,1,3,5,113.0,11.826,0.45
853,1,4,5,113.0,12.799,3.305
853,1,5,5,113.0,9.159,1.874
853,2,1,1,9.6,-2.416,11.675
853,3,1,3,48.8,-3.278,-16.676
853,3,2,3,48.8,-3.662,-13.935
853,3,3,3,48.8,-3.695,-11.073
854,1,1,1,266.9,-0.702,-12.863
854,2,1,1,146.1,-5.706,10.381
854,3,1,1,315.7,9.268,-8.399
855,1,1,4,90.3,-1.871,-11.581
855,1,2,4,90.3,-6.153,-11.565
855,1,3,4,90.3,-2.065,-7.391
855,1,4,4,90.3,-5.946,-7.549
855,2,1,3,31.7,7.594,-6.573
855,2,2,3,31.7,8.352,-3.522
855,2,3,3,31.7,9.016,-0.976
855,3,1,6,50.8,-2.073,3.139
855,3,2,6,50.8,-3.661,4.168
855,3,3,6,50.8,-5.207,5.482
855,3,4,6,50.8,0.533,6.281
855,3,5,6,50.8,-1.195,7.534
855,3,6,6,50.8,-2.792,8.648
856,1,1,2,102.2,13.372,2.856
856,1,2,2,102.2,8.49,6.112
856,2,1,5,90.8,-7.821,5.188
856,2,2,5,90.8,-12.228,5.231
856,2,3,5,90.8,-10.012,7.157
856,2,4,5,90.8,-8.115,9.121
856,2,5,5,90.8,-11.99,9.145
856,3,1,3,274.7,2.582,-7.5
856,3,2,3,274.7,4.604,-9.328
856,3,3,3,274.7,7.038,-11.046
857,1,1,4,167.3,10.552,4.619
857,1,2,4,167.3,9.575,0.785
857,1,3,4,167.3,6.803,5.532
857,1,4,4,167.3,5.907,1.68
857,2,1,3,181.7,-6.472,12.696
857,2,2,3,181.7,-8.371,10.781
857,2,3,3,181.7,-10.371,8.767
857,3,1,1,83.8,1.849,-15.525
858,1,1,2,356.6,-2.829,5.281
858,1,2,2,356.6,1.165,9.094
858,2,1,1,217.0,-14.193,-5.814
858,3,1,3,236.9,11.369,-3.873
858,3,2,3,236.9,11.862,-6.835
858,3,3,3,236.9,12.333,-9.594
859,1,1,4,264.9,4.379,10.546
859,1,2,4,264.9,8.483,10.161
859,1,3,4,264.9,4.154,6.54
859,1,4,4,264.9,8.061,5.981
859,2,1,3,281.5,-2.387,-0.483
859,2,2,3,281.5,0.213,-2.129
859,2,3,3,281.5,2.502,-3.602
859,3,1,3,78.5,-5.629,2.857
859,3,2,3,78.5,-7.29,5.101
859,3,3,3,78.5,-8.529,7.466
860,1,1,2,257.6,-9.845,15.658
860,1,2,2,257.6,-7.039,10.978
860,2,1,1,348.6,-3.871,5.863
860,3,1,1,345.5,11.881,-8.287
861,1,1,4,292.6,-10.912,-6.082
861,1,2,4,292.6,-7.0,-4.683
861,1,3,4,292.6,-9.509,-9.777
861,1,4,4,292.6,-5.585,-8.219
861,2,1,1,91.0,11.558,7.14
861,3,1,2,257.6,-0.846,-0.973
861,3,2,2,257.6,2.149,-5.773
862,1,1,5,75.8,5.475,-17.836
862,1,2,5,75.8,1.499,-17.026
862,1,3,5,75.8,3.997,-15.527
862,1,4,5,75.8,6.377,-14.093
862,1,5,5,75.8,2.529,-13.112
862,2,1,1,164.2,11.96,9.455
862,3,1,1,211.2,-3.419,-12.422
863,1,1,6,106.1,-4.575,0.44
863,1,2,6,106.1,-6.547,-0.083
863,1,3,6,106.1,-8.567,-0.725
863,1,4,6,106.1,-5.885,4.087
863,1,5,6,106.1,-7.811,3.674
863,1,6,6,106.1,-9.654,3.026
863,2,1,1,349.4,1.779,-15.588
863,3,1,1,276.9,7.784,3.875
864,1,1,5,309.5,9.036,-8.704
864,1,2,5,309.5,12.198,-6.175
864,1,3,5,309.5,11.764,-9.155
864,1,4,5,309.5,11.735,-11.873
864,1,5,5,309.5,14.658,-9.231
864,2,1,4,215.0,-9.349,8.572
864,2,2,4,215.0,-7.079,5.118
864,2,3,4,215.0,-12.649,6.22
864,2,4,4,215.0,-10.454,2.993
864,3,1,6,333.3,-0.81,11.846
864,3,2,6,333.3,0.103,13.685
864,3,3,6,333.3,1.038,15.455
864,3,4,6,333.3,3.022,10.133
864,3,5,6,333.3,3.779,12.003
864,3,6,6,333.3,4.864,13.674
865,1,1,4,334.0,-13.819,9.142
865,1,2,4,334.0,-12.166,12.859
865,1,3,4,334.0,-10.361,7.488
865,1,4,4,334.0,-8.498,11.168
865,2,1,2,169.5,4.606,-4.379
865,2,2,2,169.5,0.266,-7.796
865,3,1,3,58.6,1.474,12.747
865,3,2,3,58.6,0.722,15.226
865,3,3,3,58.6,-0.018,18.112
866,1,1,6,201.3,8.495,-1.937
866,1,2,6,201.3,9.077,-3.695
866,1,3,6,201.3,9.807,-5.777
866,1,4,6,201.3,4.607,-3.39
866,1,5,6,201.3,5.456,-5.312
866,1,6,6,201.3,6.085,-7.174
866,2,1,1,225.7,4.928,8.142
866,3,1,2,100.7,18.285,-2.097
866,3,2,2,100.7,13.536,0.949
867,1,1,1,110.8,-1.451,0.383
867,2,1,6,240.8,-12.649,-0.85
867,2,2,6,240.8,-10.904,-1.832
867,2,3,6,240.8,-9.204,-3.218
867,2,4,6,240.8,-14.745,-4.544
867,2,5,6,240.8,-12.996,-5.61
867,2,6,6,240.8,-11.304,-6.368
867,3,1,4,155.4,-0.788,14.629
867,3,2,4,155.4,-2.244,11.294
867,3,3,4,155.4,-4.031,16.427
867,3,4,4,155.4,-6.013,12.651
868,1,1,6,15.5,-8.246,-16.212
868,1,2,6,15.5,-8.899,-14.264
868,1,3,6,15.5,-9.505,-12.478
868,1,4,6,15.5,-4.416,-15.297
868,1,5,6,15.5,-4.996,-13.037
868,1,6,6,15.5,-5.574,-11.315
868,2,1,4,87.9,12.01,-9.54
868,2,2,4,87.9,7.78,-9.06
868,2,3,4,87.9,11.875,-5.615
868,2,4,4,87.9,7.991,-5.342
868,3,1,3,334.6,0.23,8.788
868,3,2,3,334.6,2.901,9.616
868,3,3,3,334.6,5.445,10.63
869,1,1,5,66.7,-2.554,1.175
869,1,2,5,66.7,-6.047,2.937
869,1,3,5,66.7,-3.324,4.039
869,1,4,5,66.7,-0.701,4.862
869,1,5,5,66.7,-4.454,6.53
869,2,1,3,287.8,-10.72,-2.137
869,2,2,3,287.8,-7.968,-3.548
869,2,3,3,287.8,-5.343,-4.848
869,3,1,2,68.4,3.049,-18.095
869,3,2,2,68.4,0.844,-12.849
870,1,1,1,208.6,-4.202,-7.936
870,2,1,6,260.4,-0.468,12.962
870,2,2,6,260.4,1.558,12.547
870,2,3,6,260.4,3.665,12.262
870,2,4,6,260.4,-1.056,8.944
870,2,5,6,260.4,0.858,8.641
870,2,6,6,260.4,2.925,8.3
870,3,1,5,44.9,-9.782,7.247
870,3,2,5,44.9,-12.478,9.846
870,3,3,5,44.9,-9.817,10.075
870,3,4,5,44.9,-6.881,10.11
870,3,5,5,44.9,-9.753,12.655
871,1,1,3,326.7,6.673,-13.056
871,1,2,3,326.7,9.528,-12.633
871,1,3,3,326.7,12.066,-12.075
871,2,1,5,60.2,-3.026,10.45
871,2,2,5,60.2,-6.455,12.573
871,2,3,5,60.2,-3.624,13.267
871,2,4,5,60.2,-1.096,13.903
871,2,5,5,60.2,-4.689,15.727
871,3,1,2,79.3,-5.03,2.772
871,3,2,2,79.3,-8.048,7.337
872,1,1,1,157.9,0.029,6.404
872,2,1,4,135.4,6.274,-10.899
872,2,2,4,135.4,3.426,-13.761
872,2,3,4,135.4,3.533,-8.013
872,2,4,4,135.4,0.59,-10.895
872,3,1,4,319.7,10.653,3.441
872,3,2,4,319.7,13.142,6.465
872,3,3,4,319.7,13.577,0.725
872,3,4,4,319.7,16.335,3.723
873,1,1,3,309.3,4.6,-9.623
873,1,2,3,309.3,7.577,-9.946
873,1,3,3,309.3,10.199,-10.075
873,2,1,3,207.7,4.247,12.401
873,2,2,3,207.7,3.404,9.828
873,2,3,3,207.7,2.609,7.032
873,3,1,5,125.9,-9.462,-4.416
873,3,2,5,125.9,-12.665,-6.996
873,3,3,5,125.9,-12.166,-4.094
873,3,4,5,125.9,-11.769,-1.218
873,3,5,5,125.9,-14.88,-3.683
874,1,1,3,298.1,1.793,0.115
874,1,2,3,298.1,4.607,-0.331
874,1,3,3,298.1,7.47,-1.424
874,2,1,6,321.4,-5.981,9.955
874,2,2,6,321.4,-4.741,11.412
874,2,3,6,321.4,-3.469,13.104
874,2,4,6,321.4,-3.021,7.464
874,2,5,6,321.4,-1.653,9.037
874,2,6,6,321.4,-0.525,10.361
874,3,1,1,46.6,0.815,-15.566
875,1,1,6,317.0,-15.824,7.228
875,1,2,6,317.0,-14.423,8.734
875,1,3,6,317.0,-12.869,10.311
875,1,4,6,317.0,-12.759,4.459
875,1,5,6,317.0,-11.468,5.995
875,1,6,6,317.0,-10.22,7.609
875,2,1,3,102.9,15.065,-0.901
875,2,2,3,102.9,12.762,0.471
875,2,3,3,102.9,10.422,2.264
875,3,1,3,204.7,6.632,14.128
875,3,2,3,204.7,5.594,11.404
875,3,3,3,204.7,4.749,8.564
876,1,1,6,9.5,-0.179,-8.408
876,1,2,6,9.5,-0.734,-6.411
876,1,3,6,9.5,-1.205,-4.327
876,1,4,6,9.5,3.526,-7.542
876,1,5,6,9.5,3.096,-5.662
876,1,6,6,9.5,2.583,-3.736
876,2,1,4,56.1,0.575,-18.701
876,2,2,4,56.1,-2.659,-16.573
876,2,3,4,56.1,2.667,-15.422
876,2,4,4,56.1,-0.475,-12.913
876,3,1,6,55.6,-10.448,-10.885
876,3,2,6,55.6,-12.0,-9.836
876,3,3,6,55.6,-13.652,-8.726
876,3,4,6,55.6,-8.176,-7.62
876,3,5,6,55.6,-9.779,-6.369
876,3,6,6,55.6,-11.228,-5.376
877,1,1,4,39.5,-1.775,-7.457
877,1,2,4,39.5,-4.053,-4.585
877,1,3,4,39.5,1.512,-5.006
877,1,4,4,39.5,-1.055,-2.029
877,2,1,1,213.4,7.685,-12.206
877,3,1,2,78.4,-12.788,-6.33
877,3,2,2,78.4,-15.916,-1.745
878,1,1,6,73.7,-0.525,-0.819
878,1,2,6,73.7,-2.133,-0.289
878,1,3,6,73.7,-4.21,0.274
878,1,4,6,73.7,0.813,3.057
878,1,5,6,73.7,-1.396,3.386
878,1,6,6,73.7,-2.859,4.063
878,2,1,6,138.9,1.24,10.126
878,2,2,6,138.9,0.022,8.636
878,2,3,6,138.9,-1.278,6.824
878,2,4,6,138.9,-1.616,12.788
878,2,5,6,138.9,-2.978,11.123
878,2,6,6,138.9,-4.327,9.65
878,3,1,5,226.7,5.201,-4.87
878,3,2,5,226.7,8.219,-7.491
878,3,3,5,226.7,5.388,-7.438
878,3,4,5,226.7,2.574,-7.688
878,3,5,5,226.7,5.532,-10.518
879,1,1,1,304.6,3.196,12.972
879,2,1,3,199.4,0.182,-12.81
879,2,2,3,199.4,-1.011,-15.533
879,2,3,3,199.4,-2.334,-17.701
879,3,1,5,188.0,1.263,-2.201
879,3,2,5,188.0,1.735,-6.074
879,3,3,5,188.0,-0.49,-4.525
879,3,4,5,188.0,-2.733,-2.867
879,3,5,5,188.0,-2.192,-6.681
880,1,1,6,255.2,3.841,12.455
880,1,2,6,255.2,5.905,12.242
880,1,3,6,255.2,8.013,11.569
880,1,4,6,255.2,3.133,8.637
880,1,5,6,255.2,4.928,7.882
880,1,6,6,255.2,6.85,7.547
880,2,1,1,88.0,3.258,-6.62
880,3,1,1,215.7,-8.324,-8.627
881,1,1,6,181.0,3.765,8.891
881,1,2,6,181.0,3.637,6.954
881,1,3,6,181.0,3.711,4.812
881,1,4,6,181.0,-0.453,8.674
881,1,5,6,181.0,-0.254,6.825
881,1,6,6,181.0,-0.184,4.769
881,2,1,3,149.1,-1.672,-2.377
881,2,2,3,149.1,-4.398,-3.231
881,2,3,3,149.1,-7.335,-3.91
881,3,1,1,87.4,-1.754,14.944
882,1,1,2,208.2,0.922,12.347
882,1,2,2,208.2,-0.651,6.881
882,2,1,5,343.4,5.307,0.873
882,2,2,5,343.4,6.532,4.772
882,2,3,5,343.4,7.96,2.303
882,2,4,5,343.4,9.234,-0.476
882,2,5,5,343.4,10.472,3.537
882,3,1,1,221.5,-3.558,-3.524
883,1,1,2,338.3,-4.108,1.248
883,1,2,2,338.3,1.119,3.649
883,2,1,2,174.4,13.243,-3.922
883,2,2,2,174.4,9.167,-7.28
883,3,1,4,149.6,-8.235,-1.779
883,3,2,4,149.6,-10.078,-5.22
883,3,3,4,149.6,-11.646,0.113
883,3,4,4,149.6,-13.583,-3.322
884,1,1,1,349.4,3.545,4.244
884,2,1,1,354.0,-11.681,3.69
884,3,1,3,182.8,-0.244,-11.868
884,3,2,3,182.8,-2.183,-14.001
884,3,3,3,182.8,-4.052,-16.075
885,1,1,5,288.0,3.77,-0.815
885,1,2,5,288.0,7.665,0.554
885,1,3,5,288.0,6.235,-2.202
885,1,4,5,288.0,4.868,-4.477
885,1,5,5,288.0,8.647,-3.385
885,2,1,1,52.3,-7.27,0.602
885,3,1,5,221.5,9.136,-7.733
885,3,2,5,221.5,11.871,-10.511
885,3,3,5,221.5,9.288,-10.456
885,3,4,5,221.5,6.058,-10.416
885,3,5,5,221.5,8.859,-13.332
886,1,1,5,243.9,3.907,-8.256
886,1,2,5,243.9,7.538,-9.934
886,1,3,5,243.9,4.879,-10.813
886,1,4,5,243.9,2.279,-11.751
886,1,5,5,243.9,5.89,-13.47
886,2,1,2,220.1,-11.083,0.009
886,2,2,2,220.1,-11.644,-5.668
886,3,1,1,101.6,1.773,5.042
887,1,1,2,40.3,-3.552,-15.649
887,1,2,2,40.3,-2.91,-10.022
887,2,1,4,121.9,8.249,1.852
887,2,2,4,121.9,4.927,-0.257
887,2,3,4,121.9,6.329,5.272
887,2,4,4,121.9,2.732,3.098
887,3,1,5,8.1,-4.792,-1.044
887,3,2,5,8.1,-5.439,2.788
887,3,3,5,8.1,-3.114,1.326
887,3,4,5,8.1,-0.865,-0.695
887,3,5,5,8.1,-1.452,3.396
888,1,1,4,323.3,-4.919,1.939
888,1,2,4,323.3,-2.519,5.029
888,1,3,4,323.3,-1.842,-0.807
888,1,4,4,323.3,0.676,2.552
888,2,1,6,67.6,-5.398,-8.681
888,2,2,6,67.6,-7.198,-8.092
888,2,3,6,67.6,-9.13,-7.113
888,2,4,6,67.6,-3.978,-5.132
888,2,5,6,67.6,-5.897,-4.304
888,2,6,6,67.6,-7.798,-3.658
888,3,1,4,154.1,10.094,-6.199
888,3,2,4,154.1,8.419,-9.817
888,3,3,4,154.1,6.593,-4.449
888,3,4,4,154.1,4.852,-7.968
889,1,1,3,0.6,-5.956,0.037
889,1,2,3,0.6,-4.148,2.073
889,1,3,3,0.6,-2.11,4.298
889,2,1,3,200.5,-11.641,5.27
889,2,2,3,200.5,-12.696,2.635
889,2,3,3,200.5,-13.939,0.097
889,3,1,1,26.7,-4.481,-14.854
890,1,1,6,193.3,0.862,-11.601
890,1,2,6,193.3,1.136,-13.542
890,1,3,6,193.3,1.703,-15.531
890,1,4,6,193.3,-2.794,-12.535
890,1,5,6,193.3,-2.516,-14.504
890,1,6,6,193.3,-2.133,-16.321
890,2,1,4,36.2,5.639,8.311
890,2,2,4,36.2,3.266,11.759
890,2,3,4,36.2,8.862,10.815
890,2,4,4,36.2,6.484,14.28
890,3,1,2,52.5,3.119,-9.107
890,3,2,2,52.5,2.505,-3.338
891,1,1,4,250.3,1.746,-1.009
891,1,2,4,250.3,5.62,-2.261
891,1,3,4,250.3,0.404,-4.696
891,1,4,4,250.3,4.229,-6.116
891,2,1,1,41.6,-7.762,13.297
891,3,1,2,340.0,-18.363,-0.711
891,3,2,2,340.0,-13.325,1.606
892,1,1,6,155.2,6.198,-14.744
892,1,2,6,155.2,5.463,-16.364
892,1,3,6,155.2,4.446,-18.107
892,1,4,6,155.2,2.938,-12.726
892,1,5,6,155.2,1.846,-14.816
892,1,6,6,155.2,1.056,-16.447
892,2,1,1,32.0,-2.975,3.304
892,3,1,4,121.4,-4.479,-5.699
892,3,2,4,121.4,-8.133,-7.729
892,3,3,4,121.4,-6.605,-2.227
892,3,4,4,121.4,-10.234,-4.243
893,1,1,5,239.1,-0.337,-6.594
893,1,2,5,239.1,2.896,-8.509
893,1,3,5,239.1,0.264,-9.534
893,1,4,5,239.1,-2.427,-10.163
893,1,5,5,239.1,1.207,-12.15
893,2,1,4,288.7,5.945,13.141
893,2,2,4,288.7,9.803,14.427
893,2,3,4,288.7,6.997,9.426
893,2,4,4,288.7,11.114,10.753
893,3,1,3,218.3,-14.596,8.252
893,3,2,3,218.3,-14.805,5.35
893,3,3,3,218.3,-15.107,2.586
894,1,1,5,15.5,-7.8,3.66
894,1,2,5,15.5,-9.081,7.536
894,1,3,5,15.5,-6.364,6.324
894,1,4,5,15.5,-4.335,4.849
894,1,5,5,15.5,-5.09,8.608
894,2,1,6,165.9,3.062,15.858
894,2,2,6,165.9,2.522,14.042
894,2,3,6,165.9,2.439,12.042
894,2,4,6,165.9,-0.708,16.738
894,2,5,6,165.9,-1.33,14.833
894,2,6,6,165.9,-1.591,13.01
894,3,1,2,227.3,-6.388,-5.285
894,3,2,2,227.3,-6.384,-10.628
895,1,1,6,319.8,-6.752,-7.397
895,1,2,6,319.8,-5.629,-5.877
895,1,3,6,319.8,-4.302,-4.317
895,1,4,6,319.8,-3.707,-10.115
895,1,5,6,319.8,-2.566,-8.531
895,1,6,6,319.8,-1.324,-6.954
895,2,1,2,89.8,15.027,1.231
895,2,2,2,89.8,11.192,5.59
895,3,1,5,177.5,8.41,-8.231
895,3,2,5,177.5,8.37,-12.02
895,3,3,5,177.5,6.352,-10.02
895,3,4,5,177.5,4.421,-7.731
895,3,5,5,177.5,4.141,-11.819
896,1,1,5,173.9,-0.763,-13.674
896,1,2,5,173.9,-1.402,-17.676
896,1,3,5,173.9,-3.136,-15.352
896,1,4,5,173.9,-4.799,-13.193
896,1,5,5,173.9,-5.125,-17.192
896,2,1,1,310.4,5.467,-10.558
896,3,1,4,301.7,-3.931,5.267
896,3,2,4,301.7,-0.645,7.372
896,3,3,4,301.7,-1.739,1.916
896,3,4,4,301.7,1.507,3.901
897,1,1,5,145.1,-2.146,4.231
897,1,2,5,145.1,-4.594,0.982
897,1,3,5,145.1,-4.831,3.716
897,1,4,5,145.1,-5.383,6.342
897,1,5,5,145.1,-7.651,3.215
897,2,1,5,105.2,4.602,11.083
897,2,2,5,105.2,0.687,9.964
897,2,3,5,105.2,2.202,12.568
897,2,4,5,105.2,3.599,14.946
897,2,5,5,105.2,-0.246,13.867
897,3,1,6,263.6,-14.754,-0.648
897,3,2,6,263.6,-12.805,-0.812
897,3,3,6,263.6,-10.626,-0.985
897,3,4,6,263.6,-14.87,-4.637
897,3,5,6,263.6,-13.013,-5.008
897,3,6,6,263.6,-10.971,-4.996
898,1,1,6,324.7,-11.355,-4.481
898,1,2,6,324.7,-10.381,-2.888
898,1,3,6,324.7,-9.134,-1.423
898,1,4,6,324.7,-8.126,-6.661
898,1,5,6,324.7,-7.292,-5.179
898,1,6,6,324.7,-5.911,-3.636
898,2,1,3,55.1,15.246,0.51
898,2,2,3,55.1,14.824,3.328
898,2,3,3,55.1,14.428,6.364
898,3,1,2,201.6,4.782,-6.807
898,3,2,2,201.6,2.462,-12.161
899,1,1,3,60.2,-8.911,3.611
899,1,2,3,60.2,-9.54,6.461
899,1,3,3,60.2,-10.383,9.181
899,2,1,6,206.9,2.63,12.448
899,2,2,6,206.9,3.513,10.775
899,2,3,6,206.9,4.577,8.986
899,2,4,6,206.9,-0.661,10.791
899,2,5,6,206.9,0.119,8.98
899,2,6,6,206.9,0.915,7.256
899,3,1,3,259.7,5.4,-9.293
899,3,2,3,259.7,6.993,-11.499
899,3,3,3,259.7,8.636,-13.694
900,1,1,2,254.4,-9.64,-8.163
900,1,2,2,254.4,-6.697,-13.036
900,2,1,5,357.2,8.587,4.478
900,2,2,5,357.2,8.749,8.377
900,2,3,5,357.2,10.704,6.391
900,2,4,5,357.2,12.626,4.403
900,2,5,5,357.2,12.799,8.392
900,3,1,5,350.8,4.279,-12.741
900,3,2,5,350.8,4.779,-8.826
900,3,3,5,350.8,6.377,-11.019
900,3,4,5,350.8,8.187,-13.397
900,3,5,5,350.8,8.814,-9.248
901,1,1,2,251.8,-3.846,13.434
901,1,2,2,251.8,-1.247,8.512
901,2,1,5,244.5,-5.242,2.433
901,2,2,5,244.5,-1.502,0.631
901,2,3,5,244.5,-4.408,-0.446
901,2,4,5,244.5,-6.869,-1.038
901,2,5,5,244.5,-3.414,-2.937
901,3,1,5,344.3,-17.237,1.797
901,3,2,5,344.3,-16.138,5.511
901,3,3,5,344.3,-14.929,2.851
901,3,4,5,344.3,-13.482,0.557
901,3,5,5,344.3,-12.322,4.556
902,1,1,6,307.4,-2.436,-15.009
902,1,2,6,307.4,-0.783,-13.891
902,1,3,6,307.4,0.964,-12.661
902,1,4,6,307.4,0.038,-18.111
902,1,5,6,307.4,1.806,-17.011
902,1,6,6,307.4,3.478,-15.69
902,2,1,3,342.4,-1.156,-3.794
902,2,2,3,342.4,1.267,-2.51
902,2,3,3,342.4,3.914,-1.281
902,3,1,6,282.0,-7.65,-5.655
902,3,2,6,282.0,-5.626,-5.407
902,3,3,6,282.0,-3.843,-5.137
902,3,4,6,282.0,-6.694,-9.705
902,3,5,6,282.0,-4.823,-9.168
902,3,6,6,282.0,-2.715,-8.892
903,1,1,2,111.7,4.843,4.608
903,1,2,2,111.7,-0.42,6.679
903,2,1,4,322.7,7.516,3.749
903,2,2,4,322.7,9.864,7.164
903,2,3,4,322.7,10.484,1.382
903,2,4,4,322.7,12.954,4.747
903,3,1,1,73.8,-8.785,10.562
904,1,1,6,2.9,9.422,-6.122
904,1,2,6,2.9,9.483,-4.141
904,1,3,6,2.9,9.319,-2.296
904,1,4,6,2.9,13.446,-6.045
904,1,5,6,2.9,13.368,-4.133
904,1,6,6,2.9,13.193,-1.916
904,2,1,4,203.5,-0.186,8.486
904,2,2,4,203.5,1.311,4.751
904,2,3,4,203.5,-3.738,6.677
904,2,4,4,203.5,-2.21,3.176
904,3,1,5,249.0,-3.219,-8.282
904,3,2,5,249.0,0.607,-9.703
904,3,3,5,249.0,-2.07,-10.716
904,3,4,5,249.0,-4.706,-11.804
904,3,5,5,249.0,-0.723,-13.504
905,1,1,6,98.5,3.783,-8.793
905,1,2,6,98.5,1.716,-9.245
905,1,3,6,98.5,-0.131,-9.356
905,1,4,6,98.5,2.963,-4.916
905,1,5,6,98.5,1.126,-5.204
905,1,6,6,98.5,-0.77,-5.448
905,2,1,4,152.4,-10.669,-7.544
905,2,2,4,152.4,-12.409,-11.288
905,2,3,4,152.4,-14.119,-5.826
905,2,4,4,152.4,-16.083,-9.197
905,3,1,2,232.7,5.797,12.107
905,3,2,2,232.7,6.772,6.527
906,1,1,1,86.7,13.336,-7.609
906,2,1,1,329.7,-9.108,12.58
906,3,1,2,295.6,-5.498,-9.929
906,3,2,2,295.6,-0.117,-11.68
907,1,1,4,328.7,-14.896,4.613
907,1,2,4,328.7,-12.805,8.166
907,1,3,4,328.7,-11.454,2.382
907,1,4,4,328.7,-9.472,5.927
907,2,1,2,338.3,-3.345,1.683
907,2,2,2,338.3,1.919,3.87
907,3,1,4,43.8,5.592,-4.554
907,3,2,4,43.8,2.975,-1.72
907,3,3,4,43.8,8.64,-1.808
907,3,4,4,43.8,5.864,1.045
908,1,1,6,124.3,16.719,5.664
908,1,2,6,124.3,14.99,4.424
908,1,3,6,124.3,13.492,3.296
908,1,4,6,124.3,14.52,8.846
908,1,5,6,124.3,12.804,7.61
908,1,6,6,124.3,10.973,6.551
908,2,1,2,6.1,10.942,-10.941
908,2,2,2,6.1,14.36,-6.433
908,3,1,6,5.3,1.602,-5.058
908,3,2,6,5.3,1.439,-3.228
908,3,3,6,5.3,1.131,-1.311
908,3,4,6,5.3,5.721,-4.889
908,3,5,6,5.3,5.317,-2.548
908,3,6,6,5.3,5.162,-0.867
909,1,1,1,118.0,7.845,11.201
909,2,1,1,135.9,-13.404,6.117
909,3,1,3,219.9,5.849,-10.128
909,3,2,3,219.9,5.475,-13.076
909,3,3,3,219.9,5.224,-16.018
910,1,1,5,38.8,5.559,2.467
910,1,2,5,38.8,2.924,5.473
910,1,3,5,38.8,5.817,5.272
910,1,4,5,38.8,8.551,5.064
910,1,5,5,38.8,6.101,8.031
910,2,1,6,67.1,5.184,-13.942
910,2,2,6,67.1,3.507,-13.108
910,2,3,6,67.1,1.652,-12.322
910,2,4,6,67.1,6.636,-10.472
910,2,5,6,67.1,4.973,-9.349
910,2,6,6,67.1,2.895,-8.811
910,3,1,3,20.9,-0.213,-5.108
910,3,2,3,20.9,0.869,-2.609
910,3,3,3,20.9,2.166,-0.022
911,1,1,2,226.4,-1.284,-10.371
911,1,2,2,226.4,-0.984,-16.019
911,2,1,5,202.6,-4.767,5.638
911,2,2,5,202.6,-3.331,2.144
911,2,3,5,202.6,-5.825,2.924
911,2,4,5,202.6,-8.759,4.106
911,2,5,5,202.6,-7.035,0.43
911,3,1,2,155.4,10.407,5.182
911,3,2,2,155.4,4.896,3.279
912,1,1,5,94.4,16.542,-8.045
912,1,2,5,94.4,12.584,-8.282
912,1,3,5,94.4,14.344,-6.287
912,1,4,5,94.4,16.222,-3.992
912,1,5,5,94.4,12.37,-4.381
912,2,1,6,318.5,-17.069,-4.082
912,2,2,6,318.5,-15.535,-2.541
912,2,3,6,318.5,-14.117,-1.269
912,2,4,6,318.5,-13.999,-6.924
912,2,5,6,318.5,-12.77,-5.336
912,2,6,6,318.5,-11.17,-3.89
912,3,1,4,157.2,6.935,-9.959
912,3,2,4,157.2,5.084,-13.719
912,3,3,4,157.2,3.036,-8.479
912,3,4,4,157.2,1.515,-12.233
913,1,1,1,328.1,-10.953,-11.398
913,2,1,2,98.3,-0.822,-2.333
913,2,2,2,98.3,-5.412,1.011
913,3,1,5,281.0,-3.645,-7.356
913,3,2,5,281.0,0.194,-6.591
913,3,3,5,281.0,-1.225,-8.814
913,3,4,5,281.0,-2.867,-11.131
913,3,5,5,281.0,1.112,-10.368
914,1,1,4,99.1,8.183,-10.932
914,1,2,4,99.1,4.258,-11.453
914,1,3,4,99.1,7.663,-6.811
914,1,4,4,99.1,3.593,-7.583
914,2,1,2,299.2,10.943,-5.398
914,2,2,2,299.2,16.368,-6.753
914,3,1,5,11.8,-7.486,-1.2
914,3,2,5,11.8,-8.287,2.827
914,3,3,5,11.8,-5.787,1.308
914,3,4,5,11.8,-3.413,-0.318
914,3,5,5,11.8,-4.307,3.574
915,1,1,4,143.8,5.086,-7.869
915,1,2,4,143.8,2.931,-11.001
915,1,3,4,143.8,1.956,-5.438
915,1,4,4,143.8,-0.408,-8.75
915,2,1,3,34.7,0.359,-1.665
915,2,2,3,34.7,1.092,1.372
915,2,3,3,34.7,1.659,3.841
915,3,1,2,334.8,10.856,-4.707
915,3,2,2,334.8,16.256,-2.628
916,1,1,3,353.5,-15.628,0.619
916,1,2,3,353.5,-13.416,2.49
916,1,3,3,353.5,-11.199,4.045
916,2,1,2,183.6,-1.844,-11.412
916,2,2,2,183.6,-5.521,-15.622
916,3,1,3,159.5,2.797,13.276
916,3,2,3,159.5,-0.02,12.112
916,3,3,3,159.5,-2.637,10.803
917,1,1,6,119.8,4.774,-0.443
917,1,2,6,119.8,2.976,-1.663
917,1,3,6,119.8,1.28,-2.673
917,1,4,6,119.8,2.651,2.899
917,1,5,6,119.8,0.786,2.041
917,1,6,6,119.8,-0.763,0.881
917,2,1,2,159.3,6.089,-12.19
917,2,2,2,159.3,1.064,-14.666
917,3,1,6,90.9,-3.793,-6.323
917,3,2,6,90.9,-5.698,-6.267
917,3,3,6,90.9,-7.873,-6.444
917,3,4,6,90.9,-3.82,-2.413
917,3,5,6,90.9,-5.877,-2.51
917,3,6,6,90.9,-7.937,-2.452
918,1,1,3,137.7,5.093,-14.004
918,1,2,3,137.7,2.217,-14.245
918,1,3,3,137.7,-0.683,-14.015
918,2,1,5,178.3,14.149,-2.16
918,2,2,5,178.3,14.065,-6.232
918,2,3,5,178.3,12.261,-4.256
918,2,4,5,178.3,10.143,-2.088
918,2,5,5,178.3,10.076,-5.947
918,3,1,4,299.6,-9.46,-4.927
918,3,2,4,299.6,-6.065,-2.958
918,3,3,4,299.6,-7.412,-8.501
918,3,4,4,299.6,-3.891,-6.555
919,1,1,5,21.6,11.777,1.38
919,1,2,5,21.6,10.277,5.34
919,1,3,5,21.6,12.919,4.242
919,1,4,5,21.6,15.615,2.963
919,1,5,5,21.6,13.965,6.719
919,2,1,5,183.6,-1.823,10.179
919,2,2,5,183.6,-1.607,6.181
919,2,3,5,183.6,-3.594,8.139
919,2,4,5,183.6,-5.881,9.87
919,2,5,5,183.6,-5.585,5.813
919,3,1,4,206.4,-14.52,0.554
919,3,2,4,206.4,-12.745,-2.892
919,3,3,4,206.4,-17.953,-1.298
919,3,4,4,206.4,-16.257,-4.797
920,1,1,4,140.9,10.476,-11.348
920,1,2,4,140.9,8.053,-14.34
920,1,3,4,140.9,7.448,-8.83
920,1,4,4,140.9,4.909,-11.993
920,2,1,4,50.2,-5.991,-3.215
920,2,2,4,50.2,-9.128,-0.524
920,2,3,4,50.2,-3.517,-0.202
920,2,4,4,50.2,-6.62,2.461
920,3,1,3,193.0,4.905,15.848
920,3,2,3,193.0,3.342,13.515
920,3,3,3,193.0,1.885,11.01
921,1,1,2,142.7,-3.011,-8.032
921,1,2,2,142.7,-8.777,-8.894
921,2,1,2,266.3,-11.444,5.13
921,2,2,2,266.3,-7.544,0.751
921,3,1,6,152.5,10.548,-0.508
921,3,2,6,152.5,9.58,-2.498
921,3,3,6,152.5,8.477,-4.22
921,3,4,6,152.5,6.893,1.162
921,3,5,6,152.5,5.854,-0.477
921,3,6,6,152.5,5.197,-2.346
922,1,1,2,230.5,-6.558,7.788
922,1,2,2,230.5,-6.029,2.275
922,2,1,6,145.6,5.181,-14.004
922,2,2,6,145.6,3.842,-15.774
922,2,3,6,145.6,2.877,-17.568
922,2,4,6,145.6,1.59,-11.881
922,2,5,6,145.6,0.447,-13.408
922,2,6,6,145.6,-0.557,-15.124
922,3,1,6,223.1,12.956,-2.512
922,3,2,6,223.1,14.434,-3.757
922,3,3,6,223.1,15.635,-4.935
922,3,4,6,223.1,10.007,-5.007
922,3,5,6,223.1,11.365,-6.441
922,3,6,6,223.1,12.926,-7.879
923,1,1,1,243.8,2.692,-10.941
923,2,1,4,49.1,-11.068,-11.5
923,2,2,4,49.1,-14.384,-8.768
923,2,3,4,49.1,-8.53,-8.493
923,2,4,4,49.1,-11.587,-5.792
923,3,1,6,196.4,9.987,-2.467
923,3,2,6,196.4,10.548,-4.348
923,3,3,6,196.4,11.094,-6.337
923,3,4,6,196.4,6.123,-3.504
923,3,5,6,196.4,6.722,-5.391
923,3,6,6,196.4,7.297,-7.381
924,1,1,5,281.9,4.833,-3.516
924,1,2,5,281.9,8.588,-2.726
924,1,3,5,281.9,7.323,-5.024
924,1,4,5,281.9,5.582,-7.301
924,1,5,5,281.9,9.569,-6.557
924,2,1,2,128.3,13.702,10.371
924,2,2,2,128.3,8.144,11.041
924,3,1,5,86.6,-3.006,3.593
924,3,2,5,86.6,-6.787,4.017
924,3,3,5,86.6,-4.645,5.84
924,3,4,5,86.6,-2.844,7.622
924,3,5,5,86.6,-6.559,7.872
925,1,1,1,125.2,7.753,2.778
925,2,1,2,159.9,-9.945,-8.411
925,2,2,2,159.9,-14.829,-10.549
925,3,1,5,139.8,1.089,14.803
925,3,2,5,139.8,-1.058,11.765
925,3,3,5,139.8,-1.499,14.585
925,3,4,5,139.8,-1.729,17.438
925,3,5,5,139.8,-4.372,14.517
926,1,1,1,13.6,-8.366,12.065
926,2,1,2,58.1,-10.348,-3.869
926,2,2,2,58.1,-11.781,1.524
926,3,1,4,5.5,9.544,5.667
926,3,2,4,5.5,9.084,10.069
926,3,3,4,5.5,13.648,6.323
926,3,4,4,5.5,13.143,10.299
927,1,1,4,302.7,3.886,-10.744
927,1,2,4,302.7,7.473,-8.725
927,1,3,4,302.7,6.286,-14.241
927,1,4,4,302.7,9.655,-12.256
927,2,1,5,306.9,4.251,5.773
927,2,2,5,306.9,7.398,8.211
927,2,3,5,306.9,6.943,5.348
927,2,4,5,306.9,6.6,2.488
927,2,5,5,306.9,9.927,5.029
927,3,1,3,297.9,-4.934,-2.28
927,3,2,3,297.9,-2.211,-2.998
927,3,3,3,297.9,0.529,-3.936
928,1,1,4,190.5,12.982,-5.144
928,1,2,4,190.5,13.775,-9.056
928,1,3,4,190.5,9.113,-6.02
928,1,4,4,190.5,9.708,-9.877
928,2,1,1,315.5,8.517,6.841
928,3,1,6,211.9,-12.536,3.758
928,3,2,6,211.9,-11.469,2.262
928,3,3,6,211.9,-10.487,0.413
928,3,4,6,211.9,-16.236,1.609
928,3,5,6,211.9,-14.932,0.109
928,3,6,6,211.9,-13.882,-1.609
929,1,1,3,162.0,3.47,-0.516
929,1,2,3,162.0,0.843,-1.805
929,1,3,3,162.0,-1.667,-3.254
929,2,1,6,134.3,18.402,-3.191
929,2,2,6,134.3,16.919,-4.702
929,2,3,6,134.3,15.486,-5.894
929,2,4,6,134.3,15.413,-0.459
929,2,5,6,134.3,14.055,-1.655
929,2,6,6,134.3,12.804,-3.146
929,3,1,4,350.9,-16.379,-2.649
929,3,2,4,350.9,-15.85,1.212
929,3,3,4,350.9,-12.62,-3.548
929,3,4,4,350.9,-11.93,0.802
930,1,1,4,351.7,1.229,-6.731
930,1,2,4,351.7,1.928,-2.876
930,1,3,4,351.7,5.143,-7.161
930,1,4,4,351.7,5.809,-3.452
930,2,1,3,240.5,-1.904,9.7
930,2,2,3,240.5,-1.075,6.886
930,2,3,3,240.5,-0.268,4.218
930,3,1,5,33.6,14.658,-7.5
930,3,2,5,33.6,12.467,-4.328
930,3,3,5,33.6,15.252,-4.868
930,3,4,5,33.6,18.122,-5.414
930,3,5,5,33.6,15.809,-1.979
931,1,1,3,147.1,16.879,2.329
931,1,2,3,147.1,13.976,1.622
931,1,3,3,147.1,11.155,0.933
931,2,1,6,238.2,8.421,-5.539
931,2,2,6,238.2,9.966,-6.535
931,2,3,6,238.2,11.98,-7.57
931,2,4,6,238.2,6.312,-8.979
931,2,5,6,238.2,7.955,-10.021
931,2,6,6,238.2,9.707,-11.017
931,3,1,4,242.6,-4.343,-3.099
931,3,2,4,242.6,-0.617,-5.091
931,3,3,4,242.6,-6.066,-6.661
931,3,4,4,242.6,-2.378,-8.355
932,1,1,2,298.9,-15.206,4.741
932,1,2,2,298.9,-9.864,3.123
932,2,1,2,11.9,4.15,7.518
932,2,2,2,11.9,7.072,12.305
932,3,1,2,208.1,10.632,-2.729
932,3,2,2,208.1,8.903,-8.297
933,1,1,6,58.6,7.191,-16.706
933,1,2,6,58.6,5.308,-15.585
933,1,3,6,58.6,3.644,-14.97
933,1,4,6,58.6,9.104,-13.434
933,1,5,6,58.6,7.533,-12.447
933,1,6,6,58.6,5.689,-11.492
933,2,1,5,91.1,1.068,-8.754
933,2,2,5,91.1,-2.847,-9.028
933,2,3,5,91.1,-1.053,-7.244
933,2,4,5,91.1,0.924,-5.076
933,2,5,5,91.1,-2.888,-4.895
933,3,1,4,168.0,-4.124,2.551
933,3,2,4,168.0,-4.81,-1.261
933,3,3,4,168.0,-8.087,3.52
933,3,4,4,168.0,-8.676,-0.358
934,1,1,1,197.1,3.133,7.568
934,2,1,4,76.5,3.594,-16.868
934,2,2,4,76.5,-0.167,-16.187
934,2,3,4,76.5,4.584,-13.268
934,2,4,4,76.5,0.672,-12.226
934,3,1,1,182.0,-4.071,3.013
935,1,1,3,95.6,1.723,9.889
935,1,2,3,95.6,-0.569,11.839
935,1,3,3,95.6,-2.49,13.482
935,2,1,4,136.3,13.365,-6.748
935,2,2,4,136.3,10.445,-9.695
935,2,3,4,136.3,10.39,-3.9
935,2,4,4,136.3,7.755,-6.883
935,3,1,5,22.8,-14.467,-2.866
935,3,2,5,22.8,-16.252,0.877
935,3,3,5,22.8,-13.606,-0.246
935,3,4,5,22.8,-10.798,-1.467
935,3,5,5,22.8,-12.361,2.298
936,1,1,2,170.6,7.408,0.534
936,1,2,2,170.6,2.887,-2.835
936,2,1,3,280.9,11.253,1.462
936,2,2,3,280.9,13.761,-0.206
936,2,3,3,280.9,16.072,-1.71
936,3,1,2,44.2,-7.082,-16.657
936,3,2,2,44.2,-7.169,-11.039
937,1,1,2,160.4,14.167,8.989
937,1,2,2,160.4,9.069,6.334
937,2,1,6,5.5,-3.25,-2.853
937,2,2,6,5.5,-3.531,-0.962
937,2,3,6,5.5,-3.679,0.854
937,2,4,6,5.5,0.558,-2.602
937,2,5,6,5.5,0.483,-0.707
937,2,6,6,5.5,0.044,1.635
937,3,1,5,136.3,-10.533,0.061
937,3,2,5,136.3,-12.931,-2.73
937,3,3,5,136.3,-13.039,-0.094
937,3,4,5,136.3,-13.115,2.754
937,3,5,5,136.3,-15.902,0.053
938,1,1,2,257.3,6.143,11.741
938,1,2,2,257.3,8.817,7.037
938,2,1,1,339.6,-9.832,-8.307
938,3,1,6,261.1,-2.1,8.546
938,3,2,6,261.1,-0.11,8.333
938,3,3,6,261.1,1.707,8.111
938,3,4,6,261.1,-2.743,4.743
938,3,5,6,261.1,-0.761,4.484
938,3,6,6,261.1,1.178,3.834
939,1,1,1,206.1,8.093,-0.897
939,2,1,3,8.8,-2.854,7.474
939,2,2,3,8.8,-1.114,9.628
939,2,3,3,8.8,0.446,12.042
939,3,1,1,145.5,8.613,9.206
940,1,1,4,265.5,0.826,2.967
940,1,2,4,265.5,4.851,2.45
940,1,3,4,265.5,0.573,-1.075
940,1,4,4,265.5,4.613,-1.479
940,2,1,2,218.4,-13.878,-0.975
940,2,2,2,218.4,-14.812,-6.59
940,3,1,2,28.6,7.495,3.996
940,3,2,2,28.6,9.082,9.53
941,1,1,6,328.6,3.322,-9.592
941,1,2,6,328.6,4.131,-7.819
941,1,3,6,328.6,5.45,-6.145
941,1,4,6,328.6,6.651,-11.696
941,1,5,6,328.6,7.766,-10.078
941,1,6,6,328.6,8.654,-8.442
941,2,1,1,352.2,-13.039,4.993
941,3,1,3,144.3,0.992,-6.197
941,3,2,3,144.3,-1.848,-6.597
941,3,3,3,144.3,-4.59,-6.901
942,1,1,6,135.5,-4.212,3.447
942,1,2,6,135.5,-5.428,2.064
942,1,3,6,135.5,-6.988,0.678
942,1,4,6,135.5,-7.151,6.233
942,1,5,6,135.5,-8.569,4.771
942,1,6,6,135.5,-9.824,3.388
942,2,1,1,228.0,15.466,-3.027
942,3,1,1,237.3,9.123,3.389
943,1,1,2,79.7,6.049,10.745
943,1,2,2,79.7,2.903,15.482
943,2,1,1,85.4,12.627,-3.068
943,3,1,4,322.7,-5.102,-10.143
943,3,2,4,322.7,-2.715,-6.886
943,3,3,4,322.7,-2.0,-12.769
943,3,4,4,322.7,0.68,-9.326
944,1,1,5,289.8,4.887,12.65
944,1,2,5,289.8,8.632,13.94
944,1,3,5,289.8,7.327,11.47
944,1,4,5,289.8,6.142,8.809
944,1,5,5,289.8,9.931,10.431
944,2,1,2,265.8,-1.064,1.737
944,2,2,2,265.8,2.721,-2.566
944,3,1,5,185.2,11.181,-2.007
944,3,2,5,185.2,11.549,-6.196
944,3,3,5,185.2,9.301,-4.057
944,3,4,5,185.2,7.146,-2.324
944,3,5,5,185.2,7.517,-6.296
945,1,1,1,132.8,-8.304,-4.056
945,2,1,2,56.7,-10.916,6.918
945,2,2,2,56.7,-12.068,12.095
945,3,1,6,149.8,17.066,-2.419
945,3,2,6,149.8,15.962,-4.198
945,3,3,6,149.8,15.119,-5.815
945,3,4,6,149.8,13.431,-0.498
945,3,5,6,149.8,12.586,-2.206
945,3,6,6,149.8,11.477,-4.098
946,1,1,5,345.8,-12.482,2.644
946,1,2,5,345.8,-11.57,6.534
946,1,3,5,345.8,-10.361,4.079
946,1,4,5,345.8,-8.747,1.7
946,1,5,5,345.8,-7.615,5.707
946,2,1,1,192.5,-1.233,-0.819
946,3,1,6,194.9,2.306,-10.864
946,3,2,6,194.9,2.765,-12.825
946,3,3,6,194.9,3.182,-14.757
946,3,4,6,194.9,-1.47,-12.031
946,3,5,6,194.9,-1.301,-14.078
946,3,6,6,194.9,-0.763,-15.682
947,1,1,1,199.4,12.383,-7.71
947,2,1,1,315.7,-12.809,7.312
947,3,1,3,335.9,-6.487,-2.991
947,3,2,3,335.9,-3.904,-1.831
947,3,3,3,335.9,-1.008,-0.975
948,1,1,3,156.3,6.598,-11.935
948,1,2,3,156.3,4.002,-12.895
948,1,3,3,156.3,1.338,-14.017
948,2,1,1,192.6,-1.441,5.801
948,3,1,1,169.5,-6.704,-1.991
949,1,1,2,62.1,7.733,-1.577
949,1,2,2,62.1,5.756,3.86
949,2,1,1,318.0,10.106,9.415
949,3,1,6,262.4,8.52,-5.005
949,3,2,6,262.4,10.508,-5.405
949,3,3,6,262.4,12.627,-5.43
949,3,4,6,262.4,7.967,-8.794
949,3,5,6,262.4,10.001,-9.345
949,3,6,6,262.4,11.946,-9.582
950,1,1,4,320.3,-8.01,8.434
950,1,2,4,320.3,-5.456,11.889
950,1,3,4,320.3,-4.754,5.903
950,1,4,4,320.3,-2.179,9.293
950,2,1,5,182.1,-11.139,-4.811
950,2,2,5,182.1,-11.093,-8.875
950,2,3,5,182.1,-13.133,-6.836
950,2,4,5,182.1,-15.131,-5.018
950,2,5,5,182.1,-15.135,-8.968
950,3,1,2,150.3,3.179,-14.736
950,3,2,2,150.3,-2.208,-16.455
951,1,1,2,9.5,5.733,-8.831
951,1,2,2,9.5,9.056,-4.335
951,2,1,4,133.2,-3.403,2.695
951,2,2,4,133.2,-6.118,-0.134
951,2,3,4,133.2,-5.896,5.478
951,2,4,4,133.2,-8.845,2.714
951,3,1,4,273.6,9.618,9.595
951,3,2,4,273.6,13.59,9.69
951,3,3,4,273.6,10.147,5.326
951,3,4,4,273.6,13.957,5.753
952,1,1,3,165.4,-11.523,7.24
952,1,2,3,165.4,-13.876,5.873
952,1,3,3,165.4,-16.299,4.533
952,2,1,4,22.3,0.629,-2.204
952,2,2,4,22.3,-0.679,1.42
952,2,3,4,22.3,4.515,-0.989
952,2,4,4,22.3,2.98,2.927
952,3,1,1,279.6,-4.828,-8.285
953,1,1,1,227.0,7.437,1.507
953,2,1,5,74.5,-10.223,-6.629
953,2,2,5,74.5,-14.136,-5.315
953,2,3,5,74.5,-11.672,-4.03
953,2,4,5,74.5,-9.256,-2.911
953,2,5,5,74.5,-13.209,-1.463
953,3,1,2,217.1,-0.617,14.806
953,3,2,2,217.1,-1.263,9.402
954,1,1,3,189.7,-4.405,16.155
954,1,2,3,189.7,-5.959,13.728
954,1,3,3,189.7,-7.752,11.464
954,2,1,1,64.3,7.793,-0.538
954,3,1,6,47.3,-10.975,-1.84
954,3,2,6,47.3,-12.336,-0.531
954,3,3,6,47.3,-13.961,0.823
954,3,4,6,47.3,-8.223,1.132
954,3,5,6,47.3,-9.591,2.438
954,3,6,6,47.3,-11.075,3.776
955,1,1,4,58.9,-1.905,-10.314
955,1,2,4,58.9,-5.426,-8.041
955,1,3,4,58.9,0.111,-6.744
955,1,4,4,58.9,-3.203,-4.614
955,2,1,2,261.9,-6.639,5.786
955,2,2,2,261.9,-3.042,1.273
955,3,1,1,294.9,5.955,-3.78
956,1,1,2,99.9,-9.887,-6.847
956,1,2,2,99.9,-14.647,-3.443
956,2,1,4,99.2,6.921,1.181
956,2,2,4,99.2,3.226,0.419
956,2,3,4,99.2,6.37,5.398
956,2,4,4,99.2,2.289,4.628
956,3,1,6,117.5,-3.171,1.315
956,3,2,6,117.5,-4.854,0.358
956,3,3,6,117.5,-6.625,-0.497
956,3,4,6,117.5,-5.002,4.891
956,3,5,6,117.5,-6.521,3.939
956,3,6,6,117.5,-8.567,3.108
957,1,1,3,9.8,0.967,-0.491
957,1,2,3,9.8,2.421,1.487
957,1,3,3,9.8,4.091,3.878
957,2,1,1,74.1,3.055,-9.042
957,3,1,3,9.4,-5.565,-16.846
957,3,2,3,9.4,-3.934,-14.639
957,3,3,3,9.4,-2.001,-12.368
958,1,1,4,234.8,-0.43,-5.945
958,1,2,4,234.8,2.786,-8.403
958,1,3,4,234.8,-2.784,-9.26
958,1,4,4,234.8,0.515,-11.888
958,2,1,5,306.3,10.214,-8.816
958,2,2,5,306.3,13.22,-6.657
958,2,3,5,306.3,12.868,-9.154
958,2,4,5,306.3,12.278,-12.117
958,2,5,5,306.3,15.622,-9.729
958,3,1,4,43.6,-3.943,5.206
958,3,2,4,43.6,-6.5,8.267
958,3,3,4,43.6,-0.776,8.013
958,3,4,4,43.6,-3.927,10.87
959,1,1,3,219.9,1.978,18.331
959,1,2,3,219.9,1.551,15.377
959,1,3,3,219.9,1.375,12.663
959,2,1,5,94.1,-2.266,2.173
959,2,2,5,94.1,-5.903,1.773
959,2,3,5,94.1,-4.25,3.977
959,2,4,5,94.1,-2.259,6.228
959,2,5,5,94.1,-6.382,5.934
959,3,1,6,327.6,-9.139,12.743
959,3,2,6,327.6,-7.928,14.951
959,3,3,6,327.6,-6.865,16.418
959,3,4,6,327.6,-5.793,10.872
959,3,5,6,327.6,-4.563,12.664
959,3,6,6,327.6,-3.454,14.14
960,1,1,4,187.5,-3.187,-0.253
960,1,2,4,187.5,-2.87,-4.067
960,1,3,4,187.5,-7.174,-0.655
960,1,4,4,187.5,-6.523,-4.544
960,2,1,4,61.1,5.233,-7.672
960,2,2,4,61.1,1.76,-5.656
960,2,3,4,61.1,7.16,-4.06
960,2,4,4,61.1,3.693,-2.126
960,3,1,2,121.0,-4.768,10.715
960,3,2,2,121.0,-10.157,12.133
961,1,1,3,238.2,-1.371,1.738
961,1,2,3,238.2,-0.909,-1.081
961,1,3,3,238.2,-0.336,-3.711
961,2,1,6,298.3,-1.244,7.973
961,2,2,6,298.3,0.67,8.863
961,2,3,6,298.3,2.222,9.822
961,2,4,6,298.3,0.679,4.612
961,2,5,6,298.3,2.232,5.371
961,2,6,6,298.3,4.133,6.364
961,3,1,4,182.6,-7.957,-4.695
961,3,2,4,182.6,-7.721,-8.802
961,3,3,4,182.6,-12.003,-4.985
961,3,4,4,182.6,-11.806,-9.07
962,1,1,2,325.5,-16.541,0.294
962,1,2,2,325.5,-11.116,1.178
962,2,1,3,132.6,-10.291,8.568
962,2,2,3,132.6,-13.003,8.553
962,2,3,3,132.6,-15.956,8.797
962,3,1,6,348.8,-2.163,4.53
962,3,2,6,348.8,-1.897,6.577
962,3,3,6,348.8,-1.483,8.509
962,3,4,6,348.8,1.981,3.786
962,3,5,6,348.8,2.222,5.734
962,3,6,6,348.8,2.542,7.796
963,1,1,4,26.1,-4.359,-16.828
963,1,2,4,26.1,-6.074,-13.194
963,1,3,4,26.1,-0.65,-15.04
963,1,4,4,26.1,-2.483,-11.153
963,2,1,6,27.4,5.181,0.852
963,2,2,6,27.4,4.329,2.636
963,2,3,6,27.4,3.313,4.273
963,2,4,6,27.4,8.633,2.516
963,2,5,6,27.4,7.795,4.105
963,2,6,6,27.4,6.936,6.244
963,3,1,5,168.4,-6.405,-3.818
963,3,2,5,168.4,-7.115,-7.737
963,3,3,5,168.4,-8.655,-5.373
963,3,4,5,168.4,-10.338,-3.118
963,3,5,5,168.4,-10.795,-6.824
964,1,1,5,305.5,2.994,15.227
964,1,2,5,305.5,6.139,17.323
964,1,3,5,305.5,5.809,14.702
964,1,4,5,305.5,5.369,11.899
964,1,5,5,305.5,8.514,14.119
964,2,1,2,38.9,-8.333,5.242
964,2,2,2,38.9,-8.029,10.847
964,3,1,5,344.8,-10.33,-4.559
964,3,2,5,344.8,-9.339,-0.475
964,3,3,5,344.8,-7.975,-2.927
964,3,4,5,344.8,-6.48,-5.563
964,3,5,5,344.8,-5.497,-1.693
965,1,1,3,140.0,11.388,2.113
965,1,2,3,140.0,8.309,1.834
965,1,3,3,140.0,5.627,1.658
965,2,1,5,153.9,16.897,-4.492
965,2,2,5,153.9,15.26,-7.883
965,2,3,5,153.9,14.203,-5.216
965,2,4,5,153.9,13.12,-2.709
965,2,5,5,153.9,11.356,-6.317
965,3,1,3,45.4,-14.843,-4.173
965,3,2,3,45.4,-14.559,-1.288
965,3,3,3,45.4,-14.691,1.475
966,1,1,2,35.4,-1.106,-7.671
966,1,2,2,35.4,-0.404,-1.915
966,2,1,2,82.4,-10.033,-3.191
966,2,2,2,82.4,-13.64,1.23
966,3,1,2,200.5,3.571,-11.608
966,3,2,2,200.5,1.099,-16.734
967,1,1,3,30.1,-14.081,-11.316
967,1,2,3,30.1,-13.247,-8.558
967,1,3,3,30.1,-12.523,-5.754
967,2,1,6,54.1,3.734,-7.119
967,2,2,6,54.1,1.789,-5.86
967,2,3,6,54.1,0.626,-4.882
967,2,4,6,54.1,6.096,-3.879
967,2,5,6,54.1,4.301,-2.741
967,2,6,6,54.1,2.889,-1.463
967,3,1,5,333.7,-14.773,2.801
967,3,2,5,333.7,-13.08,6.404
967,3,3,5,333.7,-12.042,3.505
967,3,4,5,333.7,-10.982,0.853
967,3,5,5,333.7,-9.396,4.34
968,1,1,6,129.7,16.386,5.426
968,1,2,6,129.7,14.81,3.876
968,1,3,6,129.7,13.357,2.71
968,1,4,6,129.7,13.705,8.373
968,1,5,6,129.7,12.474,7.104
968,1,6,6,129.7,10.6,5.728
968,2,1,3,142.9,1.282,-7.592
968,2,2,3,142.9,-1.476,-8.074
968,2,3,3,142.9,-4.518,-8.218
968,3,1,3,331.7,-14.492,-10.155
968,3,2,3,331.7,-11.728,-9.25
968,3,3,3,331.7,-9.029,-8.282
969,1,1,2,97.5,4.457,-13.408
969,1,2,2,97.5,-0.016,-9.959
969,2,1,2,13.0,3.26,6.777
969,2,2,2,13.0,6.234,11.424
969,3,1,4,0.4,-11.702,-8.996
969,3,2,4,0.4,-11.722,-4.856
969,3,3,4,0.4,-7.774,-8.951
969,3,4,4,0.4,-7.69,-4.88
970,1,1,4,151.1,4.194,11.762
970,1,2,4,151.1,2.323,8.106
970,1,3,4,151.1,0.645,13.752
970,1,4,4,151.1,-1.468,10.283
970,2,1,6,144.0,-2.273,1.812
970,2,2,6,144.0,-3.534,0.146
970,2,3,6,144.0,-4.737,-1.411
970,2,4,6,144.0,-5.529,4.089
970,2,5,6,144.0,-6.732,2.446
970,2,6,6,144.0,-7.95,0.893
970,3,1,4,84.9,4.385,-9.351
970,3,2,4,84.9,0.423,-9.187
970,3,3,4,84.9,4.733,-5.595
970,3,4,4,84.9,0.815,-5.113
971,1,1,2,199.1,14.851,0.707
971,1,2,2,199.1,12.104,-4.606
971,2,1,1,357.7,-0.205,-14.725
971,3,1,2,138.3,-0.114,10.133
971,3,2,2,138.3,-5.855,9.799
972,1,1,1,261.0,4.446,9.807
972,2,1,4,299.8,-10.496,14.333
972,2,2,4,299.8,-7.107,16.286
972,2,3,4,299.8,-8.591,10.863
972,2,4,4,299.8,-5.125,12.952
972,3,1,5,37.9,12.598,-0.346
972,3,2,5,37.9,10.364,2.748
972,3,3,5,37.9,13.067,2.441
972,3,4,5,37.9,15.758,2.114
972,3,5,5,37.9,13.445,5.261
973,1,1,6,204.3,-11.645,6.289
973,1,2,6,204.3,-10.933,4.35
973,1,3,6,204.3,-10.056,2.706
973,1,4,6,204.3,-15.185,4.857
973,1,5,6,204.3,-14.514,2.933
973,1,6,6,204.3,-13.545,0.969
973,2,1,6,103.4,10.813,8.303
973,2,2,6,103.4,8.981,7.836
973,2,3,6,103.4,7.043,7.405
973,2,4,6,103.4,9.956,12.292
973,2,5,6,103.4,7.907,11.72
973,2,6,6,103.4,6.101,11.243
973,3,1,1,57.9,5.986,-5.499
974,1,1,6,118.7,-5.517,-8.026
974,1,2,6,118.7,-7.224,-8.884
974,1,3,6,118.7,-8.989,-9.887
974,1,4,6,118.7,-7.489,-4.335
974,1,5,6,118.7,-9.139,-5.422
974,1,6,6,118.7,-11.055,-6.305
974,2,1,6,176.3,3.865,-3.911
974,2,2,6,176.3,3.901,-5.985
974,2,3,6,176.3,3.473,-8.064
974,2,4,6,176.3,-0.25,-3.655
974,2,5,6,176.3,-0.436,-5.685
974,2,6,6,176.3,-0.686,-7.631
974,3,1,5,107.9,12.339,-9.627
974,3,2,5,107.9,8.322,-10.786
974,3,3,5,107.9,9.729,-8.13
974,3,4,5,107.9,11.056,-5.864
974,3,5,5,107.9,7.358,-6.915
975,1,1,6,165.3,-4.716,7.686
975,1,2,6,165.3,-5.25,5.819
975,1,3,6,165.3,-5.741,3.768
975,1,4,6,165.3,-8.582,8.841
975,1,5,6,165.3,-8.917,6.819
975,1,6,6,165.3,-9.633,4.903
975,2,1,1,23.3,-6.086,-13.413
975,3,1,6,37.5,-3.568,-3.357
975,3,2,6,37.5,-4.777,-1.756
975,3,3,6,37.5,-5.872,-0.321
975,3,4,6,37.5,-0.36,-0.947
975,3,5,6,37.5,-1.733,0.47
975,3,6,6,37.5,-2.752,2.114
976,1,1,6,351.2,-15.773,-6.606
976,1,2,6,351.2,-15.376,-4.393
976,1,3,6,351.2,-15.088,-2.534
976,1,4,6,351.2,-11.832,-7.331
976,1,5,6,351.2,-11.463,-5.211
976,1,6,6,351.2,-11.149,-3.352
976,2,1,3,121.3,15.179,6.665
976,2,2,3,121.3,12.29,7.587
976,2,3,3,121.3,9.412,8.036
976,3,1,3,102.0,0.701,-9.998
976,3,2,3,102.0,-1.726,-8.451
976,3,3,3,102.0,-4.042,-6.855
977,1,1,6,58.3,8.083,7.523
977,1,2,6,58.3,6.265,8.724
977,1,3,6,58.3,4.599,9.712
977,1,4,6,58.3,9.97,11.041
977,1,5,6,58.3,8.441,12.116
977,1,6,6,58.3,6.728,13.226
977,2,1,2,57.3,15.17,-5.961
977,2,2,2,57.3,14.139,-0.367
977,3,1,2,352.0,-12.123,-13.981
977,3,2,2,352.0,-7.809,-10.452
978,1,1,1,12.7,14.671,1.35
978,2,1,5,5.4,-11.017,-12.519
978,2,2,5,5.4,-11.614,-8.31
978,2,3,5,5.4,-9.209,-10.098
978,2,4,5,5.4,-7.091,-11.834
978,2,5,5,5.4,-7.593,-7.978
978,3,1,1,85.1,-14.259,1.841
979,1,1,3,157.1,-5.444,7.676
979,1,2,3,157.1,-8.195,6.62
979,1,3,3,157.1,-10.582,5.621
979,2,1,6,248.3,-1.967,-9.886
979,2,2,6,248.3,-0.256,-10.763
979,2,3,6,248.3,1.943,-11.417
979,2,4,6,248.3,-3.296,-13.844
979,2,5,6,248.3,-1.73,-14.162
979,2,6,6,248.3,0.323,-15.271
979,3,1,2,304.1,-2.634,13.112
979,3,2,2,304.1,2.834,11.947
980,1,1,1,24.2,15.855,0.205
980,2,1,1,166.3,-8.508,1.515
980,3,1,3,170.4,5.715,-1.376
980,3,2,3,170.4,3.472,-3.156
980,3,3,3,170.4,1.208,-4.854
981,1,1,4,94.4,13.944,-9.711
981,1,2,4,94.4,9.919,-9.865
981,1,3,4,94.4,13.626,-5.381
981,1,4,4,94.4,9.712,-5.988
981,2,1,5,180.6,7.194,12.393
981,2,2,5,180.6,7.156,8.263
981,2,3,5,180.6,5.229,10.396
981,2,4,5,180.6,3.156,12.198
981,2,5,5,180.6,3.242,8.202
981,3,1,3,73.7,0.853,-4.282
981,3,2,3,73.7,-0.675,-1.99
981,3,3,3,73.7,-1.984,0.623
982,1,1,2,64.8,12.436,1.629
982,1,2,2,64.8,10.717,7.245
982,2,1,6,357.2,-5.163,9.376
982,2,2,6,357.2,-4.916,11.229
982,2,3,6,357.2,-4.73,13.354
982,2,4,6,357.2,-1.315,9.095
982,2,5,6,357.2,-0.756,11.136
982,2,6,6,357.2,-1.026,13.021
982,3,1,4,313.3,5.942,-3.937
982,3,2,4,313.3,8.848,-1.175
982,3,3,4,313.3,8.707,-6.855
982,3,4,4,313.3,11.593,-3.966
983,1,1,3,172.2,5.804,5.806
983,1,2,3,172.2,3.432,4.097
983,1,3,3,172.2,1.198,2.416
983,2,1,1,251.6,1.698,-4.686
983,3,1,2,271.7,-13.889,-1.431
983,3,2,2,271.7,-9.596,-5.419
984,1,1,3,290.5,-3.9,7.243
984,1,2,3,290.5,-1.242,6.175
984,1,3,3,290.5,1.335,5.167
984,2,1,2,314.8,-11.766,1.958
984,2,2,2,314.8,-6.228,1.868
984,3,1,5,219.9,0.078,18.26
984,3,2,5,219.9,2.646,15.156
984,3,3,5,219.9,-0.243,15.49
984,3,4,5,219.9,-2.985,15.652
984,3,5,5,219.9,-0.429,12.691
985,1,1,4,82.4,0.096,8.504
985,1,2,4,82.4,-3.983,8.942
985,1,3,4,82.4,0.49,12.422
985,1,4,4,82.4,-3.414,12.964
985,2,1,3,14.5,10.378,-8.373
985,2,2,3,14.5,11.845,-5.832
985,2,3,3,14.5,13.443,-3.602
985,3,1,6,104.6,4.295,-8.377
985,3,2,6,104.6,2.202,-8.972
985,3,3,6,104.6,0.334,-9.407
985,3,4,6,104.6,3.187,-4.833
985,3,5,6,104.6,1.112,-5.117
985,3,6,6,104.6,-0.612,-5.708
986,1,1,5,318.3,7.265,-4.514
986,1,2,5,318.3,9.884,-1.569
986,1,3,5,318.3,10.077,-4.405
986,1,4,5,318.3,10.062,-7.177
986,1,5,5,318.3,12.923,-4.277
986,2,1,5,156.6,3.567,-5.068
986,2,2,5,156.6,1.803,-8.871
986,2,3,5,156.6,0.749,-6.36
986,2,4,5,156.6,-0.409,-3.573
986,2,5,5,156.6,-1.792,-7.317
986,3,1,3,303.8,-17.241,-0.548
986,3,2,3,303.8,-14.658,-1.343
986,3,3,3,303.8,-11.919,-1.721
987,1,1,4,116.2,6.862,14.082
987,1,2,4,116.2,3.567,12.2
987,1,3,4,116.2,5.246,17.757
987,1,4,4,116.2,1.783,16.039
987,2,1,6,267.4,2.548,-2.905
987,2,2,6,267.4,4.475,-2.844
987,2,3,6,267.4,6.379,-2.873
987,2,4,6,267.4,2.189,-6.86
987,2,5,6,267.4,4.132,-6.655
987,2,6,6,267.4,6.333,-6.826
987,3,1,3,227.9,-6.72,12.411
987,3,2,3,227.9,-6.608,9.398
987,3,3,3,227.9,-6.56,6.84
988,1,1,1,54.3,-4.624,1.114
988,2,1,4,141.6,13.042,-1.655
988,2,2,4,141.6,10.63,-4.834
988,2,3,4,141.6,10.128,0.934
988,2,4,4,141.6,7.379,-2.3
988,3,1,3,231.6,8.158,-8.821
988,3,2,3,231.6,8.525,-11.803
988,3,3,3,231.6,8.77,-14.704
989,1,1,1,4.6,5.338,11.777
989,2,1,4,88.4,-4.438,-8.093
989,2,2,4,88.4,-8.396,-8.155
989,2,3,4,88.4,-4.241,-4.193
989,2,4,4,88.4,-8.272,-4.008
989,3,1,4,199.8,12.078,-1.322
989,3,2,4,199.8,13.52,-5.039
989,3,3,4,199.8,8.478,-2.625
989,3,4,4,199.8,9.708,-6.361
990,1,1,1,196.4,-9.871,11.309
990,2,1,1,118.9,9.242,7.572
990,3,1,5,12.6,2.878,-10.851
990,3,2,5,12.6,2.112,-6.711
990,3,3,5,12.6,4.631,-8.223
990,3,4,5,12.6,6.933,-9.897
990,3,5,5,12.6,6.04,-6.01
991,1,1,4,50.6,-9.231,8.559
991,1,2,4,50.6,-12.406,11.228
991,1,3,4,50.6,-6.859,11.648
991,1,4,4,50.6,-9.739,14.262
991,2,1,5,64.6,10.548,-12.913
991,2,2,5,64.6,6.672,-11.306
991,2,3,5,64.6,9.367,-10.117
991,2,4,5,64.6,12.054,-9.21
991,2,5,5,64.6,8.52,-7.462
991,3,1,3,39.1,12.671,2.456
991,3,2,3,39.1,12.787,5.431
991,3,3,3,39.1,13.069,8.26
992,1,1,4,35.0,6.928,-3.707
992,1,2,4,35.0,4.688,-0.41
992,1,3,4,35.0,10.017,-1.222
992,1,4,4,35.0,7.728,2.238
992,2,1,5,123.9,-0.498,-0.698
992,2,2,5,123.9,-3.534,-3.028
992,2,3,5,123.9,-2.957,-0.139
992,2,4,5,123.9,-2.314,2.528
992,2,5,5,123.9,-5.962,0.316
992,3,1,4,69.5,-8.733,6.518
992,3,2,4,69.5,-12.485,7.576
992,3,3,4,69.5,-7.396,10.034
992,3,4,4,69.5,-11.063,11.5
993,1,1,4,335.9,-7.66,-4.029
993,1,2,4,335.9,-5.828,-0.546
993,1,3,4,335.9,-3.965,-5.824
993,1,4,4,335.9,-2.342,-2.084
993,2,1,4,144.9,-9.215,-7.616
993,2,2,4,144.9,-11.451,-11.081
993,2,3,4,144.9,-12.414,-5.23
993,2,4,4,144.9,-14.89,-8.63
993,3,1,6,260.7,13.093,-3.657
993,3,2,6,260.7,14.728,-3.892
993,3,3,6,260.7,16.936,-4.11
993,3,4,6,260.7,12.343,-7.398
993,3,5,6,260.7,14.453,-7.785
993,3,6,6,260.7,16.268,-8.0
994,1,1,5,248.8,4.599,13.656
994,1,2,5,248.8,8.228,12.306
994,1,3,5,248.8,5.767,10.998
994,1,4,5,248.8,3.182,9.837
994,1,5,5,248.8,6.73,8.544
994,2,1,3,212.8,12.174,2.715
994,2,2,3,212.8,11.489,0.045
994,2,3,3,212.8,11.108,-2.868
994,3,1,1,193.1,-5.414,3.621
995,1,1,2,326.3,-3.323,9.784
995,1,2,2,326.3,2.276,10.886
995,2,1,6,127.5,-10.159,5.724
995,2,2,6,127.5,-11.691,4.544
995,2,3,6,127.5,-13.213,3.319
995,2,4,6,127.5,-12.593,8.814
995,2,5,6,127.5,-14.033,7.578
995,2,6,6,127.5,-15.83,6.657
995,3,1,1,181.2,11.659,-6.058
996,1,1,4,100.3,10.736,-5.136
996,1,2,4,100.3,6.855,-6.04
996,1,3,4,100.3,10.004,-1.168
996,1,4,4,100.3,6.329,-1.916
996,2,1,3,58.8,3.093,4.961
996,2,2,3,58.8,2.229,7.692
996,2,3,3,58.8,1.597,10.526
996,3,1,4,355.8,-3.325,-7.308
996,3,2,4,355.8,-3.213,-3.287
996,3,3,4,355.8,0.703,-7.569
996,3,4,4,355.8,0.652,-3.651
997,1,1,3,141.9,-9.365,-2.219
997,1,2,3,141.9,-12.276,-2.49
997,1,3,3,141.9,-15.071,-2.739
997,2,1,6,51.2,-13.893,4.013
997,2,2,6,51.2,-15.657,5.197
997,2,3,6,51.2,-17.078,6.395
997,2,4,6,51.2,-11.463,7.126
997,2,5,6,51.2,-12.996,8.393
997,2,6,6,51.2,-14.481,9.611
997,3,1,5,339.9,-7.703,5.527
997,3,2,5,339.9,-6.173,9.439
997,3,3,5,339.9,-4.86,6.859
997,3,4,5,339.9,-3.613,4.365
997,3,5,5,339.9,-2.601,7.961
998,1,1,4,346.2,0.143,0.133
998,1,2,4,346.2,1.216,3.954
998,1,3,4,346.2,4.081,-1.007
998,1,4,4,346.2,5.031,3.136
998,2,1,6,2.0,8.658,-11.795
998,2,2,6,2.0,8.619,-9.821
998,2,3,6,2.0,8.433,-7.811
998,2,4,6,2.0,12.656,-11.542
998,2,5,6,2.0,12.406,-9.744
998,2,6,6,2.0,12.526,-7.638
998,3,1,4,0.1,-8.805,-11.997
998,3,2,4,0.1,-8.857,-7.945
998,3,3,4,0.1,-4.966,-11.861
998,3,4,4,0.1,-4.88,-7.798
999,1,1,2,272.4,6.012,8.935
999,1,2,2,272.4,10.285,5.076
999,2,1,4,28.5,4.16,-10.571
999,2,2,4,28.5,2.434,-7.053
999,2,3,4,28.5,7.692,-8.76
999,2,4,4,28.5,5.736,-5.402
999,3,1,2,340.7,-7.707,-11.115
999,3,2,2,340.7,-2.588,-8.708
1000,1,1,5,191.4,6.032,-8.235
1000,1,2,5,191.4,6.94,-12.141
1000,1,3,5,191.4,4.597,-10.601
1000,1,4,5,191.4,2.196,-9.144
1000,1,5,5,191.4,3.058,-12.702
1000,2,1,6,159.0,-9.803,8.054
1000,2,2,6,159.0,-10.439,6.222
1000,2,3,6,159.0,-11.065,4.338
1000,2,4,6,159.0,-13.456,9.532
1000,2,5,6,159.0,-14.176,7.721
1000,2,6,6,159.0,-14.63,5.705
1000,3,1,2,283.3,3.71,1.327
1000,3,2,2,283.3,8.45,-1.77
